TimeQuest Timing Analyzer report for century_clock_top
Tue Aug 25 12:50:30 2026
Quartus II 64-Bit Version 13.0.1 Build 232 06/12/2013 Service Pack 1 SJ Web Edition


---------------------
; Table of Contents ;
---------------------
  1. Legal Notice
  2. TimeQuest Timing Analyzer Summary
  3. Parallel Compilation
  4. Clocks
  5. Slow Model Fmax Summary
  6. Slow Model Setup Summary
  7. Slow Model Hold Summary
  8. Slow Model Recovery Summary
  9. Slow Model Removal Summary
 10. Slow Model Minimum Pulse Width Summary
 11. Slow Model Setup: 'clk_50M'
 12. Slow Model Hold: 'clk_50M'
 13. Slow Model Minimum Pulse Width: 'clk_50M'
 14. Setup Times
 15. Hold Times
 16. Clock to Output Times
 17. Minimum Clock to Output Times
 18. Fast Model Setup Summary
 19. Fast Model Hold Summary
 20. Fast Model Recovery Summary
 21. Fast Model Removal Summary
 22. Fast Model Minimum Pulse Width Summary
 23. Fast Model Setup: 'clk_50M'
 24. Fast Model Hold: 'clk_50M'
 25. Fast Model Minimum Pulse Width: 'clk_50M'
 26. Setup Times
 27. Hold Times
 28. Clock to Output Times
 29. Minimum Clock to Output Times
 30. Multicorner Timing Analysis Summary
 31. Setup Times
 32. Hold Times
 33. Clock to Output Times
 34. Minimum Clock to Output Times
 35. Setup Transfers
 36. Hold Transfers
 37. Report TCCS
 38. Report RSKM
 39. Unconstrained Paths
 40. TimeQuest Timing Analyzer Messages



----------------
; Legal Notice ;
----------------
Copyright (C) 1991-2013 Altera Corporation
Your use of Altera Corporation's design tools, logic functions 
and other software and tools, and its AMPP partner logic 
functions, and any output files from any of the foregoing 
(including device programming or simulation files), and any 
associated documentation or information are expressly subject 
to the terms and conditions of the Altera Program License 
Subscription Agreement, Altera MegaCore Function License 
Agreement, or other applicable license agreement, including, 
without limitation, that your use is for the sole purpose of 
programming logic devices manufactured by Altera and sold by 
Altera or its authorized distributors.  Please refer to the 
applicable agreement for further details.



+----------------------------------------------------------------------------------------+
; TimeQuest Timing Analyzer Summary                                                      ;
+--------------------+-------------------------------------------------------------------+
; Quartus II Version ; Version 13.0.1 Build 232 06/12/2013 Service Pack 1 SJ Web Edition ;
; Revision Name      ; century_clock_top                                                 ;
; Device Family      ; Cyclone II                                                        ;
; Device Name        ; EP2C35F672C6                                                      ;
; Timing Models      ; Final                                                             ;
; Delay Model        ; Combined                                                          ;
; Rise/Fall Delays   ; Unavailable                                                       ;
+--------------------+-------------------------------------------------------------------+


Parallel compilation was disabled, but you have multiple processors available. Enable parallel compilation to reduce compilation time.
+-------------------------------------+
; Parallel Compilation                ;
+----------------------------+--------+
; Processors                 ; Number ;
+----------------------------+--------+
; Number detected on machine ; 16     ;
; Maximum allowed            ; 1      ;
+----------------------------+--------+


+-------------------------------------------------------------------------------------------------------------------------------------------------------------------------------------+
; Clocks                                                                                                                                                                              ;
+------------+------+--------+------------+-------+-------+------------+-----------+-------------+-------+--------+-----------+------------+----------+--------+--------+-------------+
; Clock Name ; Type ; Period ; Frequency  ; Rise  ; Fall  ; Duty Cycle ; Divide by ; Multiply by ; Phase ; Offset ; Edge List ; Edge Shift ; Inverted ; Master ; Source ; Targets     ;
+------------+------+--------+------------+-------+-------+------------+-----------+-------------+-------+--------+-----------+------------+----------+--------+--------+-------------+
; clk_50M    ; Base ; 1.000  ; 1000.0 MHz ; 0.000 ; 0.500 ;            ;           ;             ;       ;        ;           ;            ;          ;        ;        ; { clk_50M } ;
+------------+------+--------+------------+-------+-------+------------+-----------+-------------+-------+--------+-----------+------------+----------+--------+--------+-------------+


+-------------------------------------------------+
; Slow Model Fmax Summary                         ;
+-----------+-----------------+------------+------+
; Fmax      ; Restricted Fmax ; Clock Name ; Note ;
+-----------+-----------------+------------+------+
; 208.9 MHz ; 208.9 MHz       ; clk_50M    ;      ;
+-----------+-----------------+------------+------+
This panel reports FMAX for every clock in the design, regardless of the user-specified clock periods.  FMAX is only computed for paths where the source and destination registers or ports are driven by the same clock.  Paths of different clocks, including generated clocks, are ignored.  For paths between a clock and its inversion, FMAX is computed as if the rising and falling edges are scaled along with FMAX, such that the duty cycle (in terms of a percentage) is maintained. Altera recommends that you always use clock constraints and other slack reports for sign-off analysis.


+----------------------------------+
; Slow Model Setup Summary         ;
+---------+--------+---------------+
; Clock   ; Slack  ; End Point TNS ;
+---------+--------+---------------+
; clk_50M ; -3.787 ; -448.468      ;
+---------+--------+---------------+


+---------------------------------+
; Slow Model Hold Summary         ;
+---------+-------+---------------+
; Clock   ; Slack ; End Point TNS ;
+---------+-------+---------------+
; clk_50M ; 0.391 ; 0.000         ;
+---------+-------+---------------+


-------------------------------
; Slow Model Recovery Summary ;
-------------------------------
No paths to report.


------------------------------
; Slow Model Removal Summary ;
------------------------------
No paths to report.


+----------------------------------------+
; Slow Model Minimum Pulse Width Summary ;
+---------+--------+---------------------+
; Clock   ; Slack  ; End Point TNS       ;
+---------+--------+---------------------+
; clk_50M ; -1.380 ; -192.380            ;
+---------+--------+---------------------+


+----------------------------------------------------------------------------------------------------------------------------------------------------------------------------------------------+
; Slow Model Setup: 'clk_50M'                                                                                                                                                                  ;
+--------+-------------------------------------------------------+-------------------------------------------------------+--------------+-------------+--------------+------------+------------+
; Slack  ; From Node                                             ; To Node                                               ; Launch Clock ; Latch Clock ; Relationship ; Clock Skew ; Data Delay ;
+--------+-------------------------------------------------------+-------------------------------------------------------+--------------+-------------+--------------+------------+------------+
; -3.787 ; date_core:date_inst|year_counter:inst_year|year[6]    ; date_core:date_inst|year_counter:inst_year|year[1]    ; clk_50M      ; clk_50M     ; 1.000        ; 0.000      ; 4.823      ;
; -3.787 ; date_core:date_inst|year_counter:inst_year|year[6]    ; date_core:date_inst|year_counter:inst_year|year[2]    ; clk_50M      ; clk_50M     ; 1.000        ; 0.000      ; 4.823      ;
; -3.787 ; date_core:date_inst|year_counter:inst_year|year[6]    ; date_core:date_inst|year_counter:inst_year|year[3]    ; clk_50M      ; clk_50M     ; 1.000        ; 0.000      ; 4.823      ;
; -3.787 ; date_core:date_inst|year_counter:inst_year|year[6]    ; date_core:date_inst|year_counter:inst_year|year[4]    ; clk_50M      ; clk_50M     ; 1.000        ; 0.000      ; 4.823      ;
; -3.787 ; date_core:date_inst|year_counter:inst_year|year[6]    ; date_core:date_inst|year_counter:inst_year|year[6]    ; clk_50M      ; clk_50M     ; 1.000        ; 0.000      ; 4.823      ;
; -3.787 ; date_core:date_inst|year_counter:inst_year|year[6]    ; date_core:date_inst|year_counter:inst_year|year[0]    ; clk_50M      ; clk_50M     ; 1.000        ; 0.000      ; 4.823      ;
; -3.787 ; date_core:date_inst|year_counter:inst_year|year[6]    ; date_core:date_inst|year_counter:inst_year|year[5]    ; clk_50M      ; clk_50M     ; 1.000        ; 0.000      ; 4.823      ;
; -3.770 ; date_core:date_inst|year_counter:inst_year|year[6]    ; date_core:date_inst|year_counter:inst_year|century[0] ; clk_50M      ; clk_50M     ; 1.000        ; -0.004     ; 4.802      ;
; -3.770 ; date_core:date_inst|year_counter:inst_year|year[6]    ; date_core:date_inst|year_counter:inst_year|century[2] ; clk_50M      ; clk_50M     ; 1.000        ; -0.004     ; 4.802      ;
; -3.770 ; date_core:date_inst|year_counter:inst_year|year[6]    ; date_core:date_inst|year_counter:inst_year|century[5] ; clk_50M      ; clk_50M     ; 1.000        ; -0.004     ; 4.802      ;
; -3.770 ; date_core:date_inst|year_counter:inst_year|year[6]    ; date_core:date_inst|year_counter:inst_year|century[6] ; clk_50M      ; clk_50M     ; 1.000        ; -0.004     ; 4.802      ;
; -3.770 ; date_core:date_inst|year_counter:inst_year|year[6]    ; date_core:date_inst|year_counter:inst_year|century[3] ; clk_50M      ; clk_50M     ; 1.000        ; -0.004     ; 4.802      ;
; -3.770 ; date_core:date_inst|year_counter:inst_year|year[6]    ; date_core:date_inst|year_counter:inst_year|century[1] ; clk_50M      ; clk_50M     ; 1.000        ; -0.004     ; 4.802      ;
; -3.770 ; date_core:date_inst|year_counter:inst_year|year[6]    ; date_core:date_inst|year_counter:inst_year|century[4] ; clk_50M      ; clk_50M     ; 1.000        ; -0.004     ; 4.802      ;
; -3.750 ; date_core:date_inst|year_counter:inst_year|year[3]    ; date_core:date_inst|year_counter:inst_year|year[1]    ; clk_50M      ; clk_50M     ; 1.000        ; 0.000      ; 4.786      ;
; -3.750 ; date_core:date_inst|year_counter:inst_year|year[3]    ; date_core:date_inst|year_counter:inst_year|year[2]    ; clk_50M      ; clk_50M     ; 1.000        ; 0.000      ; 4.786      ;
; -3.750 ; date_core:date_inst|year_counter:inst_year|year[3]    ; date_core:date_inst|year_counter:inst_year|year[3]    ; clk_50M      ; clk_50M     ; 1.000        ; 0.000      ; 4.786      ;
; -3.750 ; date_core:date_inst|year_counter:inst_year|year[3]    ; date_core:date_inst|year_counter:inst_year|year[4]    ; clk_50M      ; clk_50M     ; 1.000        ; 0.000      ; 4.786      ;
; -3.750 ; date_core:date_inst|year_counter:inst_year|year[3]    ; date_core:date_inst|year_counter:inst_year|year[6]    ; clk_50M      ; clk_50M     ; 1.000        ; 0.000      ; 4.786      ;
; -3.750 ; date_core:date_inst|year_counter:inst_year|year[3]    ; date_core:date_inst|year_counter:inst_year|year[0]    ; clk_50M      ; clk_50M     ; 1.000        ; 0.000      ; 4.786      ;
; -3.750 ; date_core:date_inst|year_counter:inst_year|year[3]    ; date_core:date_inst|year_counter:inst_year|year[5]    ; clk_50M      ; clk_50M     ; 1.000        ; 0.000      ; 4.786      ;
; -3.733 ; date_core:date_inst|year_counter:inst_year|year[3]    ; date_core:date_inst|year_counter:inst_year|century[0] ; clk_50M      ; clk_50M     ; 1.000        ; -0.004     ; 4.765      ;
; -3.733 ; date_core:date_inst|year_counter:inst_year|year[3]    ; date_core:date_inst|year_counter:inst_year|century[2] ; clk_50M      ; clk_50M     ; 1.000        ; -0.004     ; 4.765      ;
; -3.733 ; date_core:date_inst|year_counter:inst_year|year[3]    ; date_core:date_inst|year_counter:inst_year|century[5] ; clk_50M      ; clk_50M     ; 1.000        ; -0.004     ; 4.765      ;
; -3.733 ; date_core:date_inst|year_counter:inst_year|year[3]    ; date_core:date_inst|year_counter:inst_year|century[6] ; clk_50M      ; clk_50M     ; 1.000        ; -0.004     ; 4.765      ;
; -3.733 ; date_core:date_inst|year_counter:inst_year|year[3]    ; date_core:date_inst|year_counter:inst_year|century[3] ; clk_50M      ; clk_50M     ; 1.000        ; -0.004     ; 4.765      ;
; -3.733 ; date_core:date_inst|year_counter:inst_year|year[3]    ; date_core:date_inst|year_counter:inst_year|century[1] ; clk_50M      ; clk_50M     ; 1.000        ; -0.004     ; 4.765      ;
; -3.733 ; date_core:date_inst|year_counter:inst_year|year[3]    ; date_core:date_inst|year_counter:inst_year|century[4] ; clk_50M      ; clk_50M     ; 1.000        ; -0.004     ; 4.765      ;
; -3.707 ; time_core:time_inst|counter_60:inst_minute|val[5]     ; date_core:date_inst|year_counter:inst_year|year[1]    ; clk_50M      ; clk_50M     ; 1.000        ; -0.011     ; 4.732      ;
; -3.707 ; time_core:time_inst|counter_60:inst_minute|val[5]     ; date_core:date_inst|year_counter:inst_year|year[2]    ; clk_50M      ; clk_50M     ; 1.000        ; -0.011     ; 4.732      ;
; -3.707 ; time_core:time_inst|counter_60:inst_minute|val[5]     ; date_core:date_inst|year_counter:inst_year|year[3]    ; clk_50M      ; clk_50M     ; 1.000        ; -0.011     ; 4.732      ;
; -3.707 ; time_core:time_inst|counter_60:inst_minute|val[5]     ; date_core:date_inst|year_counter:inst_year|year[4]    ; clk_50M      ; clk_50M     ; 1.000        ; -0.011     ; 4.732      ;
; -3.707 ; time_core:time_inst|counter_60:inst_minute|val[5]     ; date_core:date_inst|year_counter:inst_year|year[6]    ; clk_50M      ; clk_50M     ; 1.000        ; -0.011     ; 4.732      ;
; -3.707 ; time_core:time_inst|counter_60:inst_minute|val[5]     ; date_core:date_inst|year_counter:inst_year|year[0]    ; clk_50M      ; clk_50M     ; 1.000        ; -0.011     ; 4.732      ;
; -3.707 ; time_core:time_inst|counter_60:inst_minute|val[5]     ; date_core:date_inst|year_counter:inst_year|year[5]    ; clk_50M      ; clk_50M     ; 1.000        ; -0.011     ; 4.732      ;
; -3.690 ; date_core:date_inst|year_counter:inst_year|year[6]    ; date_core:date_inst|month_counter:inst_month|month[1] ; clk_50M      ; clk_50M     ; 1.000        ; 0.006      ; 4.732      ;
; -3.690 ; date_core:date_inst|year_counter:inst_year|year[6]    ; date_core:date_inst|month_counter:inst_month|month[2] ; clk_50M      ; clk_50M     ; 1.000        ; 0.006      ; 4.732      ;
; -3.690 ; date_core:date_inst|year_counter:inst_year|year[6]    ; date_core:date_inst|month_counter:inst_month|month[3] ; clk_50M      ; clk_50M     ; 1.000        ; 0.006      ; 4.732      ;
; -3.690 ; time_core:time_inst|counter_60:inst_minute|val[5]     ; date_core:date_inst|year_counter:inst_year|century[0] ; clk_50M      ; clk_50M     ; 1.000        ; -0.015     ; 4.711      ;
; -3.690 ; time_core:time_inst|counter_60:inst_minute|val[5]     ; date_core:date_inst|year_counter:inst_year|century[2] ; clk_50M      ; clk_50M     ; 1.000        ; -0.015     ; 4.711      ;
; -3.690 ; time_core:time_inst|counter_60:inst_minute|val[5]     ; date_core:date_inst|year_counter:inst_year|century[5] ; clk_50M      ; clk_50M     ; 1.000        ; -0.015     ; 4.711      ;
; -3.690 ; time_core:time_inst|counter_60:inst_minute|val[5]     ; date_core:date_inst|year_counter:inst_year|century[6] ; clk_50M      ; clk_50M     ; 1.000        ; -0.015     ; 4.711      ;
; -3.690 ; time_core:time_inst|counter_60:inst_minute|val[5]     ; date_core:date_inst|year_counter:inst_year|century[3] ; clk_50M      ; clk_50M     ; 1.000        ; -0.015     ; 4.711      ;
; -3.690 ; time_core:time_inst|counter_60:inst_minute|val[5]     ; date_core:date_inst|year_counter:inst_year|century[1] ; clk_50M      ; clk_50M     ; 1.000        ; -0.015     ; 4.711      ;
; -3.690 ; time_core:time_inst|counter_60:inst_minute|val[5]     ; date_core:date_inst|year_counter:inst_year|century[4] ; clk_50M      ; clk_50M     ; 1.000        ; -0.015     ; 4.711      ;
; -3.687 ; time_core:time_inst|counter_60:inst_minute|val[3]     ; date_core:date_inst|year_counter:inst_year|year[1]    ; clk_50M      ; clk_50M     ; 1.000        ; -0.011     ; 4.712      ;
; -3.687 ; time_core:time_inst|counter_60:inst_minute|val[3]     ; date_core:date_inst|year_counter:inst_year|year[2]    ; clk_50M      ; clk_50M     ; 1.000        ; -0.011     ; 4.712      ;
; -3.687 ; time_core:time_inst|counter_60:inst_minute|val[3]     ; date_core:date_inst|year_counter:inst_year|year[3]    ; clk_50M      ; clk_50M     ; 1.000        ; -0.011     ; 4.712      ;
; -3.687 ; time_core:time_inst|counter_60:inst_minute|val[3]     ; date_core:date_inst|year_counter:inst_year|year[4]    ; clk_50M      ; clk_50M     ; 1.000        ; -0.011     ; 4.712      ;
; -3.687 ; time_core:time_inst|counter_60:inst_minute|val[3]     ; date_core:date_inst|year_counter:inst_year|year[6]    ; clk_50M      ; clk_50M     ; 1.000        ; -0.011     ; 4.712      ;
; -3.687 ; time_core:time_inst|counter_60:inst_minute|val[3]     ; date_core:date_inst|year_counter:inst_year|year[0]    ; clk_50M      ; clk_50M     ; 1.000        ; -0.011     ; 4.712      ;
; -3.687 ; time_core:time_inst|counter_60:inst_minute|val[3]     ; date_core:date_inst|year_counter:inst_year|year[5]    ; clk_50M      ; clk_50M     ; 1.000        ; -0.011     ; 4.712      ;
; -3.673 ; date_core:date_inst|month_counter:inst_month|month[3] ; date_core:date_inst|year_counter:inst_year|year[1]    ; clk_50M      ; clk_50M     ; 1.000        ; -0.006     ; 4.703      ;
; -3.673 ; date_core:date_inst|month_counter:inst_month|month[3] ; date_core:date_inst|year_counter:inst_year|year[2]    ; clk_50M      ; clk_50M     ; 1.000        ; -0.006     ; 4.703      ;
; -3.673 ; date_core:date_inst|month_counter:inst_month|month[3] ; date_core:date_inst|year_counter:inst_year|year[3]    ; clk_50M      ; clk_50M     ; 1.000        ; -0.006     ; 4.703      ;
; -3.673 ; date_core:date_inst|month_counter:inst_month|month[3] ; date_core:date_inst|year_counter:inst_year|year[4]    ; clk_50M      ; clk_50M     ; 1.000        ; -0.006     ; 4.703      ;
; -3.673 ; date_core:date_inst|month_counter:inst_month|month[3] ; date_core:date_inst|year_counter:inst_year|year[6]    ; clk_50M      ; clk_50M     ; 1.000        ; -0.006     ; 4.703      ;
; -3.673 ; date_core:date_inst|month_counter:inst_month|month[3] ; date_core:date_inst|year_counter:inst_year|year[0]    ; clk_50M      ; clk_50M     ; 1.000        ; -0.006     ; 4.703      ;
; -3.673 ; date_core:date_inst|month_counter:inst_month|month[3] ; date_core:date_inst|year_counter:inst_year|year[5]    ; clk_50M      ; clk_50M     ; 1.000        ; -0.006     ; 4.703      ;
; -3.670 ; time_core:time_inst|counter_60:inst_minute|val[3]     ; date_core:date_inst|year_counter:inst_year|century[0] ; clk_50M      ; clk_50M     ; 1.000        ; -0.015     ; 4.691      ;
; -3.670 ; time_core:time_inst|counter_60:inst_minute|val[3]     ; date_core:date_inst|year_counter:inst_year|century[2] ; clk_50M      ; clk_50M     ; 1.000        ; -0.015     ; 4.691      ;
; -3.670 ; time_core:time_inst|counter_60:inst_minute|val[3]     ; date_core:date_inst|year_counter:inst_year|century[5] ; clk_50M      ; clk_50M     ; 1.000        ; -0.015     ; 4.691      ;
; -3.670 ; time_core:time_inst|counter_60:inst_minute|val[3]     ; date_core:date_inst|year_counter:inst_year|century[6] ; clk_50M      ; clk_50M     ; 1.000        ; -0.015     ; 4.691      ;
; -3.670 ; time_core:time_inst|counter_60:inst_minute|val[3]     ; date_core:date_inst|year_counter:inst_year|century[3] ; clk_50M      ; clk_50M     ; 1.000        ; -0.015     ; 4.691      ;
; -3.670 ; time_core:time_inst|counter_60:inst_minute|val[3]     ; date_core:date_inst|year_counter:inst_year|century[1] ; clk_50M      ; clk_50M     ; 1.000        ; -0.015     ; 4.691      ;
; -3.670 ; time_core:time_inst|counter_60:inst_minute|val[3]     ; date_core:date_inst|year_counter:inst_year|century[4] ; clk_50M      ; clk_50M     ; 1.000        ; -0.015     ; 4.691      ;
; -3.663 ; time_core:time_inst|counter_60:inst_second|val[4]     ; date_core:date_inst|year_counter:inst_year|year[1]    ; clk_50M      ; clk_50M     ; 1.000        ; 0.006      ; 4.705      ;
; -3.663 ; time_core:time_inst|counter_60:inst_second|val[4]     ; date_core:date_inst|year_counter:inst_year|year[2]    ; clk_50M      ; clk_50M     ; 1.000        ; 0.006      ; 4.705      ;
; -3.663 ; time_core:time_inst|counter_60:inst_second|val[4]     ; date_core:date_inst|year_counter:inst_year|year[3]    ; clk_50M      ; clk_50M     ; 1.000        ; 0.006      ; 4.705      ;
; -3.663 ; time_core:time_inst|counter_60:inst_second|val[4]     ; date_core:date_inst|year_counter:inst_year|year[4]    ; clk_50M      ; clk_50M     ; 1.000        ; 0.006      ; 4.705      ;
; -3.663 ; time_core:time_inst|counter_60:inst_second|val[4]     ; date_core:date_inst|year_counter:inst_year|year[6]    ; clk_50M      ; clk_50M     ; 1.000        ; 0.006      ; 4.705      ;
; -3.663 ; time_core:time_inst|counter_60:inst_second|val[4]     ; date_core:date_inst|year_counter:inst_year|year[0]    ; clk_50M      ; clk_50M     ; 1.000        ; 0.006      ; 4.705      ;
; -3.663 ; time_core:time_inst|counter_60:inst_second|val[4]     ; date_core:date_inst|year_counter:inst_year|year[5]    ; clk_50M      ; clk_50M     ; 1.000        ; 0.006      ; 4.705      ;
; -3.656 ; date_core:date_inst|month_counter:inst_month|month[3] ; date_core:date_inst|year_counter:inst_year|century[0] ; clk_50M      ; clk_50M     ; 1.000        ; -0.010     ; 4.682      ;
; -3.656 ; date_core:date_inst|month_counter:inst_month|month[3] ; date_core:date_inst|year_counter:inst_year|century[2] ; clk_50M      ; clk_50M     ; 1.000        ; -0.010     ; 4.682      ;
; -3.656 ; date_core:date_inst|month_counter:inst_month|month[3] ; date_core:date_inst|year_counter:inst_year|century[5] ; clk_50M      ; clk_50M     ; 1.000        ; -0.010     ; 4.682      ;
; -3.656 ; date_core:date_inst|month_counter:inst_month|month[3] ; date_core:date_inst|year_counter:inst_year|century[6] ; clk_50M      ; clk_50M     ; 1.000        ; -0.010     ; 4.682      ;
; -3.656 ; date_core:date_inst|month_counter:inst_month|month[3] ; date_core:date_inst|year_counter:inst_year|century[3] ; clk_50M      ; clk_50M     ; 1.000        ; -0.010     ; 4.682      ;
; -3.656 ; date_core:date_inst|month_counter:inst_month|month[3] ; date_core:date_inst|year_counter:inst_year|century[1] ; clk_50M      ; clk_50M     ; 1.000        ; -0.010     ; 4.682      ;
; -3.656 ; date_core:date_inst|month_counter:inst_month|month[3] ; date_core:date_inst|year_counter:inst_year|century[4] ; clk_50M      ; clk_50M     ; 1.000        ; -0.010     ; 4.682      ;
; -3.653 ; date_core:date_inst|year_counter:inst_year|year[3]    ; date_core:date_inst|month_counter:inst_month|month[1] ; clk_50M      ; clk_50M     ; 1.000        ; 0.006      ; 4.695      ;
; -3.653 ; date_core:date_inst|year_counter:inst_year|year[3]    ; date_core:date_inst|month_counter:inst_month|month[2] ; clk_50M      ; clk_50M     ; 1.000        ; 0.006      ; 4.695      ;
; -3.653 ; date_core:date_inst|year_counter:inst_year|year[3]    ; date_core:date_inst|month_counter:inst_month|month[3] ; clk_50M      ; clk_50M     ; 1.000        ; 0.006      ; 4.695      ;
; -3.646 ; time_core:time_inst|counter_60:inst_second|val[4]     ; date_core:date_inst|year_counter:inst_year|century[0] ; clk_50M      ; clk_50M     ; 1.000        ; 0.002      ; 4.684      ;
; -3.646 ; time_core:time_inst|counter_60:inst_second|val[4]     ; date_core:date_inst|year_counter:inst_year|century[2] ; clk_50M      ; clk_50M     ; 1.000        ; 0.002      ; 4.684      ;
; -3.646 ; time_core:time_inst|counter_60:inst_second|val[4]     ; date_core:date_inst|year_counter:inst_year|century[5] ; clk_50M      ; clk_50M     ; 1.000        ; 0.002      ; 4.684      ;
; -3.646 ; time_core:time_inst|counter_60:inst_second|val[4]     ; date_core:date_inst|year_counter:inst_year|century[6] ; clk_50M      ; clk_50M     ; 1.000        ; 0.002      ; 4.684      ;
; -3.646 ; time_core:time_inst|counter_60:inst_second|val[4]     ; date_core:date_inst|year_counter:inst_year|century[3] ; clk_50M      ; clk_50M     ; 1.000        ; 0.002      ; 4.684      ;
; -3.646 ; time_core:time_inst|counter_60:inst_second|val[4]     ; date_core:date_inst|year_counter:inst_year|century[1] ; clk_50M      ; clk_50M     ; 1.000        ; 0.002      ; 4.684      ;
; -3.646 ; time_core:time_inst|counter_60:inst_second|val[4]     ; date_core:date_inst|year_counter:inst_year|century[4] ; clk_50M      ; clk_50M     ; 1.000        ; 0.002      ; 4.684      ;
; -3.643 ; date_core:date_inst|month_counter:inst_month|month[2] ; date_core:date_inst|year_counter:inst_year|year[1]    ; clk_50M      ; clk_50M     ; 1.000        ; -0.006     ; 4.673      ;
; -3.643 ; date_core:date_inst|month_counter:inst_month|month[2] ; date_core:date_inst|year_counter:inst_year|year[2]    ; clk_50M      ; clk_50M     ; 1.000        ; -0.006     ; 4.673      ;
; -3.643 ; date_core:date_inst|month_counter:inst_month|month[2] ; date_core:date_inst|year_counter:inst_year|year[3]    ; clk_50M      ; clk_50M     ; 1.000        ; -0.006     ; 4.673      ;
; -3.643 ; date_core:date_inst|month_counter:inst_month|month[2] ; date_core:date_inst|year_counter:inst_year|year[4]    ; clk_50M      ; clk_50M     ; 1.000        ; -0.006     ; 4.673      ;
; -3.643 ; date_core:date_inst|month_counter:inst_month|month[2] ; date_core:date_inst|year_counter:inst_year|year[6]    ; clk_50M      ; clk_50M     ; 1.000        ; -0.006     ; 4.673      ;
; -3.643 ; date_core:date_inst|month_counter:inst_month|month[2] ; date_core:date_inst|year_counter:inst_year|year[0]    ; clk_50M      ; clk_50M     ; 1.000        ; -0.006     ; 4.673      ;
; -3.643 ; date_core:date_inst|month_counter:inst_month|month[2] ; date_core:date_inst|year_counter:inst_year|year[5]    ; clk_50M      ; clk_50M     ; 1.000        ; -0.006     ; 4.673      ;
; -3.626 ; date_core:date_inst|month_counter:inst_month|month[2] ; date_core:date_inst|year_counter:inst_year|century[0] ; clk_50M      ; clk_50M     ; 1.000        ; -0.010     ; 4.652      ;
; -3.626 ; date_core:date_inst|month_counter:inst_month|month[2] ; date_core:date_inst|year_counter:inst_year|century[2] ; clk_50M      ; clk_50M     ; 1.000        ; -0.010     ; 4.652      ;
; -3.626 ; date_core:date_inst|month_counter:inst_month|month[2] ; date_core:date_inst|year_counter:inst_year|century[5] ; clk_50M      ; clk_50M     ; 1.000        ; -0.010     ; 4.652      ;
+--------+-------------------------------------------------------+-------------------------------------------------------+--------------+-------------+--------------+------------+------------+


+---------------------------------------------------------------------------------------------------------------------------------------------------------------------------------------------+
; Slow Model Hold: 'clk_50M'                                                                                                                                                                  ;
+-------+-------------------------------------------------------+-------------------------------------------------------+--------------+-------------+--------------+------------+------------+
; Slack ; From Node                                             ; To Node                                               ; Launch Clock ; Latch Clock ; Relationship ; Clock Skew ; Data Delay ;
+-------+-------------------------------------------------------+-------------------------------------------------------+--------------+-------------+--------------+------------+------------+
; 0.391 ; debounce:debounce_mode|button_out                     ; debounce:debounce_mode|button_out                     ; clk_50M      ; clk_50M     ; 0.000        ; 0.000      ; 0.657      ;
; 0.391 ; mode_control:mode_fsm|current_state[0]                ; mode_control:mode_fsm|current_state[0]                ; clk_50M      ; clk_50M     ; 0.000        ; 0.000      ; 0.657      ;
; 0.391 ; mode_control:mode_fsm|current_state[1]                ; mode_control:mode_fsm|current_state[1]                ; clk_50M      ; clk_50M     ; 0.000        ; 0.000      ; 0.657      ;
; 0.391 ; mode_control:mode_fsm|current_state[2]                ; mode_control:mode_fsm|current_state[2]                ; clk_50M      ; clk_50M     ; 0.000        ; 0.000      ; 0.657      ;
; 0.391 ; debounce:debounce_inc|button_out                      ; debounce:debounce_inc|button_out                      ; clk_50M      ; clk_50M     ; 0.000        ; 0.000      ; 0.657      ;
; 0.391 ; debounce:debounce_rst_num|button_out                  ; debounce:debounce_rst_num|button_out                  ; clk_50M      ; clk_50M     ; 0.000        ; 0.000      ; 0.657      ;
; 0.391 ; debounce:debounce_dec|button_out                      ; debounce:debounce_dec|button_out                      ; clk_50M      ; clk_50M     ; 0.000        ; 0.000      ; 0.657      ;
; 0.391 ; date_core:date_inst|month_counter:inst_month|month[1] ; date_core:date_inst|month_counter:inst_month|month[1] ; clk_50M      ; clk_50M     ; 0.000        ; 0.000      ; 0.657      ;
; 0.391 ; display_control:inst_display|auto_page                ; display_control:inst_display|auto_page                ; clk_50M      ; clk_50M     ; 0.000        ; 0.000      ; 0.657      ;
; 0.391 ; tick_generator_1hz:tick_gen|blink_1HZ                 ; tick_generator_1hz:tick_gen|blink_1HZ                 ; clk_50M      ; clk_50M     ; 0.000        ; 0.000      ; 0.657      ;
; 0.530 ; debounce:debounce_mode|counter[19]                    ; debounce:debounce_mode|counter[19]                    ; clk_50M      ; clk_50M     ; 0.000        ; 0.000      ; 0.796      ;
; 0.533 ; debounce:debounce_inc|counter[19]                     ; debounce:debounce_inc|counter[19]                     ; clk_50M      ; clk_50M     ; 0.000        ; 0.000      ; 0.799      ;
; 0.534 ; debounce:debounce_rst_num|counter[19]                 ; debounce:debounce_rst_num|counter[19]                 ; clk_50M      ; clk_50M     ; 0.000        ; 0.000      ; 0.800      ;
; 0.535 ; edge_detector:ed_mode|btn_sync                        ; mode_control:mode_fsm|current_state[2]                ; clk_50M      ; clk_50M     ; 0.000        ; 0.000      ; 0.801      ;
; 0.538 ; time_core:time_inst|counter_60:inst_second|val[5]     ; time_core:time_inst|counter_60:inst_second|val[5]     ; clk_50M      ; clk_50M     ; 0.000        ; 0.000      ; 0.804      ;
; 0.538 ; debounce:debounce_dec|counter[19]                     ; debounce:debounce_dec|counter[19]                     ; clk_50M      ; clk_50M     ; 0.000        ; 0.000      ; 0.804      ;
; 0.656 ; debounce:debounce_rst_num|button_sync_0               ; debounce:debounce_rst_num|button_sync_1               ; clk_50M      ; clk_50M     ; 0.000        ; 0.000      ; 0.922      ;
; 0.696 ; debounce:debounce_dec|button_sync_0                   ; debounce:debounce_dec|button_sync_1                   ; clk_50M      ; clk_50M     ; 0.000        ; 0.000      ; 0.962      ;
; 0.711 ; debounce:debounce_mode|button_sync_1                  ; debounce:debounce_mode|button_out                     ; clk_50M      ; clk_50M     ; 0.000        ; -0.001     ; 0.976      ;
; 0.763 ; mode_control:mode_fsm|current_state[0]                ; mode_control:mode_fsm|current_state[1]                ; clk_50M      ; clk_50M     ; 0.000        ; 0.000      ; 1.029      ;
; 0.788 ; debounce:debounce_inc|counter[1]                      ; debounce:debounce_inc|counter[1]                      ; clk_50M      ; clk_50M     ; 0.000        ; 0.000      ; 1.054      ;
; 0.788 ; debounce:debounce_rst_num|counter[1]                  ; debounce:debounce_rst_num|counter[1]                  ; clk_50M      ; clk_50M     ; 0.000        ; 0.000      ; 1.054      ;
; 0.788 ; debounce:debounce_dec|counter[1]                      ; debounce:debounce_dec|counter[1]                      ; clk_50M      ; clk_50M     ; 0.000        ; 0.000      ; 1.054      ;
; 0.794 ; debounce:debounce_inc|counter[3]                      ; debounce:debounce_inc|counter[3]                      ; clk_50M      ; clk_50M     ; 0.000        ; 0.000      ; 1.060      ;
; 0.794 ; debounce:debounce_rst_num|counter[3]                  ; debounce:debounce_rst_num|counter[3]                  ; clk_50M      ; clk_50M     ; 0.000        ; 0.000      ; 1.060      ;
; 0.794 ; debounce:debounce_dec|counter[3]                      ; debounce:debounce_dec|counter[3]                      ; clk_50M      ; clk_50M     ; 0.000        ; 0.000      ; 1.060      ;
; 0.795 ; debounce:debounce_mode|counter[1]                     ; debounce:debounce_mode|counter[1]                     ; clk_50M      ; clk_50M     ; 0.000        ; 0.000      ; 1.061      ;
; 0.795 ; debounce:debounce_inc|counter[5]                      ; debounce:debounce_inc|counter[5]                      ; clk_50M      ; clk_50M     ; 0.000        ; 0.000      ; 1.061      ;
; 0.795 ; debounce:debounce_rst_num|counter[5]                  ; debounce:debounce_rst_num|counter[5]                  ; clk_50M      ; clk_50M     ; 0.000        ; 0.000      ; 1.061      ;
; 0.795 ; debounce:debounce_dec|counter[5]                      ; debounce:debounce_dec|counter[5]                      ; clk_50M      ; clk_50M     ; 0.000        ; 0.000      ; 1.061      ;
; 0.795 ; tick_generator_1hz:tick_gen|blink_counter[23]         ; tick_generator_1hz:tick_gen|blink_counter[23]         ; clk_50M      ; clk_50M     ; 0.000        ; 0.000      ; 1.061      ;
; 0.796 ; debounce:debounce_mode|counter[10]                    ; debounce:debounce_mode|counter[10]                    ; clk_50M      ; clk_50M     ; 0.000        ; 0.000      ; 1.062      ;
; 0.796 ; debounce:debounce_rst_num|counter[10]                 ; debounce:debounce_rst_num|counter[10]                 ; clk_50M      ; clk_50M     ; 0.000        ; 0.000      ; 1.062      ;
; 0.796 ; debounce:debounce_dec|counter[10]                     ; debounce:debounce_dec|counter[10]                     ; clk_50M      ; clk_50M     ; 0.000        ; 0.000      ; 1.062      ;
; 0.797 ; debounce:debounce_inc|counter[10]                     ; debounce:debounce_inc|counter[10]                     ; clk_50M      ; clk_50M     ; 0.000        ; 0.000      ; 1.063      ;
; 0.798 ; debounce:debounce_mode|counter[3]                     ; debounce:debounce_mode|counter[3]                     ; clk_50M      ; clk_50M     ; 0.000        ; 0.000      ; 1.064      ;
; 0.799 ; debounce:debounce_mode|counter[5]                     ; debounce:debounce_mode|counter[5]                     ; clk_50M      ; clk_50M     ; 0.000        ; 0.000      ; 1.065      ;
; 0.801 ; tick_generator_1hz:tick_gen|counter_value[24]         ; tick_generator_1hz:tick_gen|counter_value[24]         ; clk_50M      ; clk_50M     ; 0.000        ; 0.000      ; 1.067      ;
; 0.804 ; debounce:debounce_mode|counter[11]                    ; debounce:debounce_mode|counter[11]                    ; clk_50M      ; clk_50M     ; 0.000        ; 0.000      ; 1.070      ;
; 0.805 ; tick_generator_1hz:tick_gen|counter_value[6]          ; tick_generator_1hz:tick_gen|counter_value[6]          ; clk_50M      ; clk_50M     ; 0.000        ; 0.000      ; 1.071      ;
; 0.805 ; tick_generator_1hz:tick_gen|counter_value[8]          ; tick_generator_1hz:tick_gen|counter_value[8]          ; clk_50M      ; clk_50M     ; 0.000        ; 0.000      ; 1.071      ;
; 0.806 ; tick_generator_1hz:tick_gen|counter_value[4]          ; tick_generator_1hz:tick_gen|counter_value[4]          ; clk_50M      ; clk_50M     ; 0.000        ; 0.000      ; 1.072      ;
; 0.806 ; tick_generator_1hz:tick_gen|counter_value[11]         ; tick_generator_1hz:tick_gen|counter_value[11]         ; clk_50M      ; clk_50M     ; 0.000        ; 0.000      ; 1.072      ;
; 0.806 ; debounce:debounce_inc|counter[11]                     ; debounce:debounce_inc|counter[11]                     ; clk_50M      ; clk_50M     ; 0.000        ; 0.000      ; 1.072      ;
; 0.806 ; tick_generator_1hz:tick_gen|blink_counter[3]          ; tick_generator_1hz:tick_gen|blink_counter[3]          ; clk_50M      ; clk_50M     ; 0.000        ; 0.000      ; 1.072      ;
; 0.806 ; tick_generator_1hz:tick_gen|blink_counter[9]          ; tick_generator_1hz:tick_gen|blink_counter[9]          ; clk_50M      ; clk_50M     ; 0.000        ; 0.000      ; 1.072      ;
; 0.806 ; tick_generator_1hz:tick_gen|blink_counter[10]         ; tick_generator_1hz:tick_gen|blink_counter[10]         ; clk_50M      ; clk_50M     ; 0.000        ; 0.000      ; 1.072      ;
; 0.807 ; debounce:debounce_rst_num|counter[11]                 ; debounce:debounce_rst_num|counter[11]                 ; clk_50M      ; clk_50M     ; 0.000        ; 0.000      ; 1.073      ;
; 0.807 ; debounce:debounce_dec|button_sync_1                   ; debounce:debounce_dec|button_out                      ; clk_50M      ; clk_50M     ; 0.000        ; 0.000      ; 1.073      ;
; 0.808 ; tick_generator_1hz:tick_gen|blink_counter[5]          ; tick_generator_1hz:tick_gen|blink_counter[5]          ; clk_50M      ; clk_50M     ; 0.000        ; 0.000      ; 1.074      ;
; 0.809 ; debounce:debounce_mode|counter[12]                    ; debounce:debounce_mode|counter[12]                    ; clk_50M      ; clk_50M     ; 0.000        ; 0.000      ; 1.075      ;
; 0.809 ; date_core:date_inst|year_counter:inst_year|century[5] ; date_core:date_inst|year_counter:inst_year|century[5] ; clk_50M      ; clk_50M     ; 0.000        ; 0.000      ; 1.075      ;
; 0.809 ; edge_detector:ed_mode|btn_sync                        ; mode_control:mode_fsm|current_state[1]                ; clk_50M      ; clk_50M     ; 0.000        ; 0.000      ; 1.075      ;
; 0.810 ; debounce:debounce_mode|button_sync_0                  ; debounce:debounce_mode|button_sync_1                  ; clk_50M      ; clk_50M     ; 0.000        ; 0.000      ; 1.076      ;
; 0.810 ; debounce:debounce_mode|counter[9]                     ; debounce:debounce_mode|counter[9]                     ; clk_50M      ; clk_50M     ; 0.000        ; 0.000      ; 1.076      ;
; 0.810 ; debounce:debounce_mode|counter[17]                    ; debounce:debounce_mode|counter[17]                    ; clk_50M      ; clk_50M     ; 0.000        ; 0.000      ; 1.076      ;
; 0.810 ; debounce:debounce_mode|counter[7]                     ; debounce:debounce_mode|counter[7]                     ; clk_50M      ; clk_50M     ; 0.000        ; 0.000      ; 1.076      ;
; 0.810 ; tick_generator_1hz:tick_gen|counter_value[10]         ; tick_generator_1hz:tick_gen|counter_value[10]         ; clk_50M      ; clk_50M     ; 0.000        ; 0.000      ; 1.076      ;
; 0.810 ; debounce:debounce_inc|counter[7]                      ; debounce:debounce_inc|counter[7]                      ; clk_50M      ; clk_50M     ; 0.000        ; 0.000      ; 1.076      ;
; 0.810 ; debounce:debounce_inc|counter[8]                      ; debounce:debounce_inc|counter[8]                      ; clk_50M      ; clk_50M     ; 0.000        ; 0.000      ; 1.076      ;
; 0.810 ; debounce:debounce_rst_num|counter[7]                  ; debounce:debounce_rst_num|counter[7]                  ; clk_50M      ; clk_50M     ; 0.000        ; 0.000      ; 1.076      ;
; 0.810 ; debounce:debounce_rst_num|counter[8]                  ; debounce:debounce_rst_num|counter[8]                  ; clk_50M      ; clk_50M     ; 0.000        ; 0.000      ; 1.076      ;
; 0.810 ; debounce:debounce_dec|counter[7]                      ; debounce:debounce_dec|counter[7]                      ; clk_50M      ; clk_50M     ; 0.000        ; 0.000      ; 1.076      ;
; 0.810 ; debounce:debounce_dec|counter[8]                      ; debounce:debounce_dec|counter[8]                      ; clk_50M      ; clk_50M     ; 0.000        ; 0.000      ; 1.076      ;
; 0.810 ; debounce:debounce_dec|counter[11]                     ; debounce:debounce_dec|counter[11]                     ; clk_50M      ; clk_50M     ; 0.000        ; 0.000      ; 1.076      ;
; 0.810 ; edge_detector:ed_mode|btn_sync                        ; mode_control:mode_fsm|current_state[0]                ; clk_50M      ; clk_50M     ; 0.000        ; 0.000      ; 1.076      ;
; 0.811 ; date_core:date_inst|year_counter:inst_year|century[1] ; date_core:date_inst|year_counter:inst_year|century[1] ; clk_50M      ; clk_50M     ; 0.000        ; 0.000      ; 1.077      ;
; 0.812 ; date_core:date_inst|year_counter:inst_year|century[3] ; date_core:date_inst|year_counter:inst_year|century[3] ; clk_50M      ; clk_50M     ; 0.000        ; 0.000      ; 1.078      ;
; 0.812 ; tick_generator_1hz:tick_gen|blink_counter[7]          ; tick_generator_1hz:tick_gen|blink_counter[7]          ; clk_50M      ; clk_50M     ; 0.000        ; 0.000      ; 1.078      ;
; 0.813 ; debounce:debounce_inc|counter[12]                     ; debounce:debounce_inc|counter[12]                     ; clk_50M      ; clk_50M     ; 0.000        ; 0.000      ; 1.079      ;
; 0.813 ; debounce:debounce_rst_num|counter[12]                 ; debounce:debounce_rst_num|counter[12]                 ; clk_50M      ; clk_50M     ; 0.000        ; 0.000      ; 1.079      ;
; 0.813 ; debounce:debounce_dec|counter[12]                     ; debounce:debounce_dec|counter[12]                     ; clk_50M      ; clk_50M     ; 0.000        ; 0.000      ; 1.079      ;
; 0.814 ; debounce:debounce_mode|counter[8]                     ; debounce:debounce_mode|counter[8]                     ; clk_50M      ; clk_50M     ; 0.000        ; 0.000      ; 1.080      ;
; 0.814 ; debounce:debounce_mode|counter[14]                    ; debounce:debounce_mode|counter[14]                    ; clk_50M      ; clk_50M     ; 0.000        ; 0.000      ; 1.080      ;
; 0.814 ; debounce:debounce_inc|counter[9]                      ; debounce:debounce_inc|counter[9]                      ; clk_50M      ; clk_50M     ; 0.000        ; 0.000      ; 1.080      ;
; 0.814 ; debounce:debounce_inc|counter[14]                     ; debounce:debounce_inc|counter[14]                     ; clk_50M      ; clk_50M     ; 0.000        ; 0.000      ; 1.080      ;
; 0.814 ; debounce:debounce_rst_num|counter[9]                  ; debounce:debounce_rst_num|counter[9]                  ; clk_50M      ; clk_50M     ; 0.000        ; 0.000      ; 1.080      ;
; 0.814 ; debounce:debounce_rst_num|counter[14]                 ; debounce:debounce_rst_num|counter[14]                 ; clk_50M      ; clk_50M     ; 0.000        ; 0.000      ; 1.080      ;
; 0.814 ; debounce:debounce_dec|counter[9]                      ; debounce:debounce_dec|counter[9]                      ; clk_50M      ; clk_50M     ; 0.000        ; 0.000      ; 1.080      ;
; 0.814 ; debounce:debounce_dec|counter[14]                     ; debounce:debounce_dec|counter[14]                     ; clk_50M      ; clk_50M     ; 0.000        ; 0.000      ; 1.080      ;
; 0.814 ; debounce:debounce_dec|counter[17]                     ; debounce:debounce_dec|counter[17]                     ; clk_50M      ; clk_50M     ; 0.000        ; 0.000      ; 1.080      ;
; 0.815 ; debounce:debounce_inc|counter[17]                     ; debounce:debounce_inc|counter[17]                     ; clk_50M      ; clk_50M     ; 0.000        ; 0.000      ; 1.081      ;
; 0.815 ; debounce:debounce_rst_num|counter[17]                 ; debounce:debounce_rst_num|counter[17]                 ; clk_50M      ; clk_50M     ; 0.000        ; 0.000      ; 1.081      ;
; 0.816 ; time_core:time_inst|counter_60:inst_second|val[3]     ; time_core:time_inst|counter_60:inst_second|val[3]     ; clk_50M      ; clk_50M     ; 0.000        ; 0.000      ; 1.082      ;
; 0.818 ; tick_generator_1hz:tick_gen|blink_counter[0]          ; tick_generator_1hz:tick_gen|blink_counter[0]          ; clk_50M      ; clk_50M     ; 0.000        ; 0.000      ; 1.084      ;
; 0.818 ; time_core:time_inst|counter_60:inst_second|val[1]     ; time_core:time_inst|counter_60:inst_second|val[1]     ; clk_50M      ; clk_50M     ; 0.000        ; 0.000      ; 1.084      ;
; 0.821 ; debounce:debounce_inc|counter[0]                      ; debounce:debounce_inc|counter[0]                      ; clk_50M      ; clk_50M     ; 0.000        ; 0.000      ; 1.087      ;
; 0.821 ; debounce:debounce_rst_num|counter[0]                  ; debounce:debounce_rst_num|counter[0]                  ; clk_50M      ; clk_50M     ; 0.000        ; 0.000      ; 1.087      ;
; 0.821 ; debounce:debounce_dec|counter[0]                      ; debounce:debounce_dec|counter[0]                      ; clk_50M      ; clk_50M     ; 0.000        ; 0.000      ; 1.087      ;
; 0.823 ; date_core:date_inst|year_counter:inst_year|century[2] ; date_core:date_inst|year_counter:inst_year|century[2] ; clk_50M      ; clk_50M     ; 0.000        ; 0.000      ; 1.089      ;
; 0.824 ; date_core:date_inst|year_counter:inst_year|century[4] ; date_core:date_inst|year_counter:inst_year|century[4] ; clk_50M      ; clk_50M     ; 0.000        ; 0.000      ; 1.090      ;
; 0.827 ; debounce:debounce_mode|counter[0]                     ; debounce:debounce_mode|counter[0]                     ; clk_50M      ; clk_50M     ; 0.000        ; 0.000      ; 1.093      ;
; 0.830 ; debounce:debounce_mode|counter[18]                    ; debounce:debounce_mode|counter[18]                    ; clk_50M      ; clk_50M     ; 0.000        ; 0.000      ; 1.096      ;
; 0.834 ; debounce:debounce_mode|counter[2]                     ; debounce:debounce_mode|counter[2]                     ; clk_50M      ; clk_50M     ; 0.000        ; 0.000      ; 1.100      ;
; 0.834 ; debounce:debounce_inc|counter[2]                      ; debounce:debounce_inc|counter[2]                      ; clk_50M      ; clk_50M     ; 0.000        ; 0.000      ; 1.100      ;
; 0.834 ; debounce:debounce_inc|counter[18]                     ; debounce:debounce_inc|counter[18]                     ; clk_50M      ; clk_50M     ; 0.000        ; 0.000      ; 1.100      ;
; 0.834 ; debounce:debounce_rst_num|counter[2]                  ; debounce:debounce_rst_num|counter[2]                  ; clk_50M      ; clk_50M     ; 0.000        ; 0.000      ; 1.100      ;
; 0.834 ; debounce:debounce_rst_num|counter[18]                 ; debounce:debounce_rst_num|counter[18]                 ; clk_50M      ; clk_50M     ; 0.000        ; 0.000      ; 1.100      ;
; 0.834 ; debounce:debounce_dec|counter[2]                      ; debounce:debounce_dec|counter[2]                      ; clk_50M      ; clk_50M     ; 0.000        ; 0.000      ; 1.100      ;
; 0.835 ; debounce:debounce_mode|counter[4]                     ; debounce:debounce_mode|counter[4]                     ; clk_50M      ; clk_50M     ; 0.000        ; 0.000      ; 1.101      ;
+-------+-------------------------------------------------------+-------------------------------------------------------+--------------+-------------+--------------+------------+------------+


+------------------------------------------------------------------------------------------------------------------------------------------+
; Slow Model Minimum Pulse Width: 'clk_50M'                                                                                                ;
+--------+--------------+----------------+------------------+---------+------------+-------------------------------------------------------+
; Slack  ; Actual Width ; Required Width ; Type             ; Clock   ; Clock Edge ; Target                                                ;
+--------+--------------+----------------+------------------+---------+------------+-------------------------------------------------------+
; -1.380 ; 1.000        ; 2.380          ; Port Rate        ; clk_50M ; Rise       ; clk_50M                                               ;
; -0.500 ; 0.500        ; 1.000          ; High Pulse Width ; clk_50M ; Rise       ; date_core:date_inst|day_counter:inst_day|day[0]       ;
; -0.500 ; 0.500        ; 1.000          ; Low Pulse Width  ; clk_50M ; Rise       ; date_core:date_inst|day_counter:inst_day|day[0]       ;
; -0.500 ; 0.500        ; 1.000          ; High Pulse Width ; clk_50M ; Rise       ; date_core:date_inst|day_counter:inst_day|day[1]       ;
; -0.500 ; 0.500        ; 1.000          ; Low Pulse Width  ; clk_50M ; Rise       ; date_core:date_inst|day_counter:inst_day|day[1]       ;
; -0.500 ; 0.500        ; 1.000          ; High Pulse Width ; clk_50M ; Rise       ; date_core:date_inst|day_counter:inst_day|day[2]       ;
; -0.500 ; 0.500        ; 1.000          ; Low Pulse Width  ; clk_50M ; Rise       ; date_core:date_inst|day_counter:inst_day|day[2]       ;
; -0.500 ; 0.500        ; 1.000          ; High Pulse Width ; clk_50M ; Rise       ; date_core:date_inst|day_counter:inst_day|day[3]       ;
; -0.500 ; 0.500        ; 1.000          ; Low Pulse Width  ; clk_50M ; Rise       ; date_core:date_inst|day_counter:inst_day|day[3]       ;
; -0.500 ; 0.500        ; 1.000          ; High Pulse Width ; clk_50M ; Rise       ; date_core:date_inst|day_counter:inst_day|day[4]       ;
; -0.500 ; 0.500        ; 1.000          ; Low Pulse Width  ; clk_50M ; Rise       ; date_core:date_inst|day_counter:inst_day|day[4]       ;
; -0.500 ; 0.500        ; 1.000          ; High Pulse Width ; clk_50M ; Rise       ; date_core:date_inst|month_counter:inst_month|month[0] ;
; -0.500 ; 0.500        ; 1.000          ; Low Pulse Width  ; clk_50M ; Rise       ; date_core:date_inst|month_counter:inst_month|month[0] ;
; -0.500 ; 0.500        ; 1.000          ; High Pulse Width ; clk_50M ; Rise       ; date_core:date_inst|month_counter:inst_month|month[1] ;
; -0.500 ; 0.500        ; 1.000          ; Low Pulse Width  ; clk_50M ; Rise       ; date_core:date_inst|month_counter:inst_month|month[1] ;
; -0.500 ; 0.500        ; 1.000          ; High Pulse Width ; clk_50M ; Rise       ; date_core:date_inst|month_counter:inst_month|month[2] ;
; -0.500 ; 0.500        ; 1.000          ; Low Pulse Width  ; clk_50M ; Rise       ; date_core:date_inst|month_counter:inst_month|month[2] ;
; -0.500 ; 0.500        ; 1.000          ; High Pulse Width ; clk_50M ; Rise       ; date_core:date_inst|month_counter:inst_month|month[3] ;
; -0.500 ; 0.500        ; 1.000          ; Low Pulse Width  ; clk_50M ; Rise       ; date_core:date_inst|month_counter:inst_month|month[3] ;
; -0.500 ; 0.500        ; 1.000          ; High Pulse Width ; clk_50M ; Rise       ; date_core:date_inst|year_counter:inst_year|century[0] ;
; -0.500 ; 0.500        ; 1.000          ; Low Pulse Width  ; clk_50M ; Rise       ; date_core:date_inst|year_counter:inst_year|century[0] ;
; -0.500 ; 0.500        ; 1.000          ; High Pulse Width ; clk_50M ; Rise       ; date_core:date_inst|year_counter:inst_year|century[1] ;
; -0.500 ; 0.500        ; 1.000          ; Low Pulse Width  ; clk_50M ; Rise       ; date_core:date_inst|year_counter:inst_year|century[1] ;
; -0.500 ; 0.500        ; 1.000          ; High Pulse Width ; clk_50M ; Rise       ; date_core:date_inst|year_counter:inst_year|century[2] ;
; -0.500 ; 0.500        ; 1.000          ; Low Pulse Width  ; clk_50M ; Rise       ; date_core:date_inst|year_counter:inst_year|century[2] ;
; -0.500 ; 0.500        ; 1.000          ; High Pulse Width ; clk_50M ; Rise       ; date_core:date_inst|year_counter:inst_year|century[3] ;
; -0.500 ; 0.500        ; 1.000          ; Low Pulse Width  ; clk_50M ; Rise       ; date_core:date_inst|year_counter:inst_year|century[3] ;
; -0.500 ; 0.500        ; 1.000          ; High Pulse Width ; clk_50M ; Rise       ; date_core:date_inst|year_counter:inst_year|century[4] ;
; -0.500 ; 0.500        ; 1.000          ; Low Pulse Width  ; clk_50M ; Rise       ; date_core:date_inst|year_counter:inst_year|century[4] ;
; -0.500 ; 0.500        ; 1.000          ; High Pulse Width ; clk_50M ; Rise       ; date_core:date_inst|year_counter:inst_year|century[5] ;
; -0.500 ; 0.500        ; 1.000          ; Low Pulse Width  ; clk_50M ; Rise       ; date_core:date_inst|year_counter:inst_year|century[5] ;
; -0.500 ; 0.500        ; 1.000          ; High Pulse Width ; clk_50M ; Rise       ; date_core:date_inst|year_counter:inst_year|century[6] ;
; -0.500 ; 0.500        ; 1.000          ; Low Pulse Width  ; clk_50M ; Rise       ; date_core:date_inst|year_counter:inst_year|century[6] ;
; -0.500 ; 0.500        ; 1.000          ; High Pulse Width ; clk_50M ; Rise       ; date_core:date_inst|year_counter:inst_year|year[0]    ;
; -0.500 ; 0.500        ; 1.000          ; Low Pulse Width  ; clk_50M ; Rise       ; date_core:date_inst|year_counter:inst_year|year[0]    ;
; -0.500 ; 0.500        ; 1.000          ; High Pulse Width ; clk_50M ; Rise       ; date_core:date_inst|year_counter:inst_year|year[1]    ;
; -0.500 ; 0.500        ; 1.000          ; Low Pulse Width  ; clk_50M ; Rise       ; date_core:date_inst|year_counter:inst_year|year[1]    ;
; -0.500 ; 0.500        ; 1.000          ; High Pulse Width ; clk_50M ; Rise       ; date_core:date_inst|year_counter:inst_year|year[2]    ;
; -0.500 ; 0.500        ; 1.000          ; Low Pulse Width  ; clk_50M ; Rise       ; date_core:date_inst|year_counter:inst_year|year[2]    ;
; -0.500 ; 0.500        ; 1.000          ; High Pulse Width ; clk_50M ; Rise       ; date_core:date_inst|year_counter:inst_year|year[3]    ;
; -0.500 ; 0.500        ; 1.000          ; Low Pulse Width  ; clk_50M ; Rise       ; date_core:date_inst|year_counter:inst_year|year[3]    ;
; -0.500 ; 0.500        ; 1.000          ; High Pulse Width ; clk_50M ; Rise       ; date_core:date_inst|year_counter:inst_year|year[4]    ;
; -0.500 ; 0.500        ; 1.000          ; Low Pulse Width  ; clk_50M ; Rise       ; date_core:date_inst|year_counter:inst_year|year[4]    ;
; -0.500 ; 0.500        ; 1.000          ; High Pulse Width ; clk_50M ; Rise       ; date_core:date_inst|year_counter:inst_year|year[5]    ;
; -0.500 ; 0.500        ; 1.000          ; Low Pulse Width  ; clk_50M ; Rise       ; date_core:date_inst|year_counter:inst_year|year[5]    ;
; -0.500 ; 0.500        ; 1.000          ; High Pulse Width ; clk_50M ; Rise       ; date_core:date_inst|year_counter:inst_year|year[6]    ;
; -0.500 ; 0.500        ; 1.000          ; Low Pulse Width  ; clk_50M ; Rise       ; date_core:date_inst|year_counter:inst_year|year[6]    ;
; -0.500 ; 0.500        ; 1.000          ; High Pulse Width ; clk_50M ; Rise       ; debounce:debounce_dec|button_out                      ;
; -0.500 ; 0.500        ; 1.000          ; Low Pulse Width  ; clk_50M ; Rise       ; debounce:debounce_dec|button_out                      ;
; -0.500 ; 0.500        ; 1.000          ; High Pulse Width ; clk_50M ; Rise       ; debounce:debounce_dec|button_sync_0                   ;
; -0.500 ; 0.500        ; 1.000          ; Low Pulse Width  ; clk_50M ; Rise       ; debounce:debounce_dec|button_sync_0                   ;
; -0.500 ; 0.500        ; 1.000          ; High Pulse Width ; clk_50M ; Rise       ; debounce:debounce_dec|button_sync_1                   ;
; -0.500 ; 0.500        ; 1.000          ; Low Pulse Width  ; clk_50M ; Rise       ; debounce:debounce_dec|button_sync_1                   ;
; -0.500 ; 0.500        ; 1.000          ; High Pulse Width ; clk_50M ; Rise       ; debounce:debounce_dec|counter[0]                      ;
; -0.500 ; 0.500        ; 1.000          ; Low Pulse Width  ; clk_50M ; Rise       ; debounce:debounce_dec|counter[0]                      ;
; -0.500 ; 0.500        ; 1.000          ; High Pulse Width ; clk_50M ; Rise       ; debounce:debounce_dec|counter[10]                     ;
; -0.500 ; 0.500        ; 1.000          ; Low Pulse Width  ; clk_50M ; Rise       ; debounce:debounce_dec|counter[10]                     ;
; -0.500 ; 0.500        ; 1.000          ; High Pulse Width ; clk_50M ; Rise       ; debounce:debounce_dec|counter[11]                     ;
; -0.500 ; 0.500        ; 1.000          ; Low Pulse Width  ; clk_50M ; Rise       ; debounce:debounce_dec|counter[11]                     ;
; -0.500 ; 0.500        ; 1.000          ; High Pulse Width ; clk_50M ; Rise       ; debounce:debounce_dec|counter[12]                     ;
; -0.500 ; 0.500        ; 1.000          ; Low Pulse Width  ; clk_50M ; Rise       ; debounce:debounce_dec|counter[12]                     ;
; -0.500 ; 0.500        ; 1.000          ; High Pulse Width ; clk_50M ; Rise       ; debounce:debounce_dec|counter[13]                     ;
; -0.500 ; 0.500        ; 1.000          ; Low Pulse Width  ; clk_50M ; Rise       ; debounce:debounce_dec|counter[13]                     ;
; -0.500 ; 0.500        ; 1.000          ; High Pulse Width ; clk_50M ; Rise       ; debounce:debounce_dec|counter[14]                     ;
; -0.500 ; 0.500        ; 1.000          ; Low Pulse Width  ; clk_50M ; Rise       ; debounce:debounce_dec|counter[14]                     ;
; -0.500 ; 0.500        ; 1.000          ; High Pulse Width ; clk_50M ; Rise       ; debounce:debounce_dec|counter[15]                     ;
; -0.500 ; 0.500        ; 1.000          ; Low Pulse Width  ; clk_50M ; Rise       ; debounce:debounce_dec|counter[15]                     ;
; -0.500 ; 0.500        ; 1.000          ; High Pulse Width ; clk_50M ; Rise       ; debounce:debounce_dec|counter[16]                     ;
; -0.500 ; 0.500        ; 1.000          ; Low Pulse Width  ; clk_50M ; Rise       ; debounce:debounce_dec|counter[16]                     ;
; -0.500 ; 0.500        ; 1.000          ; High Pulse Width ; clk_50M ; Rise       ; debounce:debounce_dec|counter[17]                     ;
; -0.500 ; 0.500        ; 1.000          ; Low Pulse Width  ; clk_50M ; Rise       ; debounce:debounce_dec|counter[17]                     ;
; -0.500 ; 0.500        ; 1.000          ; High Pulse Width ; clk_50M ; Rise       ; debounce:debounce_dec|counter[18]                     ;
; -0.500 ; 0.500        ; 1.000          ; Low Pulse Width  ; clk_50M ; Rise       ; debounce:debounce_dec|counter[18]                     ;
; -0.500 ; 0.500        ; 1.000          ; High Pulse Width ; clk_50M ; Rise       ; debounce:debounce_dec|counter[19]                     ;
; -0.500 ; 0.500        ; 1.000          ; Low Pulse Width  ; clk_50M ; Rise       ; debounce:debounce_dec|counter[19]                     ;
; -0.500 ; 0.500        ; 1.000          ; High Pulse Width ; clk_50M ; Rise       ; debounce:debounce_dec|counter[1]                      ;
; -0.500 ; 0.500        ; 1.000          ; Low Pulse Width  ; clk_50M ; Rise       ; debounce:debounce_dec|counter[1]                      ;
; -0.500 ; 0.500        ; 1.000          ; High Pulse Width ; clk_50M ; Rise       ; debounce:debounce_dec|counter[2]                      ;
; -0.500 ; 0.500        ; 1.000          ; Low Pulse Width  ; clk_50M ; Rise       ; debounce:debounce_dec|counter[2]                      ;
; -0.500 ; 0.500        ; 1.000          ; High Pulse Width ; clk_50M ; Rise       ; debounce:debounce_dec|counter[3]                      ;
; -0.500 ; 0.500        ; 1.000          ; Low Pulse Width  ; clk_50M ; Rise       ; debounce:debounce_dec|counter[3]                      ;
; -0.500 ; 0.500        ; 1.000          ; High Pulse Width ; clk_50M ; Rise       ; debounce:debounce_dec|counter[4]                      ;
; -0.500 ; 0.500        ; 1.000          ; Low Pulse Width  ; clk_50M ; Rise       ; debounce:debounce_dec|counter[4]                      ;
; -0.500 ; 0.500        ; 1.000          ; High Pulse Width ; clk_50M ; Rise       ; debounce:debounce_dec|counter[5]                      ;
; -0.500 ; 0.500        ; 1.000          ; Low Pulse Width  ; clk_50M ; Rise       ; debounce:debounce_dec|counter[5]                      ;
; -0.500 ; 0.500        ; 1.000          ; High Pulse Width ; clk_50M ; Rise       ; debounce:debounce_dec|counter[6]                      ;
; -0.500 ; 0.500        ; 1.000          ; Low Pulse Width  ; clk_50M ; Rise       ; debounce:debounce_dec|counter[6]                      ;
; -0.500 ; 0.500        ; 1.000          ; High Pulse Width ; clk_50M ; Rise       ; debounce:debounce_dec|counter[7]                      ;
; -0.500 ; 0.500        ; 1.000          ; Low Pulse Width  ; clk_50M ; Rise       ; debounce:debounce_dec|counter[7]                      ;
; -0.500 ; 0.500        ; 1.000          ; High Pulse Width ; clk_50M ; Rise       ; debounce:debounce_dec|counter[8]                      ;
; -0.500 ; 0.500        ; 1.000          ; Low Pulse Width  ; clk_50M ; Rise       ; debounce:debounce_dec|counter[8]                      ;
; -0.500 ; 0.500        ; 1.000          ; High Pulse Width ; clk_50M ; Rise       ; debounce:debounce_dec|counter[9]                      ;
; -0.500 ; 0.500        ; 1.000          ; Low Pulse Width  ; clk_50M ; Rise       ; debounce:debounce_dec|counter[9]                      ;
; -0.500 ; 0.500        ; 1.000          ; High Pulse Width ; clk_50M ; Rise       ; debounce:debounce_inc|button_out                      ;
; -0.500 ; 0.500        ; 1.000          ; Low Pulse Width  ; clk_50M ; Rise       ; debounce:debounce_inc|button_out                      ;
; -0.500 ; 0.500        ; 1.000          ; High Pulse Width ; clk_50M ; Rise       ; debounce:debounce_inc|button_sync_0                   ;
; -0.500 ; 0.500        ; 1.000          ; Low Pulse Width  ; clk_50M ; Rise       ; debounce:debounce_inc|button_sync_0                   ;
; -0.500 ; 0.500        ; 1.000          ; High Pulse Width ; clk_50M ; Rise       ; debounce:debounce_inc|button_sync_1                   ;
; -0.500 ; 0.500        ; 1.000          ; Low Pulse Width  ; clk_50M ; Rise       ; debounce:debounce_inc|button_sync_1                   ;
; -0.500 ; 0.500        ; 1.000          ; High Pulse Width ; clk_50M ; Rise       ; debounce:debounce_inc|counter[0]                      ;
+--------+--------------+----------------+------------------+---------+------------+-------------------------------------------------------+


+---------------------------------------------------------------------------+
; Setup Times                                                               ;
+-------------+------------+--------+--------+------------+-----------------+
; Data Port   ; Clock Port ; Rise   ; Fall   ; Clock Edge ; Clock Reference ;
+-------------+------------+--------+--------+------------+-----------------+
; key_dec     ; clk_50M    ; 3.529  ; 3.529  ; Rise       ; clk_50M         ;
; key_inc     ; clk_50M    ; 0.064  ; 0.064  ; Rise       ; clk_50M         ;
; key_mode    ; clk_50M    ; 3.652  ; 3.652  ; Rise       ; clk_50M         ;
; key_rst_num ; clk_50M    ; -0.315 ; -0.315 ; Rise       ; clk_50M         ;
+-------------+------------+--------+--------+------------+-----------------+


+---------------------------------------------------------------------------+
; Hold Times                                                                ;
+-------------+------------+--------+--------+------------+-----------------+
; Data Port   ; Clock Port ; Rise   ; Fall   ; Clock Edge ; Clock Reference ;
+-------------+------------+--------+--------+------------+-----------------+
; key_dec     ; clk_50M    ; -3.299 ; -3.299 ; Rise       ; clk_50M         ;
; key_inc     ; clk_50M    ; 0.166  ; 0.166  ; Rise       ; clk_50M         ;
; key_mode    ; clk_50M    ; -3.422 ; -3.422 ; Rise       ; clk_50M         ;
; key_rst_num ; clk_50M    ; 0.545  ; 0.545  ; Rise       ; clk_50M         ;
+-------------+------------+--------+--------+------------+-----------------+


+-------------------------------------------------------------------------+
; Clock to Output Times                                                   ;
+-----------+------------+--------+--------+------------+-----------------+
; Data Port ; Clock Port ; Rise   ; Fall   ; Clock Edge ; Clock Reference ;
+-----------+------------+--------+--------+------------+-----------------+
; HEX0[*]   ; clk_50M    ; 14.910 ; 14.910 ; Rise       ; clk_50M         ;
;  HEX0[0]  ; clk_50M    ; 14.770 ; 14.770 ; Rise       ; clk_50M         ;
;  HEX0[1]  ; clk_50M    ; 14.268 ; 14.268 ; Rise       ; clk_50M         ;
;  HEX0[2]  ; clk_50M    ; 14.497 ; 14.497 ; Rise       ; clk_50M         ;
;  HEX0[3]  ; clk_50M    ; 14.349 ; 14.349 ; Rise       ; clk_50M         ;
;  HEX0[4]  ; clk_50M    ; 14.863 ; 14.863 ; Rise       ; clk_50M         ;
;  HEX0[5]  ; clk_50M    ; 14.910 ; 14.910 ; Rise       ; clk_50M         ;
;  HEX0[6]  ; clk_50M    ; 14.878 ; 14.878 ; Rise       ; clk_50M         ;
; HEX1[*]   ; clk_50M    ; 14.442 ; 14.442 ; Rise       ; clk_50M         ;
;  HEX1[0]  ; clk_50M    ; 14.082 ; 14.082 ; Rise       ; clk_50M         ;
;  HEX1[1]  ; clk_50M    ; 14.048 ; 14.048 ; Rise       ; clk_50M         ;
;  HEX1[2]  ; clk_50M    ; 14.110 ; 14.110 ; Rise       ; clk_50M         ;
;  HEX1[3]  ; clk_50M    ; 14.442 ; 14.442 ; Rise       ; clk_50M         ;
;  HEX1[4]  ; clk_50M    ; 14.313 ; 14.313 ; Rise       ; clk_50M         ;
;  HEX1[5]  ; clk_50M    ; 14.016 ; 14.016 ; Rise       ; clk_50M         ;
;  HEX1[6]  ; clk_50M    ; 14.065 ; 14.065 ; Rise       ; clk_50M         ;
; HEX2[*]   ; clk_50M    ; 13.856 ; 13.856 ; Rise       ; clk_50M         ;
;  HEX2[0]  ; clk_50M    ; 13.688 ; 13.688 ; Rise       ; clk_50M         ;
;  HEX2[1]  ; clk_50M    ; 13.305 ; 13.305 ; Rise       ; clk_50M         ;
;  HEX2[2]  ; clk_50M    ; 12.002 ; 12.002 ; Rise       ; clk_50M         ;
;  HEX2[3]  ; clk_50M    ; 13.856 ; 13.856 ; Rise       ; clk_50M         ;
;  HEX2[4]  ; clk_50M    ; 13.243 ; 13.243 ; Rise       ; clk_50M         ;
;  HEX2[5]  ; clk_50M    ; 13.383 ; 13.383 ; Rise       ; clk_50M         ;
;  HEX2[6]  ; clk_50M    ; 13.504 ; 13.504 ; Rise       ; clk_50M         ;
; HEX3[*]   ; clk_50M    ; 13.480 ; 13.480 ; Rise       ; clk_50M         ;
;  HEX3[0]  ; clk_50M    ; 12.999 ; 12.999 ; Rise       ; clk_50M         ;
;  HEX3[1]  ; clk_50M    ; 13.024 ; 13.024 ; Rise       ; clk_50M         ;
;  HEX3[2]  ; clk_50M    ; 13.095 ; 13.095 ; Rise       ; clk_50M         ;
;  HEX3[3]  ; clk_50M    ; 13.224 ; 13.224 ; Rise       ; clk_50M         ;
;  HEX3[4]  ; clk_50M    ; 13.033 ; 13.033 ; Rise       ; clk_50M         ;
;  HEX3[5]  ; clk_50M    ; 13.480 ; 13.480 ; Rise       ; clk_50M         ;
;  HEX3[6]  ; clk_50M    ; 13.341 ; 13.341 ; Rise       ; clk_50M         ;
; HEX4[*]   ; clk_50M    ; 14.569 ; 14.569 ; Rise       ; clk_50M         ;
;  HEX4[0]  ; clk_50M    ; 13.875 ; 13.875 ; Rise       ; clk_50M         ;
;  HEX4[1]  ; clk_50M    ; 13.860 ; 13.860 ; Rise       ; clk_50M         ;
;  HEX4[2]  ; clk_50M    ; 13.433 ; 13.433 ; Rise       ; clk_50M         ;
;  HEX4[3]  ; clk_50M    ; 14.327 ; 14.327 ; Rise       ; clk_50M         ;
;  HEX4[4]  ; clk_50M    ; 14.294 ; 14.294 ; Rise       ; clk_50M         ;
;  HEX4[5]  ; clk_50M    ; 14.569 ; 14.569 ; Rise       ; clk_50M         ;
;  HEX4[6]  ; clk_50M    ; 14.310 ; 14.310 ; Rise       ; clk_50M         ;
; HEX5[*]   ; clk_50M    ; 13.729 ; 13.729 ; Rise       ; clk_50M         ;
;  HEX5[0]  ; clk_50M    ; 13.729 ; 13.729 ; Rise       ; clk_50M         ;
;  HEX5[1]  ; clk_50M    ; 13.480 ; 13.480 ; Rise       ; clk_50M         ;
;  HEX5[2]  ; clk_50M    ; 13.722 ; 13.722 ; Rise       ; clk_50M         ;
;  HEX5[3]  ; clk_50M    ; 13.287 ; 13.287 ; Rise       ; clk_50M         ;
;  HEX5[4]  ; clk_50M    ; 13.273 ; 13.273 ; Rise       ; clk_50M         ;
;  HEX5[5]  ; clk_50M    ; 13.721 ; 13.721 ; Rise       ; clk_50M         ;
;  HEX5[6]  ; clk_50M    ; 13.501 ; 13.501 ; Rise       ; clk_50M         ;
; HEX6[*]   ; clk_50M    ; 13.268 ; 13.268 ; Rise       ; clk_50M         ;
;  HEX6[0]  ; clk_50M    ; 12.870 ; 12.870 ; Rise       ; clk_50M         ;
;  HEX6[1]  ; clk_50M    ; 13.070 ; 13.070 ; Rise       ; clk_50M         ;
;  HEX6[2]  ; clk_50M    ; 13.062 ; 13.062 ; Rise       ; clk_50M         ;
;  HEX6[3]  ; clk_50M    ; 13.055 ; 13.055 ; Rise       ; clk_50M         ;
;  HEX6[4]  ; clk_50M    ; 13.098 ; 13.098 ; Rise       ; clk_50M         ;
;  HEX6[5]  ; clk_50M    ; 13.268 ; 13.268 ; Rise       ; clk_50M         ;
;  HEX6[6]  ; clk_50M    ; 12.871 ; 12.871 ; Rise       ; clk_50M         ;
; HEX7[*]   ; clk_50M    ; 11.945 ; 11.945 ; Rise       ; clk_50M         ;
;  HEX7[0]  ; clk_50M    ; 11.945 ; 11.945 ; Rise       ; clk_50M         ;
;  HEX7[1]  ; clk_50M    ; 9.006  ; 9.006  ; Rise       ; clk_50M         ;
;  HEX7[2]  ; clk_50M    ; 11.466 ; 11.466 ; Rise       ; clk_50M         ;
;  HEX7[3]  ; clk_50M    ; 11.935 ; 11.935 ; Rise       ; clk_50M         ;
;  HEX7[4]  ; clk_50M    ; 11.161 ; 11.161 ; Rise       ; clk_50M         ;
;  HEX7[5]  ; clk_50M    ; 11.197 ; 11.197 ; Rise       ; clk_50M         ;
;  HEX7[6]  ; clk_50M    ; 10.533 ; 10.533 ; Rise       ; clk_50M         ;
+-----------+------------+--------+--------+------------+-----------------+


+-----------------------------------------------------------------------+
; Minimum Clock to Output Times                                         ;
+-----------+------------+-------+-------+------------+-----------------+
; Data Port ; Clock Port ; Rise  ; Fall  ; Clock Edge ; Clock Reference ;
+-----------+------------+-------+-------+------------+-----------------+
; HEX0[*]   ; clk_50M    ; 9.406 ; 9.406 ; Rise       ; clk_50M         ;
;  HEX0[0]  ; clk_50M    ; 9.885 ; 9.885 ; Rise       ; clk_50M         ;
;  HEX0[1]  ; clk_50M    ; 9.406 ; 9.406 ; Rise       ; clk_50M         ;
;  HEX0[2]  ; clk_50M    ; 9.661 ; 9.661 ; Rise       ; clk_50M         ;
;  HEX0[3]  ; clk_50M    ; 9.425 ; 9.425 ; Rise       ; clk_50M         ;
;  HEX0[4]  ; clk_50M    ; 9.918 ; 9.918 ; Rise       ; clk_50M         ;
;  HEX0[5]  ; clk_50M    ; 9.913 ; 9.913 ; Rise       ; clk_50M         ;
;  HEX0[6]  ; clk_50M    ; 9.913 ; 9.913 ; Rise       ; clk_50M         ;
; HEX1[*]   ; clk_50M    ; 9.356 ; 9.356 ; Rise       ; clk_50M         ;
;  HEX1[0]  ; clk_50M    ; 9.390 ; 9.390 ; Rise       ; clk_50M         ;
;  HEX1[1]  ; clk_50M    ; 9.356 ; 9.356 ; Rise       ; clk_50M         ;
;  HEX1[2]  ; clk_50M    ; 9.876 ; 9.876 ; Rise       ; clk_50M         ;
;  HEX1[3]  ; clk_50M    ; 9.696 ; 9.696 ; Rise       ; clk_50M         ;
;  HEX1[4]  ; clk_50M    ; 9.620 ; 9.620 ; Rise       ; clk_50M         ;
;  HEX1[5]  ; clk_50M    ; 9.380 ; 9.380 ; Rise       ; clk_50M         ;
;  HEX1[6]  ; clk_50M    ; 9.419 ; 9.419 ; Rise       ; clk_50M         ;
; HEX2[*]   ; clk_50M    ; 7.569 ; 7.569 ; Rise       ; clk_50M         ;
;  HEX2[0]  ; clk_50M    ; 7.640 ; 7.640 ; Rise       ; clk_50M         ;
;  HEX2[1]  ; clk_50M    ; 7.604 ; 7.604 ; Rise       ; clk_50M         ;
;  HEX2[2]  ; clk_50M    ; 8.092 ; 8.092 ; Rise       ; clk_50M         ;
;  HEX2[3]  ; clk_50M    ; 7.853 ; 7.853 ; Rise       ; clk_50M         ;
;  HEX2[4]  ; clk_50M    ; 7.569 ; 7.569 ; Rise       ; clk_50M         ;
;  HEX2[5]  ; clk_50M    ; 7.651 ; 7.651 ; Rise       ; clk_50M         ;
;  HEX2[6]  ; clk_50M    ; 7.791 ; 7.791 ; Rise       ; clk_50M         ;
; HEX3[*]   ; clk_50M    ; 7.782 ; 7.782 ; Rise       ; clk_50M         ;
;  HEX3[0]  ; clk_50M    ; 7.793 ; 7.793 ; Rise       ; clk_50M         ;
;  HEX3[1]  ; clk_50M    ; 8.894 ; 8.894 ; Rise       ; clk_50M         ;
;  HEX3[2]  ; clk_50M    ; 7.782 ; 7.782 ; Rise       ; clk_50M         ;
;  HEX3[3]  ; clk_50M    ; 8.005 ; 8.005 ; Rise       ; clk_50M         ;
;  HEX3[4]  ; clk_50M    ; 8.895 ; 8.895 ; Rise       ; clk_50M         ;
;  HEX3[5]  ; clk_50M    ; 8.261 ; 8.261 ; Rise       ; clk_50M         ;
;  HEX3[6]  ; clk_50M    ; 8.003 ; 8.003 ; Rise       ; clk_50M         ;
; HEX4[*]   ; clk_50M    ; 9.141 ; 9.141 ; Rise       ; clk_50M         ;
;  HEX4[0]  ; clk_50M    ; 9.145 ; 9.145 ; Rise       ; clk_50M         ;
;  HEX4[1]  ; clk_50M    ; 9.141 ; 9.141 ; Rise       ; clk_50M         ;
;  HEX4[2]  ; clk_50M    ; 9.224 ; 9.224 ; Rise       ; clk_50M         ;
;  HEX4[3]  ; clk_50M    ; 9.527 ; 9.527 ; Rise       ; clk_50M         ;
;  HEX4[4]  ; clk_50M    ; 9.493 ; 9.493 ; Rise       ; clk_50M         ;
;  HEX4[5]  ; clk_50M    ; 9.765 ; 9.765 ; Rise       ; clk_50M         ;
;  HEX4[6]  ; clk_50M    ; 9.508 ; 9.508 ; Rise       ; clk_50M         ;
; HEX5[*]   ; clk_50M    ; 9.126 ; 9.126 ; Rise       ; clk_50M         ;
;  HEX5[0]  ; clk_50M    ; 9.579 ; 9.579 ; Rise       ; clk_50M         ;
;  HEX5[1]  ; clk_50M    ; 9.329 ; 9.329 ; Rise       ; clk_50M         ;
;  HEX5[2]  ; clk_50M    ; 9.601 ; 9.601 ; Rise       ; clk_50M         ;
;  HEX5[3]  ; clk_50M    ; 9.141 ; 9.141 ; Rise       ; clk_50M         ;
;  HEX5[4]  ; clk_50M    ; 9.126 ; 9.126 ; Rise       ; clk_50M         ;
;  HEX5[5]  ; clk_50M    ; 9.578 ; 9.578 ; Rise       ; clk_50M         ;
;  HEX5[6]  ; clk_50M    ; 9.353 ; 9.353 ; Rise       ; clk_50M         ;
; HEX6[*]   ; clk_50M    ; 8.821 ; 8.821 ; Rise       ; clk_50M         ;
;  HEX6[0]  ; clk_50M    ; 8.821 ; 8.821 ; Rise       ; clk_50M         ;
;  HEX6[1]  ; clk_50M    ; 8.895 ; 8.895 ; Rise       ; clk_50M         ;
;  HEX6[2]  ; clk_50M    ; 9.068 ; 9.068 ; Rise       ; clk_50M         ;
;  HEX6[3]  ; clk_50M    ; 8.912 ; 8.912 ; Rise       ; clk_50M         ;
;  HEX6[4]  ; clk_50M    ; 9.046 ; 9.046 ; Rise       ; clk_50M         ;
;  HEX6[5]  ; clk_50M    ; 9.114 ; 9.114 ; Rise       ; clk_50M         ;
;  HEX6[6]  ; clk_50M    ; 8.823 ; 8.823 ; Rise       ; clk_50M         ;
; HEX7[*]   ; clk_50M    ; 8.006 ; 8.006 ; Rise       ; clk_50M         ;
;  HEX7[0]  ; clk_50M    ; 9.583 ; 9.583 ; Rise       ; clk_50M         ;
;  HEX7[1]  ; clk_50M    ; 8.006 ; 8.006 ; Rise       ; clk_50M         ;
;  HEX7[2]  ; clk_50M    ; 9.103 ; 9.103 ; Rise       ; clk_50M         ;
;  HEX7[3]  ; clk_50M    ; 9.573 ; 9.573 ; Rise       ; clk_50M         ;
;  HEX7[4]  ; clk_50M    ; 8.954 ; 8.954 ; Rise       ; clk_50M         ;
;  HEX7[5]  ; clk_50M    ; 8.866 ; 8.866 ; Rise       ; clk_50M         ;
;  HEX7[6]  ; clk_50M    ; 8.620 ; 8.620 ; Rise       ; clk_50M         ;
+-----------+------------+-------+-------+------------+-----------------+


+----------------------------------+
; Fast Model Setup Summary         ;
+---------+--------+---------------+
; Clock   ; Slack  ; End Point TNS ;
+---------+--------+---------------+
; clk_50M ; -1.150 ; -111.035      ;
+---------+--------+---------------+


+---------------------------------+
; Fast Model Hold Summary         ;
+---------+-------+---------------+
; Clock   ; Slack ; End Point TNS ;
+---------+-------+---------------+
; clk_50M ; 0.215 ; 0.000         ;
+---------+-------+---------------+


-------------------------------
; Fast Model Recovery Summary ;
-------------------------------
No paths to report.


------------------------------
; Fast Model Removal Summary ;
------------------------------
No paths to report.


+----------------------------------------+
; Fast Model Minimum Pulse Width Summary ;
+---------+--------+---------------------+
; Clock   ; Slack  ; End Point TNS       ;
+---------+--------+---------------------+
; clk_50M ; -1.380 ; -192.380            ;
+---------+--------+---------------------+


+----------------------------------------------------------------------------------------------------------------------------------------------------------------------------------------------+
; Fast Model Setup: 'clk_50M'                                                                                                                                                                  ;
+--------+-------------------------------------------------------+-------------------------------------------------------+--------------+-------------+--------------+------------+------------+
; Slack  ; From Node                                             ; To Node                                               ; Launch Clock ; Latch Clock ; Relationship ; Clock Skew ; Data Delay ;
+--------+-------------------------------------------------------+-------------------------------------------------------+--------------+-------------+--------------+------------+------------+
; -1.150 ; date_core:date_inst|year_counter:inst_year|year[6]    ; date_core:date_inst|year_counter:inst_year|year[1]    ; clk_50M      ; clk_50M     ; 1.000        ; 0.000      ; 2.182      ;
; -1.150 ; date_core:date_inst|year_counter:inst_year|year[6]    ; date_core:date_inst|year_counter:inst_year|year[2]    ; clk_50M      ; clk_50M     ; 1.000        ; 0.000      ; 2.182      ;
; -1.150 ; date_core:date_inst|year_counter:inst_year|year[6]    ; date_core:date_inst|year_counter:inst_year|year[3]    ; clk_50M      ; clk_50M     ; 1.000        ; 0.000      ; 2.182      ;
; -1.150 ; date_core:date_inst|year_counter:inst_year|year[6]    ; date_core:date_inst|year_counter:inst_year|year[4]    ; clk_50M      ; clk_50M     ; 1.000        ; 0.000      ; 2.182      ;
; -1.150 ; date_core:date_inst|year_counter:inst_year|year[6]    ; date_core:date_inst|year_counter:inst_year|year[6]    ; clk_50M      ; clk_50M     ; 1.000        ; 0.000      ; 2.182      ;
; -1.150 ; date_core:date_inst|year_counter:inst_year|year[6]    ; date_core:date_inst|year_counter:inst_year|year[0]    ; clk_50M      ; clk_50M     ; 1.000        ; 0.000      ; 2.182      ;
; -1.150 ; date_core:date_inst|year_counter:inst_year|year[6]    ; date_core:date_inst|year_counter:inst_year|year[5]    ; clk_50M      ; clk_50M     ; 1.000        ; 0.000      ; 2.182      ;
; -1.144 ; time_core:time_inst|counter_60:inst_minute|val[5]     ; date_core:date_inst|year_counter:inst_year|year[1]    ; clk_50M      ; clk_50M     ; 1.000        ; -0.010     ; 2.166      ;
; -1.144 ; time_core:time_inst|counter_60:inst_minute|val[5]     ; date_core:date_inst|year_counter:inst_year|year[2]    ; clk_50M      ; clk_50M     ; 1.000        ; -0.010     ; 2.166      ;
; -1.144 ; time_core:time_inst|counter_60:inst_minute|val[5]     ; date_core:date_inst|year_counter:inst_year|year[3]    ; clk_50M      ; clk_50M     ; 1.000        ; -0.010     ; 2.166      ;
; -1.144 ; time_core:time_inst|counter_60:inst_minute|val[5]     ; date_core:date_inst|year_counter:inst_year|year[4]    ; clk_50M      ; clk_50M     ; 1.000        ; -0.010     ; 2.166      ;
; -1.144 ; time_core:time_inst|counter_60:inst_minute|val[5]     ; date_core:date_inst|year_counter:inst_year|year[6]    ; clk_50M      ; clk_50M     ; 1.000        ; -0.010     ; 2.166      ;
; -1.144 ; time_core:time_inst|counter_60:inst_minute|val[5]     ; date_core:date_inst|year_counter:inst_year|year[0]    ; clk_50M      ; clk_50M     ; 1.000        ; -0.010     ; 2.166      ;
; -1.144 ; time_core:time_inst|counter_60:inst_minute|val[5]     ; date_core:date_inst|year_counter:inst_year|year[5]    ; clk_50M      ; clk_50M     ; 1.000        ; -0.010     ; 2.166      ;
; -1.139 ; date_core:date_inst|year_counter:inst_year|year[3]    ; date_core:date_inst|year_counter:inst_year|year[1]    ; clk_50M      ; clk_50M     ; 1.000        ; 0.000      ; 2.171      ;
; -1.139 ; date_core:date_inst|year_counter:inst_year|year[3]    ; date_core:date_inst|year_counter:inst_year|year[2]    ; clk_50M      ; clk_50M     ; 1.000        ; 0.000      ; 2.171      ;
; -1.139 ; date_core:date_inst|year_counter:inst_year|year[3]    ; date_core:date_inst|year_counter:inst_year|year[3]    ; clk_50M      ; clk_50M     ; 1.000        ; 0.000      ; 2.171      ;
; -1.139 ; date_core:date_inst|year_counter:inst_year|year[3]    ; date_core:date_inst|year_counter:inst_year|year[4]    ; clk_50M      ; clk_50M     ; 1.000        ; 0.000      ; 2.171      ;
; -1.139 ; date_core:date_inst|year_counter:inst_year|year[3]    ; date_core:date_inst|year_counter:inst_year|year[6]    ; clk_50M      ; clk_50M     ; 1.000        ; 0.000      ; 2.171      ;
; -1.139 ; date_core:date_inst|year_counter:inst_year|year[3]    ; date_core:date_inst|year_counter:inst_year|year[0]    ; clk_50M      ; clk_50M     ; 1.000        ; 0.000      ; 2.171      ;
; -1.139 ; date_core:date_inst|year_counter:inst_year|year[3]    ; date_core:date_inst|year_counter:inst_year|year[5]    ; clk_50M      ; clk_50M     ; 1.000        ; 0.000      ; 2.171      ;
; -1.139 ; time_core:time_inst|counter_60:inst_minute|val[3]     ; date_core:date_inst|year_counter:inst_year|year[1]    ; clk_50M      ; clk_50M     ; 1.000        ; -0.010     ; 2.161      ;
; -1.139 ; time_core:time_inst|counter_60:inst_minute|val[3]     ; date_core:date_inst|year_counter:inst_year|year[2]    ; clk_50M      ; clk_50M     ; 1.000        ; -0.010     ; 2.161      ;
; -1.139 ; time_core:time_inst|counter_60:inst_minute|val[3]     ; date_core:date_inst|year_counter:inst_year|year[3]    ; clk_50M      ; clk_50M     ; 1.000        ; -0.010     ; 2.161      ;
; -1.139 ; time_core:time_inst|counter_60:inst_minute|val[3]     ; date_core:date_inst|year_counter:inst_year|year[4]    ; clk_50M      ; clk_50M     ; 1.000        ; -0.010     ; 2.161      ;
; -1.139 ; time_core:time_inst|counter_60:inst_minute|val[3]     ; date_core:date_inst|year_counter:inst_year|year[6]    ; clk_50M      ; clk_50M     ; 1.000        ; -0.010     ; 2.161      ;
; -1.139 ; time_core:time_inst|counter_60:inst_minute|val[3]     ; date_core:date_inst|year_counter:inst_year|year[0]    ; clk_50M      ; clk_50M     ; 1.000        ; -0.010     ; 2.161      ;
; -1.139 ; time_core:time_inst|counter_60:inst_minute|val[3]     ; date_core:date_inst|year_counter:inst_year|year[5]    ; clk_50M      ; clk_50M     ; 1.000        ; -0.010     ; 2.161      ;
; -1.132 ; debounce:debounce_rst_num|button_out                  ; date_core:date_inst|year_counter:inst_year|century[0] ; clk_50M      ; clk_50M     ; 1.000        ; -0.006     ; 2.158      ;
; -1.132 ; debounce:debounce_rst_num|button_out                  ; date_core:date_inst|year_counter:inst_year|century[2] ; clk_50M      ; clk_50M     ; 1.000        ; -0.006     ; 2.158      ;
; -1.132 ; debounce:debounce_rst_num|button_out                  ; date_core:date_inst|year_counter:inst_year|century[5] ; clk_50M      ; clk_50M     ; 1.000        ; -0.006     ; 2.158      ;
; -1.132 ; debounce:debounce_rst_num|button_out                  ; date_core:date_inst|year_counter:inst_year|century[6] ; clk_50M      ; clk_50M     ; 1.000        ; -0.006     ; 2.158      ;
; -1.132 ; debounce:debounce_rst_num|button_out                  ; date_core:date_inst|year_counter:inst_year|century[3] ; clk_50M      ; clk_50M     ; 1.000        ; -0.006     ; 2.158      ;
; -1.132 ; debounce:debounce_rst_num|button_out                  ; date_core:date_inst|year_counter:inst_year|century[1] ; clk_50M      ; clk_50M     ; 1.000        ; -0.006     ; 2.158      ;
; -1.132 ; debounce:debounce_rst_num|button_out                  ; date_core:date_inst|year_counter:inst_year|century[4] ; clk_50M      ; clk_50M     ; 1.000        ; -0.006     ; 2.158      ;
; -1.127 ; date_core:date_inst|year_counter:inst_year|year[6]    ; date_core:date_inst|year_counter:inst_year|century[0] ; clk_50M      ; clk_50M     ; 1.000        ; -0.002     ; 2.157      ;
; -1.127 ; date_core:date_inst|year_counter:inst_year|year[6]    ; date_core:date_inst|year_counter:inst_year|century[2] ; clk_50M      ; clk_50M     ; 1.000        ; -0.002     ; 2.157      ;
; -1.127 ; date_core:date_inst|year_counter:inst_year|year[6]    ; date_core:date_inst|year_counter:inst_year|century[5] ; clk_50M      ; clk_50M     ; 1.000        ; -0.002     ; 2.157      ;
; -1.127 ; date_core:date_inst|year_counter:inst_year|year[6]    ; date_core:date_inst|year_counter:inst_year|century[6] ; clk_50M      ; clk_50M     ; 1.000        ; -0.002     ; 2.157      ;
; -1.127 ; date_core:date_inst|year_counter:inst_year|year[6]    ; date_core:date_inst|year_counter:inst_year|century[3] ; clk_50M      ; clk_50M     ; 1.000        ; -0.002     ; 2.157      ;
; -1.127 ; date_core:date_inst|year_counter:inst_year|year[6]    ; date_core:date_inst|year_counter:inst_year|century[1] ; clk_50M      ; clk_50M     ; 1.000        ; -0.002     ; 2.157      ;
; -1.127 ; date_core:date_inst|year_counter:inst_year|year[6]    ; date_core:date_inst|year_counter:inst_year|century[4] ; clk_50M      ; clk_50M     ; 1.000        ; -0.002     ; 2.157      ;
; -1.124 ; date_core:date_inst|month_counter:inst_month|month[2] ; date_core:date_inst|year_counter:inst_year|year[1]    ; clk_50M      ; clk_50M     ; 1.000        ; -0.007     ; 2.149      ;
; -1.124 ; date_core:date_inst|month_counter:inst_month|month[2] ; date_core:date_inst|year_counter:inst_year|year[2]    ; clk_50M      ; clk_50M     ; 1.000        ; -0.007     ; 2.149      ;
; -1.124 ; date_core:date_inst|month_counter:inst_month|month[2] ; date_core:date_inst|year_counter:inst_year|year[3]    ; clk_50M      ; clk_50M     ; 1.000        ; -0.007     ; 2.149      ;
; -1.124 ; date_core:date_inst|month_counter:inst_month|month[2] ; date_core:date_inst|year_counter:inst_year|year[4]    ; clk_50M      ; clk_50M     ; 1.000        ; -0.007     ; 2.149      ;
; -1.124 ; date_core:date_inst|month_counter:inst_month|month[2] ; date_core:date_inst|year_counter:inst_year|year[6]    ; clk_50M      ; clk_50M     ; 1.000        ; -0.007     ; 2.149      ;
; -1.124 ; date_core:date_inst|month_counter:inst_month|month[2] ; date_core:date_inst|year_counter:inst_year|year[0]    ; clk_50M      ; clk_50M     ; 1.000        ; -0.007     ; 2.149      ;
; -1.124 ; date_core:date_inst|month_counter:inst_month|month[2] ; date_core:date_inst|year_counter:inst_year|year[5]    ; clk_50M      ; clk_50M     ; 1.000        ; -0.007     ; 2.149      ;
; -1.121 ; time_core:time_inst|counter_60:inst_minute|val[5]     ; date_core:date_inst|year_counter:inst_year|century[0] ; clk_50M      ; clk_50M     ; 1.000        ; -0.012     ; 2.141      ;
; -1.121 ; time_core:time_inst|counter_60:inst_minute|val[5]     ; date_core:date_inst|year_counter:inst_year|century[2] ; clk_50M      ; clk_50M     ; 1.000        ; -0.012     ; 2.141      ;
; -1.121 ; time_core:time_inst|counter_60:inst_minute|val[5]     ; date_core:date_inst|year_counter:inst_year|century[5] ; clk_50M      ; clk_50M     ; 1.000        ; -0.012     ; 2.141      ;
; -1.121 ; time_core:time_inst|counter_60:inst_minute|val[5]     ; date_core:date_inst|year_counter:inst_year|century[6] ; clk_50M      ; clk_50M     ; 1.000        ; -0.012     ; 2.141      ;
; -1.121 ; time_core:time_inst|counter_60:inst_minute|val[5]     ; date_core:date_inst|year_counter:inst_year|century[3] ; clk_50M      ; clk_50M     ; 1.000        ; -0.012     ; 2.141      ;
; -1.121 ; time_core:time_inst|counter_60:inst_minute|val[5]     ; date_core:date_inst|year_counter:inst_year|century[1] ; clk_50M      ; clk_50M     ; 1.000        ; -0.012     ; 2.141      ;
; -1.121 ; time_core:time_inst|counter_60:inst_minute|val[5]     ; date_core:date_inst|year_counter:inst_year|century[4] ; clk_50M      ; clk_50M     ; 1.000        ; -0.012     ; 2.141      ;
; -1.118 ; date_core:date_inst|month_counter:inst_month|month[3] ; date_core:date_inst|year_counter:inst_year|year[1]    ; clk_50M      ; clk_50M     ; 1.000        ; -0.007     ; 2.143      ;
; -1.118 ; date_core:date_inst|month_counter:inst_month|month[3] ; date_core:date_inst|year_counter:inst_year|year[2]    ; clk_50M      ; clk_50M     ; 1.000        ; -0.007     ; 2.143      ;
; -1.118 ; date_core:date_inst|month_counter:inst_month|month[3] ; date_core:date_inst|year_counter:inst_year|year[3]    ; clk_50M      ; clk_50M     ; 1.000        ; -0.007     ; 2.143      ;
; -1.118 ; date_core:date_inst|month_counter:inst_month|month[3] ; date_core:date_inst|year_counter:inst_year|year[4]    ; clk_50M      ; clk_50M     ; 1.000        ; -0.007     ; 2.143      ;
; -1.118 ; date_core:date_inst|month_counter:inst_month|month[3] ; date_core:date_inst|year_counter:inst_year|year[6]    ; clk_50M      ; clk_50M     ; 1.000        ; -0.007     ; 2.143      ;
; -1.118 ; date_core:date_inst|month_counter:inst_month|month[3] ; date_core:date_inst|year_counter:inst_year|year[0]    ; clk_50M      ; clk_50M     ; 1.000        ; -0.007     ; 2.143      ;
; -1.118 ; date_core:date_inst|month_counter:inst_month|month[3] ; date_core:date_inst|year_counter:inst_year|year[5]    ; clk_50M      ; clk_50M     ; 1.000        ; -0.007     ; 2.143      ;
; -1.116 ; date_core:date_inst|year_counter:inst_year|year[3]    ; date_core:date_inst|year_counter:inst_year|century[0] ; clk_50M      ; clk_50M     ; 1.000        ; -0.002     ; 2.146      ;
; -1.116 ; date_core:date_inst|year_counter:inst_year|year[3]    ; date_core:date_inst|year_counter:inst_year|century[2] ; clk_50M      ; clk_50M     ; 1.000        ; -0.002     ; 2.146      ;
; -1.116 ; date_core:date_inst|year_counter:inst_year|year[3]    ; date_core:date_inst|year_counter:inst_year|century[5] ; clk_50M      ; clk_50M     ; 1.000        ; -0.002     ; 2.146      ;
; -1.116 ; date_core:date_inst|year_counter:inst_year|year[3]    ; date_core:date_inst|year_counter:inst_year|century[6] ; clk_50M      ; clk_50M     ; 1.000        ; -0.002     ; 2.146      ;
; -1.116 ; date_core:date_inst|year_counter:inst_year|year[3]    ; date_core:date_inst|year_counter:inst_year|century[3] ; clk_50M      ; clk_50M     ; 1.000        ; -0.002     ; 2.146      ;
; -1.116 ; date_core:date_inst|year_counter:inst_year|year[3]    ; date_core:date_inst|year_counter:inst_year|century[1] ; clk_50M      ; clk_50M     ; 1.000        ; -0.002     ; 2.146      ;
; -1.116 ; date_core:date_inst|year_counter:inst_year|year[3]    ; date_core:date_inst|year_counter:inst_year|century[4] ; clk_50M      ; clk_50M     ; 1.000        ; -0.002     ; 2.146      ;
; -1.116 ; time_core:time_inst|counter_60:inst_minute|val[3]     ; date_core:date_inst|year_counter:inst_year|century[0] ; clk_50M      ; clk_50M     ; 1.000        ; -0.012     ; 2.136      ;
; -1.116 ; time_core:time_inst|counter_60:inst_minute|val[3]     ; date_core:date_inst|year_counter:inst_year|century[2] ; clk_50M      ; clk_50M     ; 1.000        ; -0.012     ; 2.136      ;
; -1.116 ; time_core:time_inst|counter_60:inst_minute|val[3]     ; date_core:date_inst|year_counter:inst_year|century[5] ; clk_50M      ; clk_50M     ; 1.000        ; -0.012     ; 2.136      ;
; -1.116 ; time_core:time_inst|counter_60:inst_minute|val[3]     ; date_core:date_inst|year_counter:inst_year|century[6] ; clk_50M      ; clk_50M     ; 1.000        ; -0.012     ; 2.136      ;
; -1.116 ; time_core:time_inst|counter_60:inst_minute|val[3]     ; date_core:date_inst|year_counter:inst_year|century[3] ; clk_50M      ; clk_50M     ; 1.000        ; -0.012     ; 2.136      ;
; -1.116 ; time_core:time_inst|counter_60:inst_minute|val[3]     ; date_core:date_inst|year_counter:inst_year|century[1] ; clk_50M      ; clk_50M     ; 1.000        ; -0.012     ; 2.136      ;
; -1.116 ; time_core:time_inst|counter_60:inst_minute|val[3]     ; date_core:date_inst|year_counter:inst_year|century[4] ; clk_50M      ; clk_50M     ; 1.000        ; -0.012     ; 2.136      ;
; -1.110 ; date_core:date_inst|year_counter:inst_year|year[1]    ; date_core:date_inst|year_counter:inst_year|year[1]    ; clk_50M      ; clk_50M     ; 1.000        ; 0.000      ; 2.142      ;
; -1.110 ; date_core:date_inst|year_counter:inst_year|year[1]    ; date_core:date_inst|year_counter:inst_year|year[2]    ; clk_50M      ; clk_50M     ; 1.000        ; 0.000      ; 2.142      ;
; -1.110 ; date_core:date_inst|year_counter:inst_year|year[1]    ; date_core:date_inst|year_counter:inst_year|year[3]    ; clk_50M      ; clk_50M     ; 1.000        ; 0.000      ; 2.142      ;
; -1.110 ; date_core:date_inst|year_counter:inst_year|year[1]    ; date_core:date_inst|year_counter:inst_year|year[4]    ; clk_50M      ; clk_50M     ; 1.000        ; 0.000      ; 2.142      ;
; -1.110 ; date_core:date_inst|year_counter:inst_year|year[1]    ; date_core:date_inst|year_counter:inst_year|year[6]    ; clk_50M      ; clk_50M     ; 1.000        ; 0.000      ; 2.142      ;
; -1.110 ; date_core:date_inst|year_counter:inst_year|year[1]    ; date_core:date_inst|year_counter:inst_year|year[0]    ; clk_50M      ; clk_50M     ; 1.000        ; 0.000      ; 2.142      ;
; -1.110 ; date_core:date_inst|year_counter:inst_year|year[1]    ; date_core:date_inst|year_counter:inst_year|year[5]    ; clk_50M      ; clk_50M     ; 1.000        ; 0.000      ; 2.142      ;
; -1.107 ; date_core:date_inst|year_counter:inst_year|year[6]    ; date_core:date_inst|month_counter:inst_month|month[1] ; clk_50M      ; clk_50M     ; 1.000        ; 0.007      ; 2.146      ;
; -1.107 ; date_core:date_inst|year_counter:inst_year|year[6]    ; date_core:date_inst|month_counter:inst_month|month[2] ; clk_50M      ; clk_50M     ; 1.000        ; 0.007      ; 2.146      ;
; -1.107 ; date_core:date_inst|year_counter:inst_year|year[6]    ; date_core:date_inst|month_counter:inst_month|month[3] ; clk_50M      ; clk_50M     ; 1.000        ; 0.007      ; 2.146      ;
; -1.107 ; time_core:time_inst|counter_60:inst_second|val[4]     ; date_core:date_inst|year_counter:inst_year|year[1]    ; clk_50M      ; clk_50M     ; 1.000        ; 0.003      ; 2.142      ;
; -1.107 ; time_core:time_inst|counter_60:inst_second|val[4]     ; date_core:date_inst|year_counter:inst_year|year[2]    ; clk_50M      ; clk_50M     ; 1.000        ; 0.003      ; 2.142      ;
; -1.107 ; time_core:time_inst|counter_60:inst_second|val[4]     ; date_core:date_inst|year_counter:inst_year|year[3]    ; clk_50M      ; clk_50M     ; 1.000        ; 0.003      ; 2.142      ;
; -1.107 ; time_core:time_inst|counter_60:inst_second|val[4]     ; date_core:date_inst|year_counter:inst_year|year[4]    ; clk_50M      ; clk_50M     ; 1.000        ; 0.003      ; 2.142      ;
; -1.107 ; time_core:time_inst|counter_60:inst_second|val[4]     ; date_core:date_inst|year_counter:inst_year|year[6]    ; clk_50M      ; clk_50M     ; 1.000        ; 0.003      ; 2.142      ;
; -1.107 ; time_core:time_inst|counter_60:inst_second|val[4]     ; date_core:date_inst|year_counter:inst_year|year[0]    ; clk_50M      ; clk_50M     ; 1.000        ; 0.003      ; 2.142      ;
; -1.107 ; time_core:time_inst|counter_60:inst_second|val[4]     ; date_core:date_inst|year_counter:inst_year|year[5]    ; clk_50M      ; clk_50M     ; 1.000        ; 0.003      ; 2.142      ;
; -1.106 ; tick_generator_1hz:tick_gen|blink_counter[0]          ; tick_generator_1hz:tick_gen|counter_value[25]         ; clk_50M      ; clk_50M     ; 1.000        ; -0.019     ; 2.119      ;
; -1.101 ; date_core:date_inst|month_counter:inst_month|month[2] ; date_core:date_inst|year_counter:inst_year|century[0] ; clk_50M      ; clk_50M     ; 1.000        ; -0.009     ; 2.124      ;
; -1.101 ; date_core:date_inst|month_counter:inst_month|month[2] ; date_core:date_inst|year_counter:inst_year|century[2] ; clk_50M      ; clk_50M     ; 1.000        ; -0.009     ; 2.124      ;
; -1.101 ; date_core:date_inst|month_counter:inst_month|month[2] ; date_core:date_inst|year_counter:inst_year|century[5] ; clk_50M      ; clk_50M     ; 1.000        ; -0.009     ; 2.124      ;
; -1.101 ; date_core:date_inst|month_counter:inst_month|month[2] ; date_core:date_inst|year_counter:inst_year|century[6] ; clk_50M      ; clk_50M     ; 1.000        ; -0.009     ; 2.124      ;
; -1.101 ; date_core:date_inst|month_counter:inst_month|month[2] ; date_core:date_inst|year_counter:inst_year|century[3] ; clk_50M      ; clk_50M     ; 1.000        ; -0.009     ; 2.124      ;
+--------+-------------------------------------------------------+-------------------------------------------------------+--------------+-------------+--------------+------------+------------+


+---------------------------------------------------------------------------------------------------------------------------------------------------------------------------------------------+
; Fast Model Hold: 'clk_50M'                                                                                                                                                                  ;
+-------+-------------------------------------------------------+-------------------------------------------------------+--------------+-------------+--------------+------------+------------+
; Slack ; From Node                                             ; To Node                                               ; Launch Clock ; Latch Clock ; Relationship ; Clock Skew ; Data Delay ;
+-------+-------------------------------------------------------+-------------------------------------------------------+--------------+-------------+--------------+------------+------------+
; 0.215 ; debounce:debounce_mode|button_out                     ; debounce:debounce_mode|button_out                     ; clk_50M      ; clk_50M     ; 0.000        ; 0.000      ; 0.367      ;
; 0.215 ; mode_control:mode_fsm|current_state[0]                ; mode_control:mode_fsm|current_state[0]                ; clk_50M      ; clk_50M     ; 0.000        ; 0.000      ; 0.367      ;
; 0.215 ; mode_control:mode_fsm|current_state[1]                ; mode_control:mode_fsm|current_state[1]                ; clk_50M      ; clk_50M     ; 0.000        ; 0.000      ; 0.367      ;
; 0.215 ; mode_control:mode_fsm|current_state[2]                ; mode_control:mode_fsm|current_state[2]                ; clk_50M      ; clk_50M     ; 0.000        ; 0.000      ; 0.367      ;
; 0.215 ; debounce:debounce_inc|button_out                      ; debounce:debounce_inc|button_out                      ; clk_50M      ; clk_50M     ; 0.000        ; 0.000      ; 0.367      ;
; 0.215 ; debounce:debounce_rst_num|button_out                  ; debounce:debounce_rst_num|button_out                  ; clk_50M      ; clk_50M     ; 0.000        ; 0.000      ; 0.367      ;
; 0.215 ; debounce:debounce_dec|button_out                      ; debounce:debounce_dec|button_out                      ; clk_50M      ; clk_50M     ; 0.000        ; 0.000      ; 0.367      ;
; 0.215 ; date_core:date_inst|month_counter:inst_month|month[1] ; date_core:date_inst|month_counter:inst_month|month[1] ; clk_50M      ; clk_50M     ; 0.000        ; 0.000      ; 0.367      ;
; 0.215 ; display_control:inst_display|auto_page                ; display_control:inst_display|auto_page                ; clk_50M      ; clk_50M     ; 0.000        ; 0.000      ; 0.367      ;
; 0.215 ; tick_generator_1hz:tick_gen|blink_1HZ                 ; tick_generator_1hz:tick_gen|blink_1HZ                 ; clk_50M      ; clk_50M     ; 0.000        ; 0.000      ; 0.367      ;
; 0.244 ; debounce:debounce_mode|counter[19]                    ; debounce:debounce_mode|counter[19]                    ; clk_50M      ; clk_50M     ; 0.000        ; 0.000      ; 0.396      ;
; 0.247 ; debounce:debounce_inc|counter[19]                     ; debounce:debounce_inc|counter[19]                     ; clk_50M      ; clk_50M     ; 0.000        ; 0.000      ; 0.399      ;
; 0.247 ; debounce:debounce_rst_num|counter[19]                 ; debounce:debounce_rst_num|counter[19]                 ; clk_50M      ; clk_50M     ; 0.000        ; 0.000      ; 0.399      ;
; 0.247 ; time_core:time_inst|counter_60:inst_second|val[5]     ; time_core:time_inst|counter_60:inst_second|val[5]     ; clk_50M      ; clk_50M     ; 0.000        ; 0.000      ; 0.399      ;
; 0.248 ; edge_detector:ed_mode|btn_sync                        ; mode_control:mode_fsm|current_state[2]                ; clk_50M      ; clk_50M     ; 0.000        ; 0.000      ; 0.400      ;
; 0.249 ; debounce:debounce_dec|counter[19]                     ; debounce:debounce_dec|counter[19]                     ; clk_50M      ; clk_50M     ; 0.000        ; 0.000      ; 0.401      ;
; 0.317 ; debounce:debounce_dec|button_sync_0                   ; debounce:debounce_dec|button_sync_1                   ; clk_50M      ; clk_50M     ; 0.000        ; 0.000      ; 0.469      ;
; 0.323 ; debounce:debounce_rst_num|button_sync_0               ; debounce:debounce_rst_num|button_sync_1               ; clk_50M      ; clk_50M     ; 0.000        ; 0.000      ; 0.475      ;
; 0.327 ; debounce:debounce_mode|button_sync_1                  ; debounce:debounce_mode|button_out                     ; clk_50M      ; clk_50M     ; 0.000        ; -0.002     ; 0.477      ;
; 0.353 ; mode_control:mode_fsm|current_state[0]                ; mode_control:mode_fsm|current_state[1]                ; clk_50M      ; clk_50M     ; 0.000        ; 0.000      ; 0.505      ;
; 0.354 ; debounce:debounce_inc|counter[1]                      ; debounce:debounce_inc|counter[1]                      ; clk_50M      ; clk_50M     ; 0.000        ; 0.000      ; 0.506      ;
; 0.354 ; debounce:debounce_rst_num|counter[1]                  ; debounce:debounce_rst_num|counter[1]                  ; clk_50M      ; clk_50M     ; 0.000        ; 0.000      ; 0.506      ;
; 0.354 ; debounce:debounce_dec|counter[1]                      ; debounce:debounce_dec|counter[1]                      ; clk_50M      ; clk_50M     ; 0.000        ; 0.000      ; 0.506      ;
; 0.356 ; debounce:debounce_mode|counter[1]                     ; debounce:debounce_mode|counter[1]                     ; clk_50M      ; clk_50M     ; 0.000        ; 0.000      ; 0.508      ;
; 0.356 ; debounce:debounce_inc|counter[3]                      ; debounce:debounce_inc|counter[3]                      ; clk_50M      ; clk_50M     ; 0.000        ; 0.000      ; 0.508      ;
; 0.356 ; debounce:debounce_inc|counter[5]                      ; debounce:debounce_inc|counter[5]                      ; clk_50M      ; clk_50M     ; 0.000        ; 0.000      ; 0.508      ;
; 0.356 ; debounce:debounce_rst_num|counter[3]                  ; debounce:debounce_rst_num|counter[3]                  ; clk_50M      ; clk_50M     ; 0.000        ; 0.000      ; 0.508      ;
; 0.356 ; debounce:debounce_rst_num|counter[5]                  ; debounce:debounce_rst_num|counter[5]                  ; clk_50M      ; clk_50M     ; 0.000        ; 0.000      ; 0.508      ;
; 0.356 ; debounce:debounce_dec|counter[3]                      ; debounce:debounce_dec|counter[3]                      ; clk_50M      ; clk_50M     ; 0.000        ; 0.000      ; 0.508      ;
; 0.356 ; debounce:debounce_dec|counter[5]                      ; debounce:debounce_dec|counter[5]                      ; clk_50M      ; clk_50M     ; 0.000        ; 0.000      ; 0.508      ;
; 0.356 ; tick_generator_1hz:tick_gen|blink_counter[23]         ; tick_generator_1hz:tick_gen|blink_counter[23]         ; clk_50M      ; clk_50M     ; 0.000        ; 0.000      ; 0.508      ;
; 0.357 ; debounce:debounce_mode|counter[10]                    ; debounce:debounce_mode|counter[10]                    ; clk_50M      ; clk_50M     ; 0.000        ; 0.000      ; 0.509      ;
; 0.357 ; debounce:debounce_inc|counter[10]                     ; debounce:debounce_inc|counter[10]                     ; clk_50M      ; clk_50M     ; 0.000        ; 0.000      ; 0.509      ;
; 0.357 ; debounce:debounce_rst_num|counter[10]                 ; debounce:debounce_rst_num|counter[10]                 ; clk_50M      ; clk_50M     ; 0.000        ; 0.000      ; 0.509      ;
; 0.357 ; debounce:debounce_dec|counter[10]                     ; debounce:debounce_dec|counter[10]                     ; clk_50M      ; clk_50M     ; 0.000        ; 0.000      ; 0.509      ;
; 0.358 ; debounce:debounce_mode|counter[3]                     ; debounce:debounce_mode|counter[3]                     ; clk_50M      ; clk_50M     ; 0.000        ; 0.000      ; 0.510      ;
; 0.358 ; debounce:debounce_mode|counter[5]                     ; debounce:debounce_mode|counter[5]                     ; clk_50M      ; clk_50M     ; 0.000        ; 0.000      ; 0.510      ;
; 0.358 ; tick_generator_1hz:tick_gen|counter_value[24]         ; tick_generator_1hz:tick_gen|counter_value[24]         ; clk_50M      ; clk_50M     ; 0.000        ; 0.000      ; 0.510      ;
; 0.361 ; debounce:debounce_mode|counter[11]                    ; debounce:debounce_mode|counter[11]                    ; clk_50M      ; clk_50M     ; 0.000        ; 0.000      ; 0.513      ;
; 0.361 ; tick_generator_1hz:tick_gen|blink_counter[9]          ; tick_generator_1hz:tick_gen|blink_counter[9]          ; clk_50M      ; clk_50M     ; 0.000        ; 0.000      ; 0.513      ;
; 0.361 ; tick_generator_1hz:tick_gen|blink_counter[10]         ; tick_generator_1hz:tick_gen|blink_counter[10]         ; clk_50M      ; clk_50M     ; 0.000        ; 0.000      ; 0.513      ;
; 0.362 ; tick_generator_1hz:tick_gen|counter_value[6]          ; tick_generator_1hz:tick_gen|counter_value[6]          ; clk_50M      ; clk_50M     ; 0.000        ; 0.000      ; 0.514      ;
; 0.362 ; tick_generator_1hz:tick_gen|counter_value[8]          ; tick_generator_1hz:tick_gen|counter_value[8]          ; clk_50M      ; clk_50M     ; 0.000        ; 0.000      ; 0.514      ;
; 0.362 ; tick_generator_1hz:tick_gen|counter_value[11]         ; tick_generator_1hz:tick_gen|counter_value[11]         ; clk_50M      ; clk_50M     ; 0.000        ; 0.000      ; 0.514      ;
; 0.362 ; debounce:debounce_inc|counter[11]                     ; debounce:debounce_inc|counter[11]                     ; clk_50M      ; clk_50M     ; 0.000        ; 0.000      ; 0.514      ;
; 0.362 ; date_core:date_inst|year_counter:inst_year|century[5] ; date_core:date_inst|year_counter:inst_year|century[5] ; clk_50M      ; clk_50M     ; 0.000        ; 0.000      ; 0.514      ;
; 0.363 ; tick_generator_1hz:tick_gen|counter_value[10]         ; tick_generator_1hz:tick_gen|counter_value[10]         ; clk_50M      ; clk_50M     ; 0.000        ; 0.000      ; 0.515      ;
; 0.363 ; debounce:debounce_rst_num|counter[11]                 ; debounce:debounce_rst_num|counter[11]                 ; clk_50M      ; clk_50M     ; 0.000        ; 0.000      ; 0.515      ;
; 0.363 ; tick_generator_1hz:tick_gen|blink_counter[3]          ; tick_generator_1hz:tick_gen|blink_counter[3]          ; clk_50M      ; clk_50M     ; 0.000        ; 0.000      ; 0.515      ;
; 0.363 ; tick_generator_1hz:tick_gen|blink_counter[5]          ; tick_generator_1hz:tick_gen|blink_counter[5]          ; clk_50M      ; clk_50M     ; 0.000        ; 0.000      ; 0.515      ;
; 0.364 ; tick_generator_1hz:tick_gen|counter_value[4]          ; tick_generator_1hz:tick_gen|counter_value[4]          ; clk_50M      ; clk_50M     ; 0.000        ; 0.000      ; 0.516      ;
; 0.364 ; debounce:debounce_dec|counter[11]                     ; debounce:debounce_dec|counter[11]                     ; clk_50M      ; clk_50M     ; 0.000        ; 0.000      ; 0.516      ;
; 0.364 ; date_core:date_inst|year_counter:inst_year|century[3] ; date_core:date_inst|year_counter:inst_year|century[3] ; clk_50M      ; clk_50M     ; 0.000        ; 0.000      ; 0.516      ;
; 0.364 ; date_core:date_inst|year_counter:inst_year|century[1] ; date_core:date_inst|year_counter:inst_year|century[1] ; clk_50M      ; clk_50M     ; 0.000        ; 0.000      ; 0.516      ;
; 0.364 ; tick_generator_1hz:tick_gen|blink_counter[7]          ; tick_generator_1hz:tick_gen|blink_counter[7]          ; clk_50M      ; clk_50M     ; 0.000        ; 0.000      ; 0.516      ;
; 0.365 ; debounce:debounce_mode|counter[8]                     ; debounce:debounce_mode|counter[8]                     ; clk_50M      ; clk_50M     ; 0.000        ; 0.000      ; 0.517      ;
; 0.365 ; debounce:debounce_mode|counter[9]                     ; debounce:debounce_mode|counter[9]                     ; clk_50M      ; clk_50M     ; 0.000        ; 0.000      ; 0.517      ;
; 0.365 ; debounce:debounce_mode|counter[12]                    ; debounce:debounce_mode|counter[12]                    ; clk_50M      ; clk_50M     ; 0.000        ; 0.000      ; 0.517      ;
; 0.365 ; debounce:debounce_mode|counter[14]                    ; debounce:debounce_mode|counter[14]                    ; clk_50M      ; clk_50M     ; 0.000        ; 0.000      ; 0.517      ;
; 0.365 ; debounce:debounce_mode|counter[7]                     ; debounce:debounce_mode|counter[7]                     ; clk_50M      ; clk_50M     ; 0.000        ; 0.000      ; 0.517      ;
; 0.365 ; debounce:debounce_inc|counter[0]                      ; debounce:debounce_inc|counter[0]                      ; clk_50M      ; clk_50M     ; 0.000        ; 0.000      ; 0.517      ;
; 0.365 ; debounce:debounce_inc|counter[7]                      ; debounce:debounce_inc|counter[7]                      ; clk_50M      ; clk_50M     ; 0.000        ; 0.000      ; 0.517      ;
; 0.365 ; debounce:debounce_inc|counter[8]                      ; debounce:debounce_inc|counter[8]                      ; clk_50M      ; clk_50M     ; 0.000        ; 0.000      ; 0.517      ;
; 0.365 ; debounce:debounce_inc|counter[9]                      ; debounce:debounce_inc|counter[9]                      ; clk_50M      ; clk_50M     ; 0.000        ; 0.000      ; 0.517      ;
; 0.365 ; debounce:debounce_rst_num|counter[0]                  ; debounce:debounce_rst_num|counter[0]                  ; clk_50M      ; clk_50M     ; 0.000        ; 0.000      ; 0.517      ;
; 0.365 ; debounce:debounce_rst_num|counter[7]                  ; debounce:debounce_rst_num|counter[7]                  ; clk_50M      ; clk_50M     ; 0.000        ; 0.000      ; 0.517      ;
; 0.365 ; debounce:debounce_rst_num|counter[8]                  ; debounce:debounce_rst_num|counter[8]                  ; clk_50M      ; clk_50M     ; 0.000        ; 0.000      ; 0.517      ;
; 0.365 ; debounce:debounce_rst_num|counter[9]                  ; debounce:debounce_rst_num|counter[9]                  ; clk_50M      ; clk_50M     ; 0.000        ; 0.000      ; 0.517      ;
; 0.365 ; debounce:debounce_dec|counter[0]                      ; debounce:debounce_dec|counter[0]                      ; clk_50M      ; clk_50M     ; 0.000        ; 0.000      ; 0.517      ;
; 0.365 ; debounce:debounce_dec|counter[7]                      ; debounce:debounce_dec|counter[7]                      ; clk_50M      ; clk_50M     ; 0.000        ; 0.000      ; 0.517      ;
; 0.365 ; debounce:debounce_dec|counter[8]                      ; debounce:debounce_dec|counter[8]                      ; clk_50M      ; clk_50M     ; 0.000        ; 0.000      ; 0.517      ;
; 0.365 ; debounce:debounce_dec|counter[9]                      ; debounce:debounce_dec|counter[9]                      ; clk_50M      ; clk_50M     ; 0.000        ; 0.000      ; 0.517      ;
; 0.365 ; edge_detector:ed_mode|btn_sync                        ; mode_control:mode_fsm|current_state[1]                ; clk_50M      ; clk_50M     ; 0.000        ; 0.000      ; 0.517      ;
; 0.365 ; debounce:debounce_dec|button_sync_1                   ; debounce:debounce_dec|button_out                      ; clk_50M      ; clk_50M     ; 0.000        ; 0.000      ; 0.517      ;
; 0.366 ; debounce:debounce_mode|counter[17]                    ; debounce:debounce_mode|counter[17]                    ; clk_50M      ; clk_50M     ; 0.000        ; 0.000      ; 0.518      ;
; 0.366 ; tick_generator_1hz:tick_gen|blink_counter[0]          ; tick_generator_1hz:tick_gen|blink_counter[0]          ; clk_50M      ; clk_50M     ; 0.000        ; 0.000      ; 0.518      ;
; 0.367 ; debounce:debounce_mode|counter[0]                     ; debounce:debounce_mode|counter[0]                     ; clk_50M      ; clk_50M     ; 0.000        ; 0.000      ; 0.519      ;
; 0.367 ; debounce:debounce_inc|counter[12]                     ; debounce:debounce_inc|counter[12]                     ; clk_50M      ; clk_50M     ; 0.000        ; 0.000      ; 0.519      ;
; 0.367 ; debounce:debounce_inc|counter[14]                     ; debounce:debounce_inc|counter[14]                     ; clk_50M      ; clk_50M     ; 0.000        ; 0.000      ; 0.519      ;
; 0.367 ; debounce:debounce_inc|counter[17]                     ; debounce:debounce_inc|counter[17]                     ; clk_50M      ; clk_50M     ; 0.000        ; 0.000      ; 0.519      ;
; 0.367 ; debounce:debounce_rst_num|counter[12]                 ; debounce:debounce_rst_num|counter[12]                 ; clk_50M      ; clk_50M     ; 0.000        ; 0.000      ; 0.519      ;
; 0.367 ; debounce:debounce_rst_num|counter[14]                 ; debounce:debounce_rst_num|counter[14]                 ; clk_50M      ; clk_50M     ; 0.000        ; 0.000      ; 0.519      ;
; 0.367 ; debounce:debounce_rst_num|counter[17]                 ; debounce:debounce_rst_num|counter[17]                 ; clk_50M      ; clk_50M     ; 0.000        ; 0.000      ; 0.519      ;
; 0.367 ; time_core:time_inst|counter_60:inst_second|val[3]     ; time_core:time_inst|counter_60:inst_second|val[3]     ; clk_50M      ; clk_50M     ; 0.000        ; 0.000      ; 0.519      ;
; 0.367 ; debounce:debounce_dec|counter[12]                     ; debounce:debounce_dec|counter[12]                     ; clk_50M      ; clk_50M     ; 0.000        ; 0.000      ; 0.519      ;
; 0.367 ; debounce:debounce_dec|counter[14]                     ; debounce:debounce_dec|counter[14]                     ; clk_50M      ; clk_50M     ; 0.000        ; 0.000      ; 0.519      ;
; 0.367 ; edge_detector:ed_mode|btn_sync                        ; mode_control:mode_fsm|current_state[0]                ; clk_50M      ; clk_50M     ; 0.000        ; 0.000      ; 0.519      ;
; 0.368 ; debounce:debounce_mode|counter[18]                    ; debounce:debounce_mode|counter[18]                    ; clk_50M      ; clk_50M     ; 0.000        ; 0.000      ; 0.520      ;
; 0.368 ; time_core:time_inst|counter_60:inst_second|val[1]     ; time_core:time_inst|counter_60:inst_second|val[1]     ; clk_50M      ; clk_50M     ; 0.000        ; 0.000      ; 0.520      ;
; 0.368 ; debounce:debounce_dec|counter[17]                     ; debounce:debounce_dec|counter[17]                     ; clk_50M      ; clk_50M     ; 0.000        ; 0.000      ; 0.520      ;
; 0.369 ; tick_generator_1hz:tick_gen|counter_value[2]          ; tick_generator_1hz:tick_gen|counter_value[2]          ; clk_50M      ; clk_50M     ; 0.000        ; 0.000      ; 0.521      ;
; 0.369 ; tick_generator_1hz:tick_gen|counter_value[3]          ; tick_generator_1hz:tick_gen|counter_value[3]          ; clk_50M      ; clk_50M     ; 0.000        ; 0.000      ; 0.521      ;
; 0.369 ; tick_generator_1hz:tick_gen|counter_value[16]         ; tick_generator_1hz:tick_gen|counter_value[16]         ; clk_50M      ; clk_50M     ; 0.000        ; 0.000      ; 0.521      ;
; 0.369 ; tick_generator_1hz:tick_gen|counter_value[18]         ; tick_generator_1hz:tick_gen|counter_value[18]         ; clk_50M      ; clk_50M     ; 0.000        ; 0.000      ; 0.521      ;
; 0.371 ; debounce:debounce_mode|counter[2]                     ; debounce:debounce_mode|counter[2]                     ; clk_50M      ; clk_50M     ; 0.000        ; 0.000      ; 0.523      ;
; 0.371 ; debounce:debounce_inc|counter[2]                      ; debounce:debounce_inc|counter[2]                      ; clk_50M      ; clk_50M     ; 0.000        ; 0.000      ; 0.523      ;
; 0.371 ; debounce:debounce_inc|counter[18]                     ; debounce:debounce_inc|counter[18]                     ; clk_50M      ; clk_50M     ; 0.000        ; 0.000      ; 0.523      ;
; 0.371 ; debounce:debounce_rst_num|counter[2]                  ; debounce:debounce_rst_num|counter[2]                  ; clk_50M      ; clk_50M     ; 0.000        ; 0.000      ; 0.523      ;
; 0.371 ; debounce:debounce_rst_num|counter[18]                 ; debounce:debounce_rst_num|counter[18]                 ; clk_50M      ; clk_50M     ; 0.000        ; 0.000      ; 0.523      ;
; 0.371 ; debounce:debounce_dec|counter[2]                      ; debounce:debounce_dec|counter[2]                      ; clk_50M      ; clk_50M     ; 0.000        ; 0.000      ; 0.523      ;
+-------+-------------------------------------------------------+-------------------------------------------------------+--------------+-------------+--------------+------------+------------+


+------------------------------------------------------------------------------------------------------------------------------------------+
; Fast Model Minimum Pulse Width: 'clk_50M'                                                                                                ;
+--------+--------------+----------------+------------------+---------+------------+-------------------------------------------------------+
; Slack  ; Actual Width ; Required Width ; Type             ; Clock   ; Clock Edge ; Target                                                ;
+--------+--------------+----------------+------------------+---------+------------+-------------------------------------------------------+
; -1.380 ; 1.000        ; 2.380          ; Port Rate        ; clk_50M ; Rise       ; clk_50M                                               ;
; -0.500 ; 0.500        ; 1.000          ; High Pulse Width ; clk_50M ; Rise       ; date_core:date_inst|day_counter:inst_day|day[0]       ;
; -0.500 ; 0.500        ; 1.000          ; Low Pulse Width  ; clk_50M ; Rise       ; date_core:date_inst|day_counter:inst_day|day[0]       ;
; -0.500 ; 0.500        ; 1.000          ; High Pulse Width ; clk_50M ; Rise       ; date_core:date_inst|day_counter:inst_day|day[1]       ;
; -0.500 ; 0.500        ; 1.000          ; Low Pulse Width  ; clk_50M ; Rise       ; date_core:date_inst|day_counter:inst_day|day[1]       ;
; -0.500 ; 0.500        ; 1.000          ; High Pulse Width ; clk_50M ; Rise       ; date_core:date_inst|day_counter:inst_day|day[2]       ;
; -0.500 ; 0.500        ; 1.000          ; Low Pulse Width  ; clk_50M ; Rise       ; date_core:date_inst|day_counter:inst_day|day[2]       ;
; -0.500 ; 0.500        ; 1.000          ; High Pulse Width ; clk_50M ; Rise       ; date_core:date_inst|day_counter:inst_day|day[3]       ;
; -0.500 ; 0.500        ; 1.000          ; Low Pulse Width  ; clk_50M ; Rise       ; date_core:date_inst|day_counter:inst_day|day[3]       ;
; -0.500 ; 0.500        ; 1.000          ; High Pulse Width ; clk_50M ; Rise       ; date_core:date_inst|day_counter:inst_day|day[4]       ;
; -0.500 ; 0.500        ; 1.000          ; Low Pulse Width  ; clk_50M ; Rise       ; date_core:date_inst|day_counter:inst_day|day[4]       ;
; -0.500 ; 0.500        ; 1.000          ; High Pulse Width ; clk_50M ; Rise       ; date_core:date_inst|month_counter:inst_month|month[0] ;
; -0.500 ; 0.500        ; 1.000          ; Low Pulse Width  ; clk_50M ; Rise       ; date_core:date_inst|month_counter:inst_month|month[0] ;
; -0.500 ; 0.500        ; 1.000          ; High Pulse Width ; clk_50M ; Rise       ; date_core:date_inst|month_counter:inst_month|month[1] ;
; -0.500 ; 0.500        ; 1.000          ; Low Pulse Width  ; clk_50M ; Rise       ; date_core:date_inst|month_counter:inst_month|month[1] ;
; -0.500 ; 0.500        ; 1.000          ; High Pulse Width ; clk_50M ; Rise       ; date_core:date_inst|month_counter:inst_month|month[2] ;
; -0.500 ; 0.500        ; 1.000          ; Low Pulse Width  ; clk_50M ; Rise       ; date_core:date_inst|month_counter:inst_month|month[2] ;
; -0.500 ; 0.500        ; 1.000          ; High Pulse Width ; clk_50M ; Rise       ; date_core:date_inst|month_counter:inst_month|month[3] ;
; -0.500 ; 0.500        ; 1.000          ; Low Pulse Width  ; clk_50M ; Rise       ; date_core:date_inst|month_counter:inst_month|month[3] ;
; -0.500 ; 0.500        ; 1.000          ; High Pulse Width ; clk_50M ; Rise       ; date_core:date_inst|year_counter:inst_year|century[0] ;
; -0.500 ; 0.500        ; 1.000          ; Low Pulse Width  ; clk_50M ; Rise       ; date_core:date_inst|year_counter:inst_year|century[0] ;
; -0.500 ; 0.500        ; 1.000          ; High Pulse Width ; clk_50M ; Rise       ; date_core:date_inst|year_counter:inst_year|century[1] ;
; -0.500 ; 0.500        ; 1.000          ; Low Pulse Width  ; clk_50M ; Rise       ; date_core:date_inst|year_counter:inst_year|century[1] ;
; -0.500 ; 0.500        ; 1.000          ; High Pulse Width ; clk_50M ; Rise       ; date_core:date_inst|year_counter:inst_year|century[2] ;
; -0.500 ; 0.500        ; 1.000          ; Low Pulse Width  ; clk_50M ; Rise       ; date_core:date_inst|year_counter:inst_year|century[2] ;
; -0.500 ; 0.500        ; 1.000          ; High Pulse Width ; clk_50M ; Rise       ; date_core:date_inst|year_counter:inst_year|century[3] ;
; -0.500 ; 0.500        ; 1.000          ; Low Pulse Width  ; clk_50M ; Rise       ; date_core:date_inst|year_counter:inst_year|century[3] ;
; -0.500 ; 0.500        ; 1.000          ; High Pulse Width ; clk_50M ; Rise       ; date_core:date_inst|year_counter:inst_year|century[4] ;
; -0.500 ; 0.500        ; 1.000          ; Low Pulse Width  ; clk_50M ; Rise       ; date_core:date_inst|year_counter:inst_year|century[4] ;
; -0.500 ; 0.500        ; 1.000          ; High Pulse Width ; clk_50M ; Rise       ; date_core:date_inst|year_counter:inst_year|century[5] ;
; -0.500 ; 0.500        ; 1.000          ; Low Pulse Width  ; clk_50M ; Rise       ; date_core:date_inst|year_counter:inst_year|century[5] ;
; -0.500 ; 0.500        ; 1.000          ; High Pulse Width ; clk_50M ; Rise       ; date_core:date_inst|year_counter:inst_year|century[6] ;
; -0.500 ; 0.500        ; 1.000          ; Low Pulse Width  ; clk_50M ; Rise       ; date_core:date_inst|year_counter:inst_year|century[6] ;
; -0.500 ; 0.500        ; 1.000          ; High Pulse Width ; clk_50M ; Rise       ; date_core:date_inst|year_counter:inst_year|year[0]    ;
; -0.500 ; 0.500        ; 1.000          ; Low Pulse Width  ; clk_50M ; Rise       ; date_core:date_inst|year_counter:inst_year|year[0]    ;
; -0.500 ; 0.500        ; 1.000          ; High Pulse Width ; clk_50M ; Rise       ; date_core:date_inst|year_counter:inst_year|year[1]    ;
; -0.500 ; 0.500        ; 1.000          ; Low Pulse Width  ; clk_50M ; Rise       ; date_core:date_inst|year_counter:inst_year|year[1]    ;
; -0.500 ; 0.500        ; 1.000          ; High Pulse Width ; clk_50M ; Rise       ; date_core:date_inst|year_counter:inst_year|year[2]    ;
; -0.500 ; 0.500        ; 1.000          ; Low Pulse Width  ; clk_50M ; Rise       ; date_core:date_inst|year_counter:inst_year|year[2]    ;
; -0.500 ; 0.500        ; 1.000          ; High Pulse Width ; clk_50M ; Rise       ; date_core:date_inst|year_counter:inst_year|year[3]    ;
; -0.500 ; 0.500        ; 1.000          ; Low Pulse Width  ; clk_50M ; Rise       ; date_core:date_inst|year_counter:inst_year|year[3]    ;
; -0.500 ; 0.500        ; 1.000          ; High Pulse Width ; clk_50M ; Rise       ; date_core:date_inst|year_counter:inst_year|year[4]    ;
; -0.500 ; 0.500        ; 1.000          ; Low Pulse Width  ; clk_50M ; Rise       ; date_core:date_inst|year_counter:inst_year|year[4]    ;
; -0.500 ; 0.500        ; 1.000          ; High Pulse Width ; clk_50M ; Rise       ; date_core:date_inst|year_counter:inst_year|year[5]    ;
; -0.500 ; 0.500        ; 1.000          ; Low Pulse Width  ; clk_50M ; Rise       ; date_core:date_inst|year_counter:inst_year|year[5]    ;
; -0.500 ; 0.500        ; 1.000          ; High Pulse Width ; clk_50M ; Rise       ; date_core:date_inst|year_counter:inst_year|year[6]    ;
; -0.500 ; 0.500        ; 1.000          ; Low Pulse Width  ; clk_50M ; Rise       ; date_core:date_inst|year_counter:inst_year|year[6]    ;
; -0.500 ; 0.500        ; 1.000          ; High Pulse Width ; clk_50M ; Rise       ; debounce:debounce_dec|button_out                      ;
; -0.500 ; 0.500        ; 1.000          ; Low Pulse Width  ; clk_50M ; Rise       ; debounce:debounce_dec|button_out                      ;
; -0.500 ; 0.500        ; 1.000          ; High Pulse Width ; clk_50M ; Rise       ; debounce:debounce_dec|button_sync_0                   ;
; -0.500 ; 0.500        ; 1.000          ; Low Pulse Width  ; clk_50M ; Rise       ; debounce:debounce_dec|button_sync_0                   ;
; -0.500 ; 0.500        ; 1.000          ; High Pulse Width ; clk_50M ; Rise       ; debounce:debounce_dec|button_sync_1                   ;
; -0.500 ; 0.500        ; 1.000          ; Low Pulse Width  ; clk_50M ; Rise       ; debounce:debounce_dec|button_sync_1                   ;
; -0.500 ; 0.500        ; 1.000          ; High Pulse Width ; clk_50M ; Rise       ; debounce:debounce_dec|counter[0]                      ;
; -0.500 ; 0.500        ; 1.000          ; Low Pulse Width  ; clk_50M ; Rise       ; debounce:debounce_dec|counter[0]                      ;
; -0.500 ; 0.500        ; 1.000          ; High Pulse Width ; clk_50M ; Rise       ; debounce:debounce_dec|counter[10]                     ;
; -0.500 ; 0.500        ; 1.000          ; Low Pulse Width  ; clk_50M ; Rise       ; debounce:debounce_dec|counter[10]                     ;
; -0.500 ; 0.500        ; 1.000          ; High Pulse Width ; clk_50M ; Rise       ; debounce:debounce_dec|counter[11]                     ;
; -0.500 ; 0.500        ; 1.000          ; Low Pulse Width  ; clk_50M ; Rise       ; debounce:debounce_dec|counter[11]                     ;
; -0.500 ; 0.500        ; 1.000          ; High Pulse Width ; clk_50M ; Rise       ; debounce:debounce_dec|counter[12]                     ;
; -0.500 ; 0.500        ; 1.000          ; Low Pulse Width  ; clk_50M ; Rise       ; debounce:debounce_dec|counter[12]                     ;
; -0.500 ; 0.500        ; 1.000          ; High Pulse Width ; clk_50M ; Rise       ; debounce:debounce_dec|counter[13]                     ;
; -0.500 ; 0.500        ; 1.000          ; Low Pulse Width  ; clk_50M ; Rise       ; debounce:debounce_dec|counter[13]                     ;
; -0.500 ; 0.500        ; 1.000          ; High Pulse Width ; clk_50M ; Rise       ; debounce:debounce_dec|counter[14]                     ;
; -0.500 ; 0.500        ; 1.000          ; Low Pulse Width  ; clk_50M ; Rise       ; debounce:debounce_dec|counter[14]                     ;
; -0.500 ; 0.500        ; 1.000          ; High Pulse Width ; clk_50M ; Rise       ; debounce:debounce_dec|counter[15]                     ;
; -0.500 ; 0.500        ; 1.000          ; Low Pulse Width  ; clk_50M ; Rise       ; debounce:debounce_dec|counter[15]                     ;
; -0.500 ; 0.500        ; 1.000          ; High Pulse Width ; clk_50M ; Rise       ; debounce:debounce_dec|counter[16]                     ;
; -0.500 ; 0.500        ; 1.000          ; Low Pulse Width  ; clk_50M ; Rise       ; debounce:debounce_dec|counter[16]                     ;
; -0.500 ; 0.500        ; 1.000          ; High Pulse Width ; clk_50M ; Rise       ; debounce:debounce_dec|counter[17]                     ;
; -0.500 ; 0.500        ; 1.000          ; Low Pulse Width  ; clk_50M ; Rise       ; debounce:debounce_dec|counter[17]                     ;
; -0.500 ; 0.500        ; 1.000          ; High Pulse Width ; clk_50M ; Rise       ; debounce:debounce_dec|counter[18]                     ;
; -0.500 ; 0.500        ; 1.000          ; Low Pulse Width  ; clk_50M ; Rise       ; debounce:debounce_dec|counter[18]                     ;
; -0.500 ; 0.500        ; 1.000          ; High Pulse Width ; clk_50M ; Rise       ; debounce:debounce_dec|counter[19]                     ;
; -0.500 ; 0.500        ; 1.000          ; Low Pulse Width  ; clk_50M ; Rise       ; debounce:debounce_dec|counter[19]                     ;
; -0.500 ; 0.500        ; 1.000          ; High Pulse Width ; clk_50M ; Rise       ; debounce:debounce_dec|counter[1]                      ;
; -0.500 ; 0.500        ; 1.000          ; Low Pulse Width  ; clk_50M ; Rise       ; debounce:debounce_dec|counter[1]                      ;
; -0.500 ; 0.500        ; 1.000          ; High Pulse Width ; clk_50M ; Rise       ; debounce:debounce_dec|counter[2]                      ;
; -0.500 ; 0.500        ; 1.000          ; Low Pulse Width  ; clk_50M ; Rise       ; debounce:debounce_dec|counter[2]                      ;
; -0.500 ; 0.500        ; 1.000          ; High Pulse Width ; clk_50M ; Rise       ; debounce:debounce_dec|counter[3]                      ;
; -0.500 ; 0.500        ; 1.000          ; Low Pulse Width  ; clk_50M ; Rise       ; debounce:debounce_dec|counter[3]                      ;
; -0.500 ; 0.500        ; 1.000          ; High Pulse Width ; clk_50M ; Rise       ; debounce:debounce_dec|counter[4]                      ;
; -0.500 ; 0.500        ; 1.000          ; Low Pulse Width  ; clk_50M ; Rise       ; debounce:debounce_dec|counter[4]                      ;
; -0.500 ; 0.500        ; 1.000          ; High Pulse Width ; clk_50M ; Rise       ; debounce:debounce_dec|counter[5]                      ;
; -0.500 ; 0.500        ; 1.000          ; Low Pulse Width  ; clk_50M ; Rise       ; debounce:debounce_dec|counter[5]                      ;
; -0.500 ; 0.500        ; 1.000          ; High Pulse Width ; clk_50M ; Rise       ; debounce:debounce_dec|counter[6]                      ;
; -0.500 ; 0.500        ; 1.000          ; Low Pulse Width  ; clk_50M ; Rise       ; debounce:debounce_dec|counter[6]                      ;
; -0.500 ; 0.500        ; 1.000          ; High Pulse Width ; clk_50M ; Rise       ; debounce:debounce_dec|counter[7]                      ;
; -0.500 ; 0.500        ; 1.000          ; Low Pulse Width  ; clk_50M ; Rise       ; debounce:debounce_dec|counter[7]                      ;
; -0.500 ; 0.500        ; 1.000          ; High Pulse Width ; clk_50M ; Rise       ; debounce:debounce_dec|counter[8]                      ;
; -0.500 ; 0.500        ; 1.000          ; Low Pulse Width  ; clk_50M ; Rise       ; debounce:debounce_dec|counter[8]                      ;
; -0.500 ; 0.500        ; 1.000          ; High Pulse Width ; clk_50M ; Rise       ; debounce:debounce_dec|counter[9]                      ;
; -0.500 ; 0.500        ; 1.000          ; Low Pulse Width  ; clk_50M ; Rise       ; debounce:debounce_dec|counter[9]                      ;
; -0.500 ; 0.500        ; 1.000          ; High Pulse Width ; clk_50M ; Rise       ; debounce:debounce_inc|button_out                      ;
; -0.500 ; 0.500        ; 1.000          ; Low Pulse Width  ; clk_50M ; Rise       ; debounce:debounce_inc|button_out                      ;
; -0.500 ; 0.500        ; 1.000          ; High Pulse Width ; clk_50M ; Rise       ; debounce:debounce_inc|button_sync_0                   ;
; -0.500 ; 0.500        ; 1.000          ; Low Pulse Width  ; clk_50M ; Rise       ; debounce:debounce_inc|button_sync_0                   ;
; -0.500 ; 0.500        ; 1.000          ; High Pulse Width ; clk_50M ; Rise       ; debounce:debounce_inc|button_sync_1                   ;
; -0.500 ; 0.500        ; 1.000          ; Low Pulse Width  ; clk_50M ; Rise       ; debounce:debounce_inc|button_sync_1                   ;
; -0.500 ; 0.500        ; 1.000          ; High Pulse Width ; clk_50M ; Rise       ; debounce:debounce_inc|counter[0]                      ;
+--------+--------------+----------------+------------------+---------+------------+-------------------------------------------------------+


+---------------------------------------------------------------------------+
; Setup Times                                                               ;
+-------------+------------+--------+--------+------------+-----------------+
; Data Port   ; Clock Port ; Rise   ; Fall   ; Clock Edge ; Clock Reference ;
+-------------+------------+--------+--------+------------+-----------------+
; key_dec     ; clk_50M    ; 1.918  ; 1.918  ; Rise       ; clk_50M         ;
; key_inc     ; clk_50M    ; -0.223 ; -0.223 ; Rise       ; clk_50M         ;
; key_mode    ; clk_50M    ; 1.989  ; 1.989  ; Rise       ; clk_50M         ;
; key_rst_num ; clk_50M    ; -0.423 ; -0.423 ; Rise       ; clk_50M         ;
+-------------+------------+--------+--------+------------+-----------------+


+---------------------------------------------------------------------------+
; Hold Times                                                                ;
+-------------+------------+--------+--------+------------+-----------------+
; Data Port   ; Clock Port ; Rise   ; Fall   ; Clock Edge ; Clock Reference ;
+-------------+------------+--------+--------+------------+-----------------+
; key_dec     ; clk_50M    ; -1.798 ; -1.798 ; Rise       ; clk_50M         ;
; key_inc     ; clk_50M    ; 0.343  ; 0.343  ; Rise       ; clk_50M         ;
; key_mode    ; clk_50M    ; -1.869 ; -1.869 ; Rise       ; clk_50M         ;
; key_rst_num ; clk_50M    ; 0.543  ; 0.543  ; Rise       ; clk_50M         ;
+-------------+------------+--------+--------+------------+-----------------+


+-----------------------------------------------------------------------+
; Clock to Output Times                                                 ;
+-----------+------------+-------+-------+------------+-----------------+
; Data Port ; Clock Port ; Rise  ; Fall  ; Clock Edge ; Clock Reference ;
+-----------+------------+-------+-------+------------+-----------------+
; HEX0[*]   ; clk_50M    ; 7.434 ; 7.434 ; Rise       ; clk_50M         ;
;  HEX0[0]  ; clk_50M    ; 7.380 ; 7.380 ; Rise       ; clk_50M         ;
;  HEX0[1]  ; clk_50M    ; 7.163 ; 7.163 ; Rise       ; clk_50M         ;
;  HEX0[2]  ; clk_50M    ; 7.270 ; 7.270 ; Rise       ; clk_50M         ;
;  HEX0[3]  ; clk_50M    ; 7.200 ; 7.200 ; Rise       ; clk_50M         ;
;  HEX0[4]  ; clk_50M    ; 7.434 ; 7.434 ; Rise       ; clk_50M         ;
;  HEX0[5]  ; clk_50M    ; 7.432 ; 7.432 ; Rise       ; clk_50M         ;
;  HEX0[6]  ; clk_50M    ; 7.429 ; 7.429 ; Rise       ; clk_50M         ;
; HEX1[*]   ; clk_50M    ; 7.207 ; 7.207 ; Rise       ; clk_50M         ;
;  HEX1[0]  ; clk_50M    ; 7.045 ; 7.045 ; Rise       ; clk_50M         ;
;  HEX1[1]  ; clk_50M    ; 7.034 ; 7.034 ; Rise       ; clk_50M         ;
;  HEX1[2]  ; clk_50M    ; 7.056 ; 7.056 ; Rise       ; clk_50M         ;
;  HEX1[3]  ; clk_50M    ; 7.207 ; 7.207 ; Rise       ; clk_50M         ;
;  HEX1[4]  ; clk_50M    ; 7.163 ; 7.163 ; Rise       ; clk_50M         ;
;  HEX1[5]  ; clk_50M    ; 7.012 ; 7.012 ; Rise       ; clk_50M         ;
;  HEX1[6]  ; clk_50M    ; 7.043 ; 7.043 ; Rise       ; clk_50M         ;
; HEX2[*]   ; clk_50M    ; 6.909 ; 6.909 ; Rise       ; clk_50M         ;
;  HEX2[0]  ; clk_50M    ; 6.827 ; 6.827 ; Rise       ; clk_50M         ;
;  HEX2[1]  ; clk_50M    ; 6.680 ; 6.680 ; Rise       ; clk_50M         ;
;  HEX2[2]  ; clk_50M    ; 6.083 ; 6.083 ; Rise       ; clk_50M         ;
;  HEX2[3]  ; clk_50M    ; 6.909 ; 6.909 ; Rise       ; clk_50M         ;
;  HEX2[4]  ; clk_50M    ; 6.662 ; 6.662 ; Rise       ; clk_50M         ;
;  HEX2[5]  ; clk_50M    ; 6.724 ; 6.724 ; Rise       ; clk_50M         ;
;  HEX2[6]  ; clk_50M    ; 6.761 ; 6.761 ; Rise       ; clk_50M         ;
; HEX3[*]   ; clk_50M    ; 6.746 ; 6.746 ; Rise       ; clk_50M         ;
;  HEX3[0]  ; clk_50M    ; 6.531 ; 6.531 ; Rise       ; clk_50M         ;
;  HEX3[1]  ; clk_50M    ; 6.538 ; 6.538 ; Rise       ; clk_50M         ;
;  HEX3[2]  ; clk_50M    ; 6.600 ; 6.600 ; Rise       ; clk_50M         ;
;  HEX3[3]  ; clk_50M    ; 6.631 ; 6.631 ; Rise       ; clk_50M         ;
;  HEX3[4]  ; clk_50M    ; 6.571 ; 6.571 ; Rise       ; clk_50M         ;
;  HEX3[5]  ; clk_50M    ; 6.746 ; 6.746 ; Rise       ; clk_50M         ;
;  HEX3[6]  ; clk_50M    ; 6.674 ; 6.674 ; Rise       ; clk_50M         ;
; HEX4[*]   ; clk_50M    ; 7.244 ; 7.244 ; Rise       ; clk_50M         ;
;  HEX4[0]  ; clk_50M    ; 6.913 ; 6.913 ; Rise       ; clk_50M         ;
;  HEX4[1]  ; clk_50M    ; 6.931 ; 6.931 ; Rise       ; clk_50M         ;
;  HEX4[2]  ; clk_50M    ; 6.749 ; 6.749 ; Rise       ; clk_50M         ;
;  HEX4[3]  ; clk_50M    ; 7.133 ; 7.133 ; Rise       ; clk_50M         ;
;  HEX4[4]  ; clk_50M    ; 7.103 ; 7.103 ; Rise       ; clk_50M         ;
;  HEX4[5]  ; clk_50M    ; 7.244 ; 7.244 ; Rise       ; clk_50M         ;
;  HEX4[6]  ; clk_50M    ; 7.119 ; 7.119 ; Rise       ; clk_50M         ;
; HEX5[*]   ; clk_50M    ; 6.892 ; 6.892 ; Rise       ; clk_50M         ;
;  HEX5[0]  ; clk_50M    ; 6.892 ; 6.892 ; Rise       ; clk_50M         ;
;  HEX5[1]  ; clk_50M    ; 6.770 ; 6.770 ; Rise       ; clk_50M         ;
;  HEX5[2]  ; clk_50M    ; 6.883 ; 6.883 ; Rise       ; clk_50M         ;
;  HEX5[3]  ; clk_50M    ; 6.700 ; 6.700 ; Rise       ; clk_50M         ;
;  HEX5[4]  ; clk_50M    ; 6.718 ; 6.718 ; Rise       ; clk_50M         ;
;  HEX5[5]  ; clk_50M    ; 6.883 ; 6.883 ; Rise       ; clk_50M         ;
;  HEX5[6]  ; clk_50M    ; 6.781 ; 6.781 ; Rise       ; clk_50M         ;
; HEX6[*]   ; clk_50M    ; 6.702 ; 6.702 ; Rise       ; clk_50M         ;
;  HEX6[0]  ; clk_50M    ; 6.531 ; 6.531 ; Rise       ; clk_50M         ;
;  HEX6[1]  ; clk_50M    ; 6.613 ; 6.613 ; Rise       ; clk_50M         ;
;  HEX6[2]  ; clk_50M    ; 6.646 ; 6.646 ; Rise       ; clk_50M         ;
;  HEX6[3]  ; clk_50M    ; 6.616 ; 6.616 ; Rise       ; clk_50M         ;
;  HEX6[4]  ; clk_50M    ; 6.635 ; 6.635 ; Rise       ; clk_50M         ;
;  HEX6[5]  ; clk_50M    ; 6.702 ; 6.702 ; Rise       ; clk_50M         ;
;  HEX6[6]  ; clk_50M    ; 6.528 ; 6.528 ; Rise       ; clk_50M         ;
; HEX7[*]   ; clk_50M    ; 6.150 ; 6.150 ; Rise       ; clk_50M         ;
;  HEX7[0]  ; clk_50M    ; 6.150 ; 6.150 ; Rise       ; clk_50M         ;
;  HEX7[1]  ; clk_50M    ; 4.799 ; 4.799 ; Rise       ; clk_50M         ;
;  HEX7[2]  ; clk_50M    ; 5.927 ; 5.927 ; Rise       ; clk_50M         ;
;  HEX7[3]  ; clk_50M    ; 6.140 ; 6.140 ; Rise       ; clk_50M         ;
;  HEX7[4]  ; clk_50M    ; 5.813 ; 5.813 ; Rise       ; clk_50M         ;
;  HEX7[5]  ; clk_50M    ; 5.812 ; 5.812 ; Rise       ; clk_50M         ;
;  HEX7[6]  ; clk_50M    ; 5.523 ; 5.523 ; Rise       ; clk_50M         ;
+-----------+------------+-------+-------+------------+-----------------+


+-----------------------------------------------------------------------+
; Minimum Clock to Output Times                                         ;
+-----------+------------+-------+-------+------------+-----------------+
; Data Port ; Clock Port ; Rise  ; Fall  ; Clock Edge ; Clock Reference ;
+-----------+------------+-------+-------+------------+-----------------+
; HEX0[*]   ; clk_50M    ; 5.028 ; 5.028 ; Rise       ; clk_50M         ;
;  HEX0[0]  ; clk_50M    ; 5.251 ; 5.251 ; Rise       ; clk_50M         ;
;  HEX0[1]  ; clk_50M    ; 5.034 ; 5.034 ; Rise       ; clk_50M         ;
;  HEX0[2]  ; clk_50M    ; 5.133 ; 5.133 ; Rise       ; clk_50M         ;
;  HEX0[3]  ; clk_50M    ; 5.028 ; 5.028 ; Rise       ; clk_50M         ;
;  HEX0[4]  ; clk_50M    ; 5.258 ; 5.258 ; Rise       ; clk_50M         ;
;  HEX0[5]  ; clk_50M    ; 5.259 ; 5.259 ; Rise       ; clk_50M         ;
;  HEX0[6]  ; clk_50M    ; 5.255 ; 5.255 ; Rise       ; clk_50M         ;
; HEX1[*]   ; clk_50M    ; 4.989 ; 4.989 ; Rise       ; clk_50M         ;
;  HEX1[0]  ; clk_50M    ; 5.018 ; 5.018 ; Rise       ; clk_50M         ;
;  HEX1[1]  ; clk_50M    ; 4.989 ; 4.989 ; Rise       ; clk_50M         ;
;  HEX1[2]  ; clk_50M    ; 5.206 ; 5.206 ; Rise       ; clk_50M         ;
;  HEX1[3]  ; clk_50M    ; 5.151 ; 5.151 ; Rise       ; clk_50M         ;
;  HEX1[4]  ; clk_50M    ; 5.117 ; 5.117 ; Rise       ; clk_50M         ;
;  HEX1[5]  ; clk_50M    ; 5.008 ; 5.008 ; Rise       ; clk_50M         ;
;  HEX1[6]  ; clk_50M    ; 5.018 ; 5.018 ; Rise       ; clk_50M         ;
; HEX2[*]   ; clk_50M    ; 4.185 ; 4.185 ; Rise       ; clk_50M         ;
;  HEX2[0]  ; clk_50M    ; 4.204 ; 4.204 ; Rise       ; clk_50M         ;
;  HEX2[1]  ; clk_50M    ; 4.185 ; 4.185 ; Rise       ; clk_50M         ;
;  HEX2[2]  ; clk_50M    ; 4.400 ; 4.400 ; Rise       ; clk_50M         ;
;  HEX2[3]  ; clk_50M    ; 4.289 ; 4.289 ; Rise       ; clk_50M         ;
;  HEX2[4]  ; clk_50M    ; 4.190 ; 4.190 ; Rise       ; clk_50M         ;
;  HEX2[5]  ; clk_50M    ; 4.216 ; 4.216 ; Rise       ; clk_50M         ;
;  HEX2[6]  ; clk_50M    ; 4.281 ; 4.281 ; Rise       ; clk_50M         ;
; HEX3[*]   ; clk_50M    ; 4.292 ; 4.292 ; Rise       ; clk_50M         ;
;  HEX3[0]  ; clk_50M    ; 4.293 ; 4.293 ; Rise       ; clk_50M         ;
;  HEX3[1]  ; clk_50M    ; 4.765 ; 4.765 ; Rise       ; clk_50M         ;
;  HEX3[2]  ; clk_50M    ; 4.292 ; 4.292 ; Rise       ; clk_50M         ;
;  HEX3[3]  ; clk_50M    ; 4.388 ; 4.388 ; Rise       ; clk_50M         ;
;  HEX3[4]  ; clk_50M    ; 4.768 ; 4.768 ; Rise       ; clk_50M         ;
;  HEX3[5]  ; clk_50M    ; 4.504 ; 4.504 ; Rise       ; clk_50M         ;
;  HEX3[6]  ; clk_50M    ; 4.389 ; 4.389 ; Rise       ; clk_50M         ;
; HEX4[*]   ; clk_50M    ; 4.858 ; 4.858 ; Rise       ; clk_50M         ;
;  HEX4[0]  ; clk_50M    ; 4.858 ; 4.858 ; Rise       ; clk_50M         ;
;  HEX4[1]  ; clk_50M    ; 4.859 ; 4.859 ; Rise       ; clk_50M         ;
;  HEX4[2]  ; clk_50M    ; 4.914 ; 4.914 ; Rise       ; clk_50M         ;
;  HEX4[3]  ; clk_50M    ; 5.080 ; 5.080 ; Rise       ; clk_50M         ;
;  HEX4[4]  ; clk_50M    ; 5.046 ; 5.046 ; Rise       ; clk_50M         ;
;  HEX4[5]  ; clk_50M    ; 5.184 ; 5.184 ; Rise       ; clk_50M         ;
;  HEX4[6]  ; clk_50M    ; 5.064 ; 5.064 ; Rise       ; clk_50M         ;
; HEX5[*]   ; clk_50M    ; 4.923 ; 4.923 ; Rise       ; clk_50M         ;
;  HEX5[0]  ; clk_50M    ; 5.120 ; 5.120 ; Rise       ; clk_50M         ;
;  HEX5[1]  ; clk_50M    ; 5.001 ; 5.001 ; Rise       ; clk_50M         ;
;  HEX5[2]  ; clk_50M    ; 5.116 ; 5.116 ; Rise       ; clk_50M         ;
;  HEX5[3]  ; clk_50M    ; 4.935 ; 4.935 ; Rise       ; clk_50M         ;
;  HEX5[4]  ; clk_50M    ; 4.923 ; 4.923 ; Rise       ; clk_50M         ;
;  HEX5[5]  ; clk_50M    ; 5.121 ; 5.121 ; Rise       ; clk_50M         ;
;  HEX5[6]  ; clk_50M    ; 5.011 ; 5.011 ; Rise       ; clk_50M         ;
; HEX6[*]   ; clk_50M    ; 4.715 ; 4.715 ; Rise       ; clk_50M         ;
;  HEX6[0]  ; clk_50M    ; 4.715 ; 4.715 ; Rise       ; clk_50M         ;
;  HEX6[1]  ; clk_50M    ; 4.773 ; 4.773 ; Rise       ; clk_50M         ;
;  HEX6[2]  ; clk_50M    ; 4.841 ; 4.841 ; Rise       ; clk_50M         ;
;  HEX6[3]  ; clk_50M    ; 4.793 ; 4.793 ; Rise       ; clk_50M         ;
;  HEX6[4]  ; clk_50M    ; 4.820 ; 4.820 ; Rise       ; clk_50M         ;
;  HEX6[5]  ; clk_50M    ; 4.881 ; 4.881 ; Rise       ; clk_50M         ;
;  HEX6[6]  ; clk_50M    ; 4.715 ; 4.715 ; Rise       ; clk_50M         ;
; HEX7[*]   ; clk_50M    ; 4.355 ; 4.355 ; Rise       ; clk_50M         ;
;  HEX7[0]  ; clk_50M    ; 5.096 ; 5.096 ; Rise       ; clk_50M         ;
;  HEX7[1]  ; clk_50M    ; 4.355 ; 4.355 ; Rise       ; clk_50M         ;
;  HEX7[2]  ; clk_50M    ; 4.876 ; 4.876 ; Rise       ; clk_50M         ;
;  HEX7[3]  ; clk_50M    ; 5.086 ; 5.086 ; Rise       ; clk_50M         ;
;  HEX7[4]  ; clk_50M    ; 4.798 ; 4.798 ; Rise       ; clk_50M         ;
;  HEX7[5]  ; clk_50M    ; 4.761 ; 4.761 ; Rise       ; clk_50M         ;
;  HEX7[6]  ; clk_50M    ; 4.653 ; 4.653 ; Rise       ; clk_50M         ;
+-----------+------------+-------+-------+------------+-----------------+


+--------------------------------------------------------------------------------+
; Multicorner Timing Analysis Summary                                            ;
+------------------+----------+-------+----------+---------+---------------------+
; Clock            ; Setup    ; Hold  ; Recovery ; Removal ; Minimum Pulse Width ;
+------------------+----------+-------+----------+---------+---------------------+
; Worst-case Slack ; -3.787   ; 0.215 ; N/A      ; N/A     ; -1.380              ;
;  clk_50M         ; -3.787   ; 0.215 ; N/A      ; N/A     ; -1.380              ;
; Design-wide TNS  ; -448.468 ; 0.0   ; 0.0      ; 0.0     ; -192.38             ;
;  clk_50M         ; -448.468 ; 0.000 ; N/A      ; N/A     ; -192.380            ;
+------------------+----------+-------+----------+---------+---------------------+


+---------------------------------------------------------------------------+
; Setup Times                                                               ;
+-------------+------------+--------+--------+------------+-----------------+
; Data Port   ; Clock Port ; Rise   ; Fall   ; Clock Edge ; Clock Reference ;
+-------------+------------+--------+--------+------------+-----------------+
; key_dec     ; clk_50M    ; 3.529  ; 3.529  ; Rise       ; clk_50M         ;
; key_inc     ; clk_50M    ; 0.064  ; 0.064  ; Rise       ; clk_50M         ;
; key_mode    ; clk_50M    ; 3.652  ; 3.652  ; Rise       ; clk_50M         ;
; key_rst_num ; clk_50M    ; -0.315 ; -0.315 ; Rise       ; clk_50M         ;
+-------------+------------+--------+--------+------------+-----------------+


+---------------------------------------------------------------------------+
; Hold Times                                                                ;
+-------------+------------+--------+--------+------------+-----------------+
; Data Port   ; Clock Port ; Rise   ; Fall   ; Clock Edge ; Clock Reference ;
+-------------+------------+--------+--------+------------+-----------------+
; key_dec     ; clk_50M    ; -1.798 ; -1.798 ; Rise       ; clk_50M         ;
; key_inc     ; clk_50M    ; 0.343  ; 0.343  ; Rise       ; clk_50M         ;
; key_mode    ; clk_50M    ; -1.869 ; -1.869 ; Rise       ; clk_50M         ;
; key_rst_num ; clk_50M    ; 0.545  ; 0.545  ; Rise       ; clk_50M         ;
+-------------+------------+--------+--------+------------+-----------------+


+-------------------------------------------------------------------------+
; Clock to Output Times                                                   ;
+-----------+------------+--------+--------+------------+-----------------+
; Data Port ; Clock Port ; Rise   ; Fall   ; Clock Edge ; Clock Reference ;
+-----------+------------+--------+--------+------------+-----------------+
; HEX0[*]   ; clk_50M    ; 14.910 ; 14.910 ; Rise       ; clk_50M         ;
;  HEX0[0]  ; clk_50M    ; 14.770 ; 14.770 ; Rise       ; clk_50M         ;
;  HEX0[1]  ; clk_50M    ; 14.268 ; 14.268 ; Rise       ; clk_50M         ;
;  HEX0[2]  ; clk_50M    ; 14.497 ; 14.497 ; Rise       ; clk_50M         ;
;  HEX0[3]  ; clk_50M    ; 14.349 ; 14.349 ; Rise       ; clk_50M         ;
;  HEX0[4]  ; clk_50M    ; 14.863 ; 14.863 ; Rise       ; clk_50M         ;
;  HEX0[5]  ; clk_50M    ; 14.910 ; 14.910 ; Rise       ; clk_50M         ;
;  HEX0[6]  ; clk_50M    ; 14.878 ; 14.878 ; Rise       ; clk_50M         ;
; HEX1[*]   ; clk_50M    ; 14.442 ; 14.442 ; Rise       ; clk_50M         ;
;  HEX1[0]  ; clk_50M    ; 14.082 ; 14.082 ; Rise       ; clk_50M         ;
;  HEX1[1]  ; clk_50M    ; 14.048 ; 14.048 ; Rise       ; clk_50M         ;
;  HEX1[2]  ; clk_50M    ; 14.110 ; 14.110 ; Rise       ; clk_50M         ;
;  HEX1[3]  ; clk_50M    ; 14.442 ; 14.442 ; Rise       ; clk_50M         ;
;  HEX1[4]  ; clk_50M    ; 14.313 ; 14.313 ; Rise       ; clk_50M         ;
;  HEX1[5]  ; clk_50M    ; 14.016 ; 14.016 ; Rise       ; clk_50M         ;
;  HEX1[6]  ; clk_50M    ; 14.065 ; 14.065 ; Rise       ; clk_50M         ;
; HEX2[*]   ; clk_50M    ; 13.856 ; 13.856 ; Rise       ; clk_50M         ;
;  HEX2[0]  ; clk_50M    ; 13.688 ; 13.688 ; Rise       ; clk_50M         ;
;  HEX2[1]  ; clk_50M    ; 13.305 ; 13.305 ; Rise       ; clk_50M         ;
;  HEX2[2]  ; clk_50M    ; 12.002 ; 12.002 ; Rise       ; clk_50M         ;
;  HEX2[3]  ; clk_50M    ; 13.856 ; 13.856 ; Rise       ; clk_50M         ;
;  HEX2[4]  ; clk_50M    ; 13.243 ; 13.243 ; Rise       ; clk_50M         ;
;  HEX2[5]  ; clk_50M    ; 13.383 ; 13.383 ; Rise       ; clk_50M         ;
;  HEX2[6]  ; clk_50M    ; 13.504 ; 13.504 ; Rise       ; clk_50M         ;
; HEX3[*]   ; clk_50M    ; 13.480 ; 13.480 ; Rise       ; clk_50M         ;
;  HEX3[0]  ; clk_50M    ; 12.999 ; 12.999 ; Rise       ; clk_50M         ;
;  HEX3[1]  ; clk_50M    ; 13.024 ; 13.024 ; Rise       ; clk_50M         ;
;  HEX3[2]  ; clk_50M    ; 13.095 ; 13.095 ; Rise       ; clk_50M         ;
;  HEX3[3]  ; clk_50M    ; 13.224 ; 13.224 ; Rise       ; clk_50M         ;
;  HEX3[4]  ; clk_50M    ; 13.033 ; 13.033 ; Rise       ; clk_50M         ;
;  HEX3[5]  ; clk_50M    ; 13.480 ; 13.480 ; Rise       ; clk_50M         ;
;  HEX3[6]  ; clk_50M    ; 13.341 ; 13.341 ; Rise       ; clk_50M         ;
; HEX4[*]   ; clk_50M    ; 14.569 ; 14.569 ; Rise       ; clk_50M         ;
;  HEX4[0]  ; clk_50M    ; 13.875 ; 13.875 ; Rise       ; clk_50M         ;
;  HEX4[1]  ; clk_50M    ; 13.860 ; 13.860 ; Rise       ; clk_50M         ;
;  HEX4[2]  ; clk_50M    ; 13.433 ; 13.433 ; Rise       ; clk_50M         ;
;  HEX4[3]  ; clk_50M    ; 14.327 ; 14.327 ; Rise       ; clk_50M         ;
;  HEX4[4]  ; clk_50M    ; 14.294 ; 14.294 ; Rise       ; clk_50M         ;
;  HEX4[5]  ; clk_50M    ; 14.569 ; 14.569 ; Rise       ; clk_50M         ;
;  HEX4[6]  ; clk_50M    ; 14.310 ; 14.310 ; Rise       ; clk_50M         ;
; HEX5[*]   ; clk_50M    ; 13.729 ; 13.729 ; Rise       ; clk_50M         ;
;  HEX5[0]  ; clk_50M    ; 13.729 ; 13.729 ; Rise       ; clk_50M         ;
;  HEX5[1]  ; clk_50M    ; 13.480 ; 13.480 ; Rise       ; clk_50M         ;
;  HEX5[2]  ; clk_50M    ; 13.722 ; 13.722 ; Rise       ; clk_50M         ;
;  HEX5[3]  ; clk_50M    ; 13.287 ; 13.287 ; Rise       ; clk_50M         ;
;  HEX5[4]  ; clk_50M    ; 13.273 ; 13.273 ; Rise       ; clk_50M         ;
;  HEX5[5]  ; clk_50M    ; 13.721 ; 13.721 ; Rise       ; clk_50M         ;
;  HEX5[6]  ; clk_50M    ; 13.501 ; 13.501 ; Rise       ; clk_50M         ;
; HEX6[*]   ; clk_50M    ; 13.268 ; 13.268 ; Rise       ; clk_50M         ;
;  HEX6[0]  ; clk_50M    ; 12.870 ; 12.870 ; Rise       ; clk_50M         ;
;  HEX6[1]  ; clk_50M    ; 13.070 ; 13.070 ; Rise       ; clk_50M         ;
;  HEX6[2]  ; clk_50M    ; 13.062 ; 13.062 ; Rise       ; clk_50M         ;
;  HEX6[3]  ; clk_50M    ; 13.055 ; 13.055 ; Rise       ; clk_50M         ;
;  HEX6[4]  ; clk_50M    ; 13.098 ; 13.098 ; Rise       ; clk_50M         ;
;  HEX6[5]  ; clk_50M    ; 13.268 ; 13.268 ; Rise       ; clk_50M         ;
;  HEX6[6]  ; clk_50M    ; 12.871 ; 12.871 ; Rise       ; clk_50M         ;
; HEX7[*]   ; clk_50M    ; 11.945 ; 11.945 ; Rise       ; clk_50M         ;
;  HEX7[0]  ; clk_50M    ; 11.945 ; 11.945 ; Rise       ; clk_50M         ;
;  HEX7[1]  ; clk_50M    ; 9.006  ; 9.006  ; Rise       ; clk_50M         ;
;  HEX7[2]  ; clk_50M    ; 11.466 ; 11.466 ; Rise       ; clk_50M         ;
;  HEX7[3]  ; clk_50M    ; 11.935 ; 11.935 ; Rise       ; clk_50M         ;
;  HEX7[4]  ; clk_50M    ; 11.161 ; 11.161 ; Rise       ; clk_50M         ;
;  HEX7[5]  ; clk_50M    ; 11.197 ; 11.197 ; Rise       ; clk_50M         ;
;  HEX7[6]  ; clk_50M    ; 10.533 ; 10.533 ; Rise       ; clk_50M         ;
+-----------+------------+--------+--------+------------+-----------------+


+-----------------------------------------------------------------------+
; Minimum Clock to Output Times                                         ;
+-----------+------------+-------+-------+------------+-----------------+
; Data Port ; Clock Port ; Rise  ; Fall  ; Clock Edge ; Clock Reference ;
+-----------+------------+-------+-------+------------+-----------------+
; HEX0[*]   ; clk_50M    ; 5.028 ; 5.028 ; Rise       ; clk_50M         ;
;  HEX0[0]  ; clk_50M    ; 5.251 ; 5.251 ; Rise       ; clk_50M         ;
;  HEX0[1]  ; clk_50M    ; 5.034 ; 5.034 ; Rise       ; clk_50M         ;
;  HEX0[2]  ; clk_50M    ; 5.133 ; 5.133 ; Rise       ; clk_50M         ;
;  HEX0[3]  ; clk_50M    ; 5.028 ; 5.028 ; Rise       ; clk_50M         ;
;  HEX0[4]  ; clk_50M    ; 5.258 ; 5.258 ; Rise       ; clk_50M         ;
;  HEX0[5]  ; clk_50M    ; 5.259 ; 5.259 ; Rise       ; clk_50M         ;
;  HEX0[6]  ; clk_50M    ; 5.255 ; 5.255 ; Rise       ; clk_50M         ;
; HEX1[*]   ; clk_50M    ; 4.989 ; 4.989 ; Rise       ; clk_50M         ;
;  HEX1[0]  ; clk_50M    ; 5.018 ; 5.018 ; Rise       ; clk_50M         ;
;  HEX1[1]  ; clk_50M    ; 4.989 ; 4.989 ; Rise       ; clk_50M         ;
;  HEX1[2]  ; clk_50M    ; 5.206 ; 5.206 ; Rise       ; clk_50M         ;
;  HEX1[3]  ; clk_50M    ; 5.151 ; 5.151 ; Rise       ; clk_50M         ;
;  HEX1[4]  ; clk_50M    ; 5.117 ; 5.117 ; Rise       ; clk_50M         ;
;  HEX1[5]  ; clk_50M    ; 5.008 ; 5.008 ; Rise       ; clk_50M         ;
;  HEX1[6]  ; clk_50M    ; 5.018 ; 5.018 ; Rise       ; clk_50M         ;
; HEX2[*]   ; clk_50M    ; 4.185 ; 4.185 ; Rise       ; clk_50M         ;
;  HEX2[0]  ; clk_50M    ; 4.204 ; 4.204 ; Rise       ; clk_50M         ;
;  HEX2[1]  ; clk_50M    ; 4.185 ; 4.185 ; Rise       ; clk_50M         ;
;  HEX2[2]  ; clk_50M    ; 4.400 ; 4.400 ; Rise       ; clk_50M         ;
;  HEX2[3]  ; clk_50M    ; 4.289 ; 4.289 ; Rise       ; clk_50M         ;
;  HEX2[4]  ; clk_50M    ; 4.190 ; 4.190 ; Rise       ; clk_50M         ;
;  HEX2[5]  ; clk_50M    ; 4.216 ; 4.216 ; Rise       ; clk_50M         ;
;  HEX2[6]  ; clk_50M    ; 4.281 ; 4.281 ; Rise       ; clk_50M         ;
; HEX3[*]   ; clk_50M    ; 4.292 ; 4.292 ; Rise       ; clk_50M         ;
;  HEX3[0]  ; clk_50M    ; 4.293 ; 4.293 ; Rise       ; clk_50M         ;
;  HEX3[1]  ; clk_50M    ; 4.765 ; 4.765 ; Rise       ; clk_50M         ;
;  HEX3[2]  ; clk_50M    ; 4.292 ; 4.292 ; Rise       ; clk_50M         ;
;  HEX3[3]  ; clk_50M    ; 4.388 ; 4.388 ; Rise       ; clk_50M         ;
;  HEX3[4]  ; clk_50M    ; 4.768 ; 4.768 ; Rise       ; clk_50M         ;
;  HEX3[5]  ; clk_50M    ; 4.504 ; 4.504 ; Rise       ; clk_50M         ;
;  HEX3[6]  ; clk_50M    ; 4.389 ; 4.389 ; Rise       ; clk_50M         ;
; HEX4[*]   ; clk_50M    ; 4.858 ; 4.858 ; Rise       ; clk_50M         ;
;  HEX4[0]  ; clk_50M    ; 4.858 ; 4.858 ; Rise       ; clk_50M         ;
;  HEX4[1]  ; clk_50M    ; 4.859 ; 4.859 ; Rise       ; clk_50M         ;
;  HEX4[2]  ; clk_50M    ; 4.914 ; 4.914 ; Rise       ; clk_50M         ;
;  HEX4[3]  ; clk_50M    ; 5.080 ; 5.080 ; Rise       ; clk_50M         ;
;  HEX4[4]  ; clk_50M    ; 5.046 ; 5.046 ; Rise       ; clk_50M         ;
;  HEX4[5]  ; clk_50M    ; 5.184 ; 5.184 ; Rise       ; clk_50M         ;
;  HEX4[6]  ; clk_50M    ; 5.064 ; 5.064 ; Rise       ; clk_50M         ;
; HEX5[*]   ; clk_50M    ; 4.923 ; 4.923 ; Rise       ; clk_50M         ;
;  HEX5[0]  ; clk_50M    ; 5.120 ; 5.120 ; Rise       ; clk_50M         ;
;  HEX5[1]  ; clk_50M    ; 5.001 ; 5.001 ; Rise       ; clk_50M         ;
;  HEX5[2]  ; clk_50M    ; 5.116 ; 5.116 ; Rise       ; clk_50M         ;
;  HEX5[3]  ; clk_50M    ; 4.935 ; 4.935 ; Rise       ; clk_50M         ;
;  HEX5[4]  ; clk_50M    ; 4.923 ; 4.923 ; Rise       ; clk_50M         ;
;  HEX5[5]  ; clk_50M    ; 5.121 ; 5.121 ; Rise       ; clk_50M         ;
;  HEX5[6]  ; clk_50M    ; 5.011 ; 5.011 ; Rise       ; clk_50M         ;
; HEX6[*]   ; clk_50M    ; 4.715 ; 4.715 ; Rise       ; clk_50M         ;
;  HEX6[0]  ; clk_50M    ; 4.715 ; 4.715 ; Rise       ; clk_50M         ;
;  HEX6[1]  ; clk_50M    ; 4.773 ; 4.773 ; Rise       ; clk_50M         ;
;  HEX6[2]  ; clk_50M    ; 4.841 ; 4.841 ; Rise       ; clk_50M         ;
;  HEX6[3]  ; clk_50M    ; 4.793 ; 4.793 ; Rise       ; clk_50M         ;
;  HEX6[4]  ; clk_50M    ; 4.820 ; 4.820 ; Rise       ; clk_50M         ;
;  HEX6[5]  ; clk_50M    ; 4.881 ; 4.881 ; Rise       ; clk_50M         ;
;  HEX6[6]  ; clk_50M    ; 4.715 ; 4.715 ; Rise       ; clk_50M         ;
; HEX7[*]   ; clk_50M    ; 4.355 ; 4.355 ; Rise       ; clk_50M         ;
;  HEX7[0]  ; clk_50M    ; 5.096 ; 5.096 ; Rise       ; clk_50M         ;
;  HEX7[1]  ; clk_50M    ; 4.355 ; 4.355 ; Rise       ; clk_50M         ;
;  HEX7[2]  ; clk_50M    ; 4.876 ; 4.876 ; Rise       ; clk_50M         ;
;  HEX7[3]  ; clk_50M    ; 5.086 ; 5.086 ; Rise       ; clk_50M         ;
;  HEX7[4]  ; clk_50M    ; 4.798 ; 4.798 ; Rise       ; clk_50M         ;
;  HEX7[5]  ; clk_50M    ; 4.761 ; 4.761 ; Rise       ; clk_50M         ;
;  HEX7[6]  ; clk_50M    ; 4.653 ; 4.653 ; Rise       ; clk_50M         ;
+-----------+------------+-------+-------+------------+-----------------+


+-------------------------------------------------------------------+
; Setup Transfers                                                   ;
+------------+----------+----------+----------+----------+----------+
; From Clock ; To Clock ; RR Paths ; FR Paths ; RF Paths ; FF Paths ;
+------------+----------+----------+----------+----------+----------+
; clk_50M    ; clk_50M  ; 6965     ; 0        ; 0        ; 0        ;
+------------+----------+----------+----------+----------+----------+
Entries labeled "false path" only account for clock-to-clock false paths and not path-based false paths. As a result, actual path counts may be lower than reported.


+-------------------------------------------------------------------+
; Hold Transfers                                                    ;
+------------+----------+----------+----------+----------+----------+
; From Clock ; To Clock ; RR Paths ; FR Paths ; RF Paths ; FF Paths ;
+------------+----------+----------+----------+----------+----------+
; clk_50M    ; clk_50M  ; 6965     ; 0        ; 0        ; 0        ;
+------------+----------+----------+----------+----------+----------+
Entries labeled "false path" only account for clock-to-clock false paths and not path-based false paths. As a result, actual path counts may be lower than reported.


---------------
; Report TCCS ;
---------------
No dedicated SERDES Transmitter circuitry present in device or used in design


---------------
; Report RSKM ;
---------------
No dedicated SERDES Receiver circuitry present in device or used in design


+------------------------------------------------+
; Unconstrained Paths                            ;
+---------------------------------+-------+------+
; Property                        ; Setup ; Hold ;
+---------------------------------+-------+------+
; Illegal Clocks                  ; 0     ; 0    ;
; Unconstrained Clocks            ; 0     ; 0    ;
; Unconstrained Input Ports       ; 5     ; 5    ;
; Unconstrained Input Port Paths  ; 195   ; 195  ;
; Unconstrained Output Ports      ; 56    ; 56   ;
; Unconstrained Output Port Paths ; 781   ; 781  ;
+---------------------------------+-------+------+


+------------------------------------+
; TimeQuest Timing Analyzer Messages ;
+------------------------------------+
Info: *******************************************************************
Info: Running Quartus II 64-Bit TimeQuest Timing Analyzer
    Info: Version 13.0.1 Build 232 06/12/2013 Service Pack 1 SJ Web Edition
    Info: Processing started: Tue Aug 25 12:50:29 2026
Info: Command: quartus_sta century_clock_top -c century_clock_top
Info: qsta_default_script.tcl version: #1
Warning (20028): Parallel compilation is not licensed and has been disabled
Info (21077): Low junction temperature is 0 degrees C
Info (21077): High junction temperature is 85 degrees C
Critical Warning (332012): Synopsys Design Constraints File file not found: 'century_clock_top.sdc'. A Synopsys Design Constraints File is required by the TimeQuest Timing Analyzer to get proper timing constraints. Without it, the Compiler will not properly optimize the design.
Info (332142): No user constrained base clocks found in the design. Calling "derive_clocks -period 1.0"
Info (332105): Deriving Clocks
    Info (332105): create_clock -period 1.000 -name clk_50M clk_50M
Info: Found TIMEQUEST_REPORT_SCRIPT_INCLUDE_DEFAULT_ANALYSIS = ON
Info: Analyzing Slow Model
Critical Warning (332148): Timing requirements not met
Info (332146): Worst-case setup slack is -3.787
    Info (332119):     Slack End Point TNS Clock 
    Info (332119): ========= ============= =====================
    Info (332119):    -3.787      -448.468 clk_50M 
Info (332146): Worst-case hold slack is 0.391
    Info (332119):     Slack End Point TNS Clock 
    Info (332119): ========= ============= =====================
    Info (332119):     0.391         0.000 clk_50M 
Info (332140): No Recovery paths to report
Info (332140): No Removal paths to report
Info (332146): Worst-case minimum pulse width slack is -1.380
    Info (332119):     Slack End Point TNS Clock 
    Info (332119): ========= ============= =====================
    Info (332119):    -1.380      -192.380 clk_50M 
Info (332001): The selected device family is not supported by the report_metastability command.
Info: Analyzing Fast Model
Critical Warning (332148): Timing requirements not met
Info (332146): Worst-case setup slack is -1.150
    Info (332119):     Slack End Point TNS Clock 
    Info (332119): ========= ============= =====================
    Info (332119):    -1.150      -111.035 clk_50M 
Info (332146): Worst-case hold slack is 0.215
    Info (332119):     Slack End Point TNS Clock 
    Info (332119): ========= ============= =====================
    Info (332119):     0.215         0.000 clk_50M 
Info (332140): No Recovery paths to report
Info (332140): No Removal paths to report
Info (332146): Worst-case minimum pulse width slack is -1.380
    Info (332119):     Slack End Point TNS Clock 
    Info (332119): ========= ============= =====================
    Info (332119):    -1.380      -192.380 clk_50M 
Info (332001): The selected device family is not supported by the report_metastability command.
Info (332102): Design is not fully constrained for setup requirements
Info (332102): Design is not fully constrained for hold requirements
Info: Quartus II 64-Bit TimeQuest Timing Analyzer was successful. 0 errors, 4 warnings
    Info: Peak virtual memory: 4556 megabytes
    Info: Processing ended: Tue Aug 25 12:50:30 2026
    Info: Elapsed time: 00:00:01
    Info: Total CPU time (on all processors): 00:00:01


