Timing Analyzer report for century_clock_top
Thu Aug 27 17:00:32 2026
Quartus Prime Version 25.1std.0 Build 1129 10/21/2025 SC Lite Edition


---------------------
; Table of Contents ;
---------------------
  1. Legal Notice
  2. Timing Analyzer Summary
  3. Parallel Compilation
  4. Clocks
  5. Slow 1200mV 85C Model Fmax Summary
  6. Timing Closure Recommendations
  7. Slow 1200mV 85C Model Setup Summary
  8. Slow 1200mV 85C Model Hold Summary
  9. Slow 1200mV 85C Model Recovery Summary
 10. Slow 1200mV 85C Model Removal Summary
 11. Slow 1200mV 85C Model Minimum Pulse Width Summary
 12. Slow 1200mV 85C Model Setup: 'clk_50M'
 13. Slow 1200mV 85C Model Hold: 'clk_50M'
 14. Slow 1200mV 85C Model Metastability Summary
 15. Slow 1200mV 0C Model Fmax Summary
 16. Slow 1200mV 0C Model Setup Summary
 17. Slow 1200mV 0C Model Hold Summary
 18. Slow 1200mV 0C Model Recovery Summary
 19. Slow 1200mV 0C Model Removal Summary
 20. Slow 1200mV 0C Model Minimum Pulse Width Summary
 21. Slow 1200mV 0C Model Setup: 'clk_50M'
 22. Slow 1200mV 0C Model Hold: 'clk_50M'
 23. Slow 1200mV 0C Model Metastability Summary
 24. Fast 1200mV 0C Model Setup Summary
 25. Fast 1200mV 0C Model Hold Summary
 26. Fast 1200mV 0C Model Recovery Summary
 27. Fast 1200mV 0C Model Removal Summary
 28. Fast 1200mV 0C Model Minimum Pulse Width Summary
 29. Fast 1200mV 0C Model Setup: 'clk_50M'
 30. Fast 1200mV 0C Model Hold: 'clk_50M'
 31. Fast 1200mV 0C Model Metastability Summary
 32. Multicorner Timing Analysis Summary
 33. Board Trace Model Assignments
 34. Input Transition Times
 35. Signal Integrity Metrics (Slow 1200mv 0c Model)
 36. Signal Integrity Metrics (Slow 1200mv 85c Model)
 37. Signal Integrity Metrics (Fast 1200mv 0c Model)
 38. Setup Transfers
 39. Hold Transfers
 40. Report TCCS
 41. Report RSKM
 42. Unconstrained Paths Summary
 43. Clock Status Summary
 44. Unconstrained Input Ports
 45. Unconstrained Output Ports
 46. Unconstrained Input Ports
 47. Unconstrained Output Ports
 48. Timing Analyzer Messages



----------------
; Legal Notice ;
----------------
Copyright (C) 2025  Altera Corporation. All rights reserved.
Your use of Altera Corporation's design tools, logic functions 
and other software and tools, and any partner logic 
functions, and any output files from any of the foregoing 
(including device programming or simulation files), and any 
associated documentation or information are expressly subject 
to the terms and conditions of the Altera Program License 
Subscription Agreement, the Altera Quartus Prime License Agreement,
the Altera IP License Agreement, or other applicable license
agreement, including, without limitation, that your use is for
the sole purpose of programming logic devices manufactured by
Altera and sold by Altera or its authorized distributors.  Please
refer to the Altera Software License Subscription Agreements 
on the Quartus Prime software download page.



+---------------------------------------------------------------------------------+
; Timing Analyzer Summary                                                         ;
+-----------------------+---------------------------------------------------------+
; Quartus Prime Version ; Version 25.1std.0 Build 1129 10/21/2025 SC Lite Edition ;
; Timing Analyzer       ; Legacy Timing Analyzer                                  ;
; Revision Name         ; century_clock_top                                       ;
; Device Family         ; Cyclone IV GX                                           ;
; Device Name           ; EP4CGX22CF19C6                                          ;
; Timing Models         ; Final                                                   ;
; Delay Model           ; Combined                                                ;
; Rise/Fall Delays      ; Enabled                                                 ;
+-----------------------+---------------------------------------------------------+


+------------------------------------------+
; Parallel Compilation                     ;
+----------------------------+-------------+
; Processors                 ; Number      ;
+----------------------------+-------------+
; Number detected on machine ; 16          ;
; Maximum allowed            ; 16          ;
;                            ;             ;
; Average used               ; 1.14        ;
; Maximum used               ; 16          ;
;                            ;             ;
; Usage by Processor         ; % Time Used ;
;     Processor 1            ; 100.0%      ;
;     Processors 2-16        ;   0.9%      ;
+----------------------------+-------------+


+-------------------------------------------------------------------------------------------------------------------------------------------------------------------------------------+
; Clocks                                                                                                                                                                              ;
+------------+------+--------+------------+-------+-------+------------+-----------+-------------+-------+--------+-----------+------------+----------+--------+--------+-------------+
; Clock Name ; Type ; Period ; Frequency  ; Rise  ; Fall  ; Duty Cycle ; Divide by ; Multiply by ; Phase ; Offset ; Edge List ; Edge Shift ; Inverted ; Master ; Source ; Targets     ;
+------------+------+--------+------------+-------+-------+------------+-----------+-------------+-------+--------+-----------+------------+----------+--------+--------+-------------+
; clk_50M    ; Base ; 1.000  ; 1000.0 MHz ; 0.000 ; 0.500 ;            ;           ;             ;       ;        ;           ;            ;          ;        ;        ; { clk_50M } ;
+------------+------+--------+------------+-------+-------+------------+-----------+-------------+-------+--------+-----------+------------+----------+--------+--------+-------------+


+--------------------------------------------------+
; Slow 1200mV 85C Model Fmax Summary               ;
+------------+-----------------+------------+------+
; Fmax       ; Restricted Fmax ; Clock Name ; Note ;
+------------+-----------------+------------+------+
; 229.67 MHz ; 229.67 MHz      ; clk_50M    ;      ;
+------------+-----------------+------------+------+
This panel reports FMAX for every clock in the design, regardless of the user-specified clock periods.  FMAX is only computed for paths where the source and destination registers or ports are driven by the same clock.  Paths of different clocks, including generated clocks, are ignored.  For paths between a clock and its inversion, FMAX is computed as if the rising and falling edges are scaled along with FMAX, such that the duty cycle (in terms of a percentage) is maintained. Altera recommends that you always use clock constraints and other slack reports for sign-off analysis.


----------------------------------
; Timing Closure Recommendations ;
----------------------------------
HTML report is unavailable in plain text report export.


+-------------------------------------+
; Slow 1200mV 85C Model Setup Summary ;
+---------+--------+------------------+
; Clock   ; Slack  ; End Point TNS    ;
+---------+--------+------------------+
; clk_50M ; -3.354 ; -364.434         ;
+---------+--------+------------------+


+------------------------------------+
; Slow 1200mV 85C Model Hold Summary ;
+---------+-------+------------------+
; Clock   ; Slack ; End Point TNS    ;
+---------+-------+------------------+
; clk_50M ; 0.355 ; 0.000            ;
+---------+-------+------------------+


------------------------------------------
; Slow 1200mV 85C Model Recovery Summary ;
------------------------------------------
No paths to report.


-----------------------------------------
; Slow 1200mV 85C Model Removal Summary ;
-----------------------------------------
No paths to report.


+---------------------------------------------------+
; Slow 1200mV 85C Model Minimum Pulse Width Summary ;
+---------+--------+--------------------------------+
; Clock   ; Slack  ; End Point TNS                  ;
+---------+--------+--------------------------------+
; clk_50M ; -3.000 ; -194.000                       ;
+---------+--------+--------------------------------+


+----------------------------------------------------------------------------------------------------------------------------------------------------------------------------------------------+
; Slow 1200mV 85C Model Setup: 'clk_50M'                                                                                                                                                       ;
+--------+-------------------------------------------------------+-------------------------------------------------------+--------------+-------------+--------------+------------+------------+
; Slack  ; From Node                                             ; To Node                                               ; Launch Clock ; Latch Clock ; Relationship ; Clock Skew ; Data Delay ;
+--------+-------------------------------------------------------+-------------------------------------------------------+--------------+-------------+--------------+------------+------------+
; -3.354 ; date_core:date_inst|year_counter:inst_year|year[2]    ; date_core:date_inst|month_counter:inst_month|month[1] ; clk_50M      ; clk_50M     ; 1.000        ; -0.421     ; 3.928      ;
; -3.354 ; date_core:date_inst|year_counter:inst_year|year[2]    ; date_core:date_inst|month_counter:inst_month|month[3] ; clk_50M      ; clk_50M     ; 1.000        ; -0.421     ; 3.928      ;
; -3.354 ; date_core:date_inst|year_counter:inst_year|year[2]    ; date_core:date_inst|month_counter:inst_month|month[2] ; clk_50M      ; clk_50M     ; 1.000        ; -0.421     ; 3.928      ;
; -3.311 ; date_core:date_inst|year_counter:inst_year|year[2]    ; date_core:date_inst|year_counter:inst_year|year[4]    ; clk_50M      ; clk_50M     ; 1.000        ; -0.428     ; 3.878      ;
; -3.311 ; date_core:date_inst|year_counter:inst_year|year[2]    ; date_core:date_inst|year_counter:inst_year|year[3]    ; clk_50M      ; clk_50M     ; 1.000        ; -0.428     ; 3.878      ;
; -3.292 ; time_core:time_inst|counter_60:inst_minute|val[4]     ; date_core:date_inst|year_counter:inst_year|year[4]    ; clk_50M      ; clk_50M     ; 1.000        ; -0.079     ; 4.208      ;
; -3.292 ; time_core:time_inst|counter_60:inst_minute|val[4]     ; date_core:date_inst|year_counter:inst_year|year[3]    ; clk_50M      ; clk_50M     ; 1.000        ; -0.079     ; 4.208      ;
; -3.289 ; time_core:time_inst|counter_60:inst_minute|val[3]     ; date_core:date_inst|year_counter:inst_year|year[4]    ; clk_50M      ; clk_50M     ; 1.000        ; -0.079     ; 4.205      ;
; -3.289 ; time_core:time_inst|counter_60:inst_minute|val[3]     ; date_core:date_inst|year_counter:inst_year|year[3]    ; clk_50M      ; clk_50M     ; 1.000        ; -0.079     ; 4.205      ;
; -3.264 ; date_core:date_inst|year_counter:inst_year|year[2]    ; date_core:date_inst|year_counter:inst_year|century[1] ; clk_50M      ; clk_50M     ; 1.000        ; -0.427     ; 3.832      ;
; -3.244 ; date_core:date_inst|year_counter:inst_year|century[0] ; date_core:date_inst|month_counter:inst_month|month[1] ; clk_50M      ; clk_50M     ; 1.000        ; -0.394     ; 3.845      ;
; -3.244 ; date_core:date_inst|year_counter:inst_year|century[0] ; date_core:date_inst|month_counter:inst_month|month[3] ; clk_50M      ; clk_50M     ; 1.000        ; -0.394     ; 3.845      ;
; -3.244 ; date_core:date_inst|year_counter:inst_year|century[0] ; date_core:date_inst|month_counter:inst_month|month[2] ; clk_50M      ; clk_50M     ; 1.000        ; -0.394     ; 3.845      ;
; -3.220 ; date_core:date_inst|year_counter:inst_year|century[0] ; date_core:date_inst|year_counter:inst_year|year[4]    ; clk_50M      ; clk_50M     ; 1.000        ; -0.401     ; 3.814      ;
; -3.220 ; date_core:date_inst|year_counter:inst_year|century[0] ; date_core:date_inst|year_counter:inst_year|year[3]    ; clk_50M      ; clk_50M     ; 1.000        ; -0.401     ; 3.814      ;
; -3.214 ; date_core:date_inst|year_counter:inst_year|year[6]    ; date_core:date_inst|month_counter:inst_month|month[1] ; clk_50M      ; clk_50M     ; 1.000        ; -0.421     ; 3.788      ;
; -3.214 ; date_core:date_inst|year_counter:inst_year|year[6]    ; date_core:date_inst|month_counter:inst_month|month[3] ; clk_50M      ; clk_50M     ; 1.000        ; -0.421     ; 3.788      ;
; -3.214 ; date_core:date_inst|year_counter:inst_year|year[6]    ; date_core:date_inst|month_counter:inst_month|month[2] ; clk_50M      ; clk_50M     ; 1.000        ; -0.421     ; 3.788      ;
; -3.211 ; time_core:time_inst|counter_60:inst_second|val[2]     ; date_core:date_inst|year_counter:inst_year|year[4]    ; clk_50M      ; clk_50M     ; 1.000        ; -0.068     ; 4.138      ;
; -3.211 ; time_core:time_inst|counter_60:inst_second|val[2]     ; date_core:date_inst|year_counter:inst_year|year[3]    ; clk_50M      ; clk_50M     ; 1.000        ; -0.068     ; 4.138      ;
; -3.197 ; date_core:date_inst|year_counter:inst_year|century[1] ; date_core:date_inst|month_counter:inst_month|month[1] ; clk_50M      ; clk_50M     ; 1.000        ; -0.057     ; 4.135      ;
; -3.197 ; date_core:date_inst|year_counter:inst_year|century[1] ; date_core:date_inst|month_counter:inst_month|month[3] ; clk_50M      ; clk_50M     ; 1.000        ; -0.057     ; 4.135      ;
; -3.197 ; date_core:date_inst|year_counter:inst_year|century[1] ; date_core:date_inst|month_counter:inst_month|month[2] ; clk_50M      ; clk_50M     ; 1.000        ; -0.057     ; 4.135      ;
; -3.190 ; time_core:time_inst|counter_60:inst_minute|val[4]     ; date_core:date_inst|year_counter:inst_year|century[1] ; clk_50M      ; clk_50M     ; 1.000        ; -0.078     ; 4.107      ;
; -3.187 ; time_core:time_inst|counter_60:inst_minute|val[3]     ; date_core:date_inst|year_counter:inst_year|century[1] ; clk_50M      ; clk_50M     ; 1.000        ; -0.078     ; 4.104      ;
; -3.182 ; mode_control:mode_fsm|current_state[1]                ; date_core:date_inst|year_counter:inst_year|year[4]    ; clk_50M      ; clk_50M     ; 1.000        ; -0.069     ; 4.108      ;
; -3.182 ; mode_control:mode_fsm|current_state[1]                ; date_core:date_inst|year_counter:inst_year|year[3]    ; clk_50M      ; clk_50M     ; 1.000        ; -0.069     ; 4.108      ;
; -3.173 ; date_core:date_inst|year_counter:inst_year|century[1] ; date_core:date_inst|year_counter:inst_year|year[4]    ; clk_50M      ; clk_50M     ; 1.000        ; -0.064     ; 4.104      ;
; -3.173 ; date_core:date_inst|year_counter:inst_year|century[1] ; date_core:date_inst|year_counter:inst_year|year[3]    ; clk_50M      ; clk_50M     ; 1.000        ; -0.064     ; 4.104      ;
; -3.173 ; date_core:date_inst|year_counter:inst_year|century[0] ; date_core:date_inst|year_counter:inst_year|century[1] ; clk_50M      ; clk_50M     ; 1.000        ; -0.400     ; 3.768      ;
; -3.171 ; date_core:date_inst|year_counter:inst_year|year[6]    ; date_core:date_inst|year_counter:inst_year|year[4]    ; clk_50M      ; clk_50M     ; 1.000        ; -0.428     ; 3.738      ;
; -3.171 ; date_core:date_inst|year_counter:inst_year|year[6]    ; date_core:date_inst|year_counter:inst_year|year[3]    ; clk_50M      ; clk_50M     ; 1.000        ; -0.428     ; 3.738      ;
; -3.167 ; time_core:time_inst|counter_60:inst_second|val[3]     ; date_core:date_inst|year_counter:inst_year|year[4]    ; clk_50M      ; clk_50M     ; 1.000        ; -0.068     ; 4.094      ;
; -3.167 ; time_core:time_inst|counter_60:inst_second|val[3]     ; date_core:date_inst|year_counter:inst_year|year[3]    ; clk_50M      ; clk_50M     ; 1.000        ; -0.068     ; 4.094      ;
; -3.163 ; time_core:time_inst|counter_60:inst_second|val[4]     ; date_core:date_inst|year_counter:inst_year|year[4]    ; clk_50M      ; clk_50M     ; 1.000        ; -0.068     ; 4.090      ;
; -3.163 ; time_core:time_inst|counter_60:inst_second|val[4]     ; date_core:date_inst|year_counter:inst_year|year[3]    ; clk_50M      ; clk_50M     ; 1.000        ; -0.068     ; 4.090      ;
; -3.158 ; time_core:time_inst|counter_60:inst_minute|val[2]     ; date_core:date_inst|year_counter:inst_year|year[4]    ; clk_50M      ; clk_50M     ; 1.000        ; -0.079     ; 4.074      ;
; -3.158 ; time_core:time_inst|counter_60:inst_minute|val[2]     ; date_core:date_inst|year_counter:inst_year|year[3]    ; clk_50M      ; clk_50M     ; 1.000        ; -0.079     ; 4.074      ;
; -3.152 ; date_core:date_inst|year_counter:inst_year|year[3]    ; date_core:date_inst|month_counter:inst_month|month[1] ; clk_50M      ; clk_50M     ; 1.000        ; -0.057     ; 4.090      ;
; -3.152 ; date_core:date_inst|year_counter:inst_year|year[3]    ; date_core:date_inst|month_counter:inst_month|month[3] ; clk_50M      ; clk_50M     ; 1.000        ; -0.057     ; 4.090      ;
; -3.152 ; date_core:date_inst|year_counter:inst_year|year[3]    ; date_core:date_inst|month_counter:inst_month|month[2] ; clk_50M      ; clk_50M     ; 1.000        ; -0.057     ; 4.090      ;
; -3.148 ; tick_generator_1hz:tick_gen|tick_1HZ                  ; date_core:date_inst|year_counter:inst_year|year[4]    ; clk_50M      ; clk_50M     ; 1.000        ; -0.069     ; 4.074      ;
; -3.148 ; tick_generator_1hz:tick_gen|tick_1HZ                  ; date_core:date_inst|year_counter:inst_year|year[3]    ; clk_50M      ; clk_50M     ; 1.000        ; -0.069     ; 4.074      ;
; -3.127 ; date_core:date_inst|year_counter:inst_year|year[4]    ; date_core:date_inst|month_counter:inst_month|month[1] ; clk_50M      ; clk_50M     ; 1.000        ; -0.057     ; 4.065      ;
; -3.127 ; date_core:date_inst|year_counter:inst_year|year[4]    ; date_core:date_inst|month_counter:inst_month|month[3] ; clk_50M      ; clk_50M     ; 1.000        ; -0.057     ; 4.065      ;
; -3.127 ; date_core:date_inst|year_counter:inst_year|year[4]    ; date_core:date_inst|month_counter:inst_month|month[2] ; clk_50M      ; clk_50M     ; 1.000        ; -0.057     ; 4.065      ;
; -3.126 ; date_core:date_inst|year_counter:inst_year|century[1] ; date_core:date_inst|year_counter:inst_year|century[1] ; clk_50M      ; clk_50M     ; 1.000        ; -0.063     ; 4.058      ;
; -3.124 ; date_core:date_inst|year_counter:inst_year|year[6]    ; date_core:date_inst|year_counter:inst_year|century[1] ; clk_50M      ; clk_50M     ; 1.000        ; -0.427     ; 3.692      ;
; -3.114 ; time_core:time_inst|counter_60:inst_second|val[2]     ; date_core:date_inst|year_counter:inst_year|century[1] ; clk_50M      ; clk_50M     ; 1.000        ; -0.067     ; 4.042      ;
; -3.109 ; date_core:date_inst|year_counter:inst_year|year[3]    ; date_core:date_inst|year_counter:inst_year|year[4]    ; clk_50M      ; clk_50M     ; 1.000        ; -0.064     ; 4.040      ;
; -3.109 ; date_core:date_inst|year_counter:inst_year|year[3]    ; date_core:date_inst|year_counter:inst_year|year[3]    ; clk_50M      ; clk_50M     ; 1.000        ; -0.064     ; 4.040      ;
; -3.108 ; date_core:date_inst|year_counter:inst_year|year[0]    ; date_core:date_inst|month_counter:inst_month|month[1] ; clk_50M      ; clk_50M     ; 1.000        ; -0.421     ; 3.682      ;
; -3.108 ; date_core:date_inst|year_counter:inst_year|year[0]    ; date_core:date_inst|month_counter:inst_month|month[3] ; clk_50M      ; clk_50M     ; 1.000        ; -0.421     ; 3.682      ;
; -3.108 ; date_core:date_inst|year_counter:inst_year|year[0]    ; date_core:date_inst|month_counter:inst_month|month[2] ; clk_50M      ; clk_50M     ; 1.000        ; -0.421     ; 3.682      ;
; -3.089 ; time_core:time_inst|counter_60:inst_minute|val[0]     ; date_core:date_inst|year_counter:inst_year|year[4]    ; clk_50M      ; clk_50M     ; 1.000        ; -0.079     ; 4.005      ;
; -3.089 ; time_core:time_inst|counter_60:inst_minute|val[0]     ; date_core:date_inst|year_counter:inst_year|year[3]    ; clk_50M      ; clk_50M     ; 1.000        ; -0.079     ; 4.005      ;
; -3.084 ; date_core:date_inst|year_counter:inst_year|year[4]    ; date_core:date_inst|year_counter:inst_year|year[4]    ; clk_50M      ; clk_50M     ; 1.000        ; -0.064     ; 4.015      ;
; -3.084 ; date_core:date_inst|year_counter:inst_year|year[4]    ; date_core:date_inst|year_counter:inst_year|year[3]    ; clk_50M      ; clk_50M     ; 1.000        ; -0.064     ; 4.015      ;
; -3.084 ; date_core:date_inst|year_counter:inst_year|year[0]    ; date_core:date_inst|year_counter:inst_year|year[4]    ; clk_50M      ; clk_50M     ; 1.000        ; -0.428     ; 3.651      ;
; -3.084 ; date_core:date_inst|year_counter:inst_year|year[0]    ; date_core:date_inst|year_counter:inst_year|year[3]    ; clk_50M      ; clk_50M     ; 1.000        ; -0.428     ; 3.651      ;
; -3.080 ; mode_control:mode_fsm|current_state[1]                ; date_core:date_inst|year_counter:inst_year|century[1] ; clk_50M      ; clk_50M     ; 1.000        ; -0.068     ; 4.007      ;
; -3.065 ; time_core:time_inst|counter_60:inst_second|val[3]     ; date_core:date_inst|year_counter:inst_year|century[1] ; clk_50M      ; clk_50M     ; 1.000        ; -0.067     ; 3.993      ;
; -3.062 ; date_core:date_inst|year_counter:inst_year|year[3]    ; date_core:date_inst|year_counter:inst_year|century[1] ; clk_50M      ; clk_50M     ; 1.000        ; -0.063     ; 3.994      ;
; -3.061 ; time_core:time_inst|counter_60:inst_minute|val[2]     ; date_core:date_inst|year_counter:inst_year|century[1] ; clk_50M      ; clk_50M     ; 1.000        ; -0.078     ; 3.978      ;
; -3.061 ; time_core:time_inst|counter_60:inst_second|val[4]     ; date_core:date_inst|year_counter:inst_year|century[1] ; clk_50M      ; clk_50M     ; 1.000        ; -0.067     ; 3.989      ;
; -3.050 ; date_core:date_inst|year_counter:inst_year|year[5]    ; date_core:date_inst|month_counter:inst_month|month[1] ; clk_50M      ; clk_50M     ; 1.000        ; -0.421     ; 3.624      ;
; -3.050 ; date_core:date_inst|year_counter:inst_year|year[5]    ; date_core:date_inst|month_counter:inst_month|month[3] ; clk_50M      ; clk_50M     ; 1.000        ; -0.421     ; 3.624      ;
; -3.050 ; date_core:date_inst|year_counter:inst_year|year[5]    ; date_core:date_inst|month_counter:inst_month|month[2] ; clk_50M      ; clk_50M     ; 1.000        ; -0.421     ; 3.624      ;
; -3.046 ; tick_generator_1hz:tick_gen|tick_1HZ                  ; date_core:date_inst|year_counter:inst_year|century[1] ; clk_50M      ; clk_50M     ; 1.000        ; -0.068     ; 3.973      ;
; -3.045 ; time_core:time_inst|counter_60:inst_minute|val[5]     ; date_core:date_inst|year_counter:inst_year|year[4]    ; clk_50M      ; clk_50M     ; 1.000        ; -0.079     ; 3.961      ;
; -3.045 ; time_core:time_inst|counter_60:inst_minute|val[5]     ; date_core:date_inst|year_counter:inst_year|year[3]    ; clk_50M      ; clk_50M     ; 1.000        ; -0.079     ; 3.961      ;
; -3.037 ; time_core:time_inst|counter_60:inst_minute|val[4]     ; date_core:date_inst|month_counter:inst_month|month[1] ; clk_50M      ; clk_50M     ; 1.000        ; -0.072     ; 3.960      ;
; -3.037 ; time_core:time_inst|counter_60:inst_minute|val[4]     ; date_core:date_inst|month_counter:inst_month|month[3] ; clk_50M      ; clk_50M     ; 1.000        ; -0.072     ; 3.960      ;
; -3.037 ; time_core:time_inst|counter_60:inst_minute|val[4]     ; date_core:date_inst|month_counter:inst_month|month[2] ; clk_50M      ; clk_50M     ; 1.000        ; -0.072     ; 3.960      ;
; -3.037 ; date_core:date_inst|year_counter:inst_year|year[4]    ; date_core:date_inst|year_counter:inst_year|century[1] ; clk_50M      ; clk_50M     ; 1.000        ; -0.063     ; 3.969      ;
; -3.037 ; date_core:date_inst|year_counter:inst_year|year[0]    ; date_core:date_inst|year_counter:inst_year|century[1] ; clk_50M      ; clk_50M     ; 1.000        ; -0.427     ; 3.605      ;
; -3.034 ; time_core:time_inst|counter_60:inst_minute|val[3]     ; date_core:date_inst|month_counter:inst_month|month[1] ; clk_50M      ; clk_50M     ; 1.000        ; -0.072     ; 3.957      ;
; -3.034 ; time_core:time_inst|counter_60:inst_minute|val[3]     ; date_core:date_inst|month_counter:inst_month|month[3] ; clk_50M      ; clk_50M     ; 1.000        ; -0.072     ; 3.957      ;
; -3.034 ; time_core:time_inst|counter_60:inst_minute|val[3]     ; date_core:date_inst|month_counter:inst_month|month[2] ; clk_50M      ; clk_50M     ; 1.000        ; -0.072     ; 3.957      ;
; -3.019 ; time_core:time_inst|counter_60:inst_minute|val[1]     ; date_core:date_inst|year_counter:inst_year|year[4]    ; clk_50M      ; clk_50M     ; 1.000        ; -0.079     ; 3.935      ;
; -3.019 ; time_core:time_inst|counter_60:inst_minute|val[1]     ; date_core:date_inst|year_counter:inst_year|year[3]    ; clk_50M      ; clk_50M     ; 1.000        ; -0.079     ; 3.935      ;
; -3.007 ; date_core:date_inst|year_counter:inst_year|year[5]    ; date_core:date_inst|year_counter:inst_year|year[4]    ; clk_50M      ; clk_50M     ; 1.000        ; -0.428     ; 3.574      ;
; -3.007 ; date_core:date_inst|year_counter:inst_year|year[5]    ; date_core:date_inst|year_counter:inst_year|year[3]    ; clk_50M      ; clk_50M     ; 1.000        ; -0.428     ; 3.574      ;
; -3.001 ; mode_control:mode_fsm|current_state[0]                ; date_core:date_inst|year_counter:inst_year|year[4]    ; clk_50M      ; clk_50M     ; 1.000        ; -0.069     ; 3.927      ;
; -3.001 ; mode_control:mode_fsm|current_state[0]                ; date_core:date_inst|year_counter:inst_year|year[3]    ; clk_50M      ; clk_50M     ; 1.000        ; -0.069     ; 3.927      ;
; -2.987 ; time_core:time_inst|counter_60:inst_minute|val[0]     ; date_core:date_inst|year_counter:inst_year|century[1] ; clk_50M      ; clk_50M     ; 1.000        ; -0.078     ; 3.904      ;
; -2.966 ; date_core:date_inst|year_counter:inst_year|year[2]    ; date_core:date_inst|year_counter:inst_year|century[0] ; clk_50M      ; clk_50M     ; 1.000        ; -0.104     ; 3.857      ;
; -2.966 ; date_core:date_inst|year_counter:inst_year|year[2]    ; date_core:date_inst|year_counter:inst_year|century[2] ; clk_50M      ; clk_50M     ; 1.000        ; -0.104     ; 3.857      ;
; -2.966 ; date_core:date_inst|year_counter:inst_year|year[2]    ; date_core:date_inst|year_counter:inst_year|century[4] ; clk_50M      ; clk_50M     ; 1.000        ; -0.104     ; 3.857      ;
; -2.966 ; date_core:date_inst|year_counter:inst_year|year[2]    ; date_core:date_inst|year_counter:inst_year|century[3] ; clk_50M      ; clk_50M     ; 1.000        ; -0.104     ; 3.857      ;
; -2.966 ; date_core:date_inst|year_counter:inst_year|year[2]    ; date_core:date_inst|year_counter:inst_year|century[5] ; clk_50M      ; clk_50M     ; 1.000        ; -0.104     ; 3.857      ;
; -2.966 ; date_core:date_inst|year_counter:inst_year|year[2]    ; date_core:date_inst|year_counter:inst_year|century[6] ; clk_50M      ; clk_50M     ; 1.000        ; -0.104     ; 3.857      ;
; -2.962 ; time_core:time_inst|counter_60:inst_second|val[2]     ; date_core:date_inst|month_counter:inst_month|month[1] ; clk_50M      ; clk_50M     ; 1.000        ; -0.061     ; 3.896      ;
; -2.962 ; time_core:time_inst|counter_60:inst_second|val[2]     ; date_core:date_inst|month_counter:inst_month|month[3] ; clk_50M      ; clk_50M     ; 1.000        ; -0.061     ; 3.896      ;
; -2.962 ; time_core:time_inst|counter_60:inst_second|val[2]     ; date_core:date_inst|month_counter:inst_month|month[2] ; clk_50M      ; clk_50M     ; 1.000        ; -0.061     ; 3.896      ;
; -2.960 ; date_core:date_inst|year_counter:inst_year|year[5]    ; date_core:date_inst|year_counter:inst_year|century[1] ; clk_50M      ; clk_50M     ; 1.000        ; -0.427     ; 3.528      ;
; -2.955 ; edge_detector:ed_rst_num|btn_sync                     ; date_core:date_inst|year_counter:inst_year|century[1] ; clk_50M      ; clk_50M     ; 1.000        ; -0.072     ; 3.878      ;
; -2.943 ; date_core:date_inst|year_counter:inst_year|year[2]    ; date_core:date_inst|month_counter:inst_month|month[0] ; clk_50M      ; clk_50M     ; 1.000        ; -0.421     ; 3.517      ;
; -2.943 ; time_core:time_inst|counter_60:inst_minute|val[5]     ; date_core:date_inst|year_counter:inst_year|century[1] ; clk_50M      ; clk_50M     ; 1.000        ; -0.078     ; 3.860      ;
; -2.936 ; date_core:date_inst|year_counter:inst_year|year[2]    ; date_core:date_inst|year_counter:inst_year|year[6]    ; clk_50M      ; clk_50M     ; 1.000        ; -0.078     ; 3.853      ;
+--------+-------------------------------------------------------+-------------------------------------------------------+--------------+-------------+--------------+------------+------------+


+---------------------------------------------------------------------------------------------------------------------------------------------------------------------------------------------+
; Slow 1200mV 85C Model Hold: 'clk_50M'                                                                                                                                                       ;
+-------+-------------------------------------------------------+-------------------------------------------------------+--------------+-------------+--------------+------------+------------+
; Slack ; From Node                                             ; To Node                                               ; Launch Clock ; Latch Clock ; Relationship ; Clock Skew ; Data Delay ;
+-------+-------------------------------------------------------+-------------------------------------------------------+--------------+-------------+--------------+------------+------------+
; 0.355 ; debounce:debounce_dec|button_out                      ; debounce:debounce_dec|button_out                      ; clk_50M      ; clk_50M     ; 0.000        ; 0.065      ; 0.577      ;
; 0.356 ; tick_generator_1hz:tick_gen|blink_1HZ                 ; tick_generator_1hz:tick_gen|blink_1HZ                 ; clk_50M      ; clk_50M     ; 0.000        ; 0.064      ; 0.577      ;
; 0.356 ; date_core:date_inst|month_counter:inst_month|month[0] ; date_core:date_inst|month_counter:inst_month|month[0] ; clk_50M      ; clk_50M     ; 0.000        ; 0.064      ; 0.577      ;
; 0.356 ; debounce:debounce_inc|button_out                      ; debounce:debounce_inc|button_out                      ; clk_50M      ; clk_50M     ; 0.000        ; 0.064      ; 0.577      ;
; 0.356 ; debounce:debounce_rst_num|button_out                  ; debounce:debounce_rst_num|button_out                  ; clk_50M      ; clk_50M     ; 0.000        ; 0.064      ; 0.577      ;
; 0.356 ; mode_control:mode_fsm|current_state[2]                ; mode_control:mode_fsm|current_state[2]                ; clk_50M      ; clk_50M     ; 0.000        ; 0.064      ; 0.577      ;
; 0.356 ; mode_control:mode_fsm|current_state[1]                ; mode_control:mode_fsm|current_state[1]                ; clk_50M      ; clk_50M     ; 0.000        ; 0.064      ; 0.577      ;
; 0.356 ; mode_control:mode_fsm|current_state[0]                ; mode_control:mode_fsm|current_state[0]                ; clk_50M      ; clk_50M     ; 0.000        ; 0.064      ; 0.577      ;
; 0.356 ; debounce:debounce_mode|button_out                     ; debounce:debounce_mode|button_out                     ; clk_50M      ; clk_50M     ; 0.000        ; 0.064      ; 0.577      ;
; 0.357 ; display_control:inst_display|auto_page                ; display_control:inst_display|auto_page                ; clk_50M      ; clk_50M     ; 0.000        ; 0.063      ; 0.577      ;
; 0.371 ; debounce:debounce_mode|button_sync_0                  ; debounce:debounce_mode|button_sync_1                  ; clk_50M      ; clk_50M     ; 0.000        ; 0.065      ; 0.593      ;
; 0.373 ; debounce:debounce_dec|counter[19]                     ; debounce:debounce_dec|counter[19]                     ; clk_50M      ; clk_50M     ; 0.000        ; 0.065      ; 0.595      ;
; 0.374 ; debounce:debounce_inc|counter[19]                     ; debounce:debounce_inc|counter[19]                     ; clk_50M      ; clk_50M     ; 0.000        ; 0.065      ; 0.596      ;
; 0.375 ; debounce:debounce_rst_num|counter[19]                 ; debounce:debounce_rst_num|counter[19]                 ; clk_50M      ; clk_50M     ; 0.000        ; 0.064      ; 0.596      ;
; 0.375 ; debounce:debounce_mode|counter[19]                    ; debounce:debounce_mode|counter[19]                    ; clk_50M      ; clk_50M     ; 0.000        ; 0.064      ; 0.596      ;
; 0.393 ; time_core:time_inst|counter_60:inst_second|val[5]     ; time_core:time_inst|counter_60:inst_second|val[5]     ; clk_50M      ; clk_50M     ; 0.000        ; 0.063      ; 0.613      ;
; 0.407 ; debounce:debounce_rst_num|button_out                  ; edge_detector:ed_rst_num|btn_sync                     ; clk_50M      ; clk_50M     ; 0.000        ; 0.064      ; 0.628      ;
; 0.524 ; debounce:debounce_dec|button_sync_0                   ; debounce:debounce_dec|button_sync_1                   ; clk_50M      ; clk_50M     ; 0.000        ; 0.064      ; 0.745      ;
; 0.531 ; debounce:debounce_dec|button_sync_1                   ; debounce:debounce_dec|button_out                      ; clk_50M      ; clk_50M     ; 0.000        ; 0.064      ; 0.752      ;
; 0.546 ; tick_generator_1hz:tick_gen|counter_value[2]          ; tick_generator_1hz:tick_gen|counter_value[2]          ; clk_50M      ; clk_50M     ; 0.000        ; 0.079      ; 0.782      ;
; 0.549 ; debounce:debounce_inc|button_out                      ; edge_detector:ed_inc|btn_sync                         ; clk_50M      ; clk_50M     ; 0.000        ; 0.064      ; 0.770      ;
; 0.554 ; debounce:debounce_dec|counter[1]                      ; debounce:debounce_dec|counter[1]                      ; clk_50M      ; clk_50M     ; 0.000        ; 0.064      ; 0.775      ;
; 0.554 ; debounce:debounce_dec|counter[3]                      ; debounce:debounce_dec|counter[3]                      ; clk_50M      ; clk_50M     ; 0.000        ; 0.064      ; 0.775      ;
; 0.554 ; debounce:debounce_dec|counter[5]                      ; debounce:debounce_dec|counter[5]                      ; clk_50M      ; clk_50M     ; 0.000        ; 0.064      ; 0.775      ;
; 0.554 ; debounce:debounce_inc|counter[1]                      ; debounce:debounce_inc|counter[1]                      ; clk_50M      ; clk_50M     ; 0.000        ; 0.064      ; 0.775      ;
; 0.554 ; debounce:debounce_inc|counter[3]                      ; debounce:debounce_inc|counter[3]                      ; clk_50M      ; clk_50M     ; 0.000        ; 0.064      ; 0.775      ;
; 0.554 ; debounce:debounce_inc|counter[5]                      ; debounce:debounce_inc|counter[5]                      ; clk_50M      ; clk_50M     ; 0.000        ; 0.064      ; 0.775      ;
; 0.554 ; debounce:debounce_rst_num|counter[1]                  ; debounce:debounce_rst_num|counter[1]                  ; clk_50M      ; clk_50M     ; 0.000        ; 0.064      ; 0.775      ;
; 0.554 ; debounce:debounce_rst_num|counter[3]                  ; debounce:debounce_rst_num|counter[3]                  ; clk_50M      ; clk_50M     ; 0.000        ; 0.064      ; 0.775      ;
; 0.554 ; debounce:debounce_rst_num|counter[5]                  ; debounce:debounce_rst_num|counter[5]                  ; clk_50M      ; clk_50M     ; 0.000        ; 0.064      ; 0.775      ;
; 0.554 ; debounce:debounce_mode|counter[1]                     ; debounce:debounce_mode|counter[1]                     ; clk_50M      ; clk_50M     ; 0.000        ; 0.064      ; 0.775      ;
; 0.554 ; debounce:debounce_mode|counter[3]                     ; debounce:debounce_mode|counter[3]                     ; clk_50M      ; clk_50M     ; 0.000        ; 0.064      ; 0.775      ;
; 0.554 ; debounce:debounce_mode|counter[5]                     ; debounce:debounce_mode|counter[5]                     ; clk_50M      ; clk_50M     ; 0.000        ; 0.064      ; 0.775      ;
; 0.556 ; debounce:debounce_dec|counter[2]                      ; debounce:debounce_dec|counter[2]                      ; clk_50M      ; clk_50M     ; 0.000        ; 0.064      ; 0.777      ;
; 0.556 ; debounce:debounce_dec|counter[4]                      ; debounce:debounce_dec|counter[4]                      ; clk_50M      ; clk_50M     ; 0.000        ; 0.064      ; 0.777      ;
; 0.556 ; debounce:debounce_inc|counter[2]                      ; debounce:debounce_inc|counter[2]                      ; clk_50M      ; clk_50M     ; 0.000        ; 0.064      ; 0.777      ;
; 0.556 ; debounce:debounce_inc|counter[4]                      ; debounce:debounce_inc|counter[4]                      ; clk_50M      ; clk_50M     ; 0.000        ; 0.064      ; 0.777      ;
; 0.556 ; debounce:debounce_rst_num|counter[2]                  ; debounce:debounce_rst_num|counter[2]                  ; clk_50M      ; clk_50M     ; 0.000        ; 0.064      ; 0.777      ;
; 0.556 ; debounce:debounce_rst_num|counter[4]                  ; debounce:debounce_rst_num|counter[4]                  ; clk_50M      ; clk_50M     ; 0.000        ; 0.064      ; 0.777      ;
; 0.556 ; debounce:debounce_mode|counter[2]                     ; debounce:debounce_mode|counter[2]                     ; clk_50M      ; clk_50M     ; 0.000        ; 0.064      ; 0.777      ;
; 0.556 ; debounce:debounce_mode|counter[4]                     ; debounce:debounce_mode|counter[4]                     ; clk_50M      ; clk_50M     ; 0.000        ; 0.064      ; 0.777      ;
; 0.558 ; debounce:debounce_dec|counter[9]                      ; debounce:debounce_dec|counter[9]                      ; clk_50M      ; clk_50M     ; 0.000        ; 0.064      ; 0.779      ;
; 0.558 ; debounce:debounce_inc|counter[9]                      ; debounce:debounce_inc|counter[9]                      ; clk_50M      ; clk_50M     ; 0.000        ; 0.064      ; 0.779      ;
; 0.558 ; tick_generator_1hz:tick_gen|counter_value[8]          ; tick_generator_1hz:tick_gen|counter_value[8]          ; clk_50M      ; clk_50M     ; 0.000        ; 0.065      ; 0.780      ;
; 0.558 ; debounce:debounce_mode|counter[9]                     ; debounce:debounce_mode|counter[9]                     ; clk_50M      ; clk_50M     ; 0.000        ; 0.064      ; 0.779      ;
; 0.559 ; tick_generator_1hz:tick_gen|blink_counter[9]          ; tick_generator_1hz:tick_gen|blink_counter[9]          ; clk_50M      ; clk_50M     ; 0.000        ; 0.064      ; 0.780      ;
; 0.559 ; tick_generator_1hz:tick_gen|blink_counter[7]          ; tick_generator_1hz:tick_gen|blink_counter[7]          ; clk_50M      ; clk_50M     ; 0.000        ; 0.064      ; 0.780      ;
; 0.559 ; debounce:debounce_dec|counter[10]                     ; debounce:debounce_dec|counter[10]                     ; clk_50M      ; clk_50M     ; 0.000        ; 0.065      ; 0.781      ;
; 0.559 ; debounce:debounce_dec|counter[11]                     ; debounce:debounce_dec|counter[11]                     ; clk_50M      ; clk_50M     ; 0.000        ; 0.065      ; 0.781      ;
; 0.559 ; debounce:debounce_inc|counter[10]                     ; debounce:debounce_inc|counter[10]                     ; clk_50M      ; clk_50M     ; 0.000        ; 0.065      ; 0.781      ;
; 0.559 ; debounce:debounce_inc|counter[11]                     ; debounce:debounce_inc|counter[11]                     ; clk_50M      ; clk_50M     ; 0.000        ; 0.065      ; 0.781      ;
; 0.559 ; debounce:debounce_rst_num|counter[7]                  ; debounce:debounce_rst_num|counter[7]                  ; clk_50M      ; clk_50M     ; 0.000        ; 0.064      ; 0.780      ;
; 0.559 ; debounce:debounce_rst_num|counter[11]                 ; debounce:debounce_rst_num|counter[11]                 ; clk_50M      ; clk_50M     ; 0.000        ; 0.064      ; 0.780      ;
; 0.559 ; tick_generator_1hz:tick_gen|counter_value[11]         ; tick_generator_1hz:tick_gen|counter_value[11]         ; clk_50M      ; clk_50M     ; 0.000        ; 0.065      ; 0.781      ;
; 0.559 ; tick_generator_1hz:tick_gen|counter_value[10]         ; tick_generator_1hz:tick_gen|counter_value[10]         ; clk_50M      ; clk_50M     ; 0.000        ; 0.065      ; 0.781      ;
; 0.559 ; tick_generator_1hz:tick_gen|counter_value[6]          ; tick_generator_1hz:tick_gen|counter_value[6]          ; clk_50M      ; clk_50M     ; 0.000        ; 0.065      ; 0.781      ;
; 0.559 ; tick_generator_1hz:tick_gen|counter_value[3]          ; tick_generator_1hz:tick_gen|counter_value[3]          ; clk_50M      ; clk_50M     ; 0.000        ; 0.065      ; 0.781      ;
; 0.559 ; debounce:debounce_mode|counter[11]                    ; debounce:debounce_mode|counter[11]                    ; clk_50M      ; clk_50M     ; 0.000        ; 0.064      ; 0.780      ;
; 0.560 ; tick_generator_1hz:tick_gen|blink_counter[5]          ; tick_generator_1hz:tick_gen|blink_counter[5]          ; clk_50M      ; clk_50M     ; 0.000        ; 0.064      ; 0.781      ;
; 0.560 ; date_core:date_inst|year_counter:inst_year|century[5] ; date_core:date_inst|year_counter:inst_year|century[5] ; clk_50M      ; clk_50M     ; 0.000        ; 0.077      ; 0.794      ;
; 0.560 ; debounce:debounce_dec|counter[8]                      ; debounce:debounce_dec|counter[8]                      ; clk_50M      ; clk_50M     ; 0.000        ; 0.064      ; 0.781      ;
; 0.560 ; debounce:debounce_dec|counter[7]                      ; debounce:debounce_dec|counter[7]                      ; clk_50M      ; clk_50M     ; 0.000        ; 0.064      ; 0.781      ;
; 0.560 ; debounce:debounce_dec|counter[13]                     ; debounce:debounce_dec|counter[13]                     ; clk_50M      ; clk_50M     ; 0.000        ; 0.065      ; 0.782      ;
; 0.560 ; debounce:debounce_inc|counter[7]                      ; debounce:debounce_inc|counter[7]                      ; clk_50M      ; clk_50M     ; 0.000        ; 0.064      ; 0.781      ;
; 0.560 ; debounce:debounce_inc|counter[13]                     ; debounce:debounce_inc|counter[13]                     ; clk_50M      ; clk_50M     ; 0.000        ; 0.065      ; 0.782      ;
; 0.560 ; debounce:debounce_rst_num|counter[9]                  ; debounce:debounce_rst_num|counter[9]                  ; clk_50M      ; clk_50M     ; 0.000        ; 0.064      ; 0.781      ;
; 0.560 ; debounce:debounce_rst_num|counter[10]                 ; debounce:debounce_rst_num|counter[10]                 ; clk_50M      ; clk_50M     ; 0.000        ; 0.064      ; 0.781      ;
; 0.560 ; tick_generator_1hz:tick_gen|counter_value[4]          ; tick_generator_1hz:tick_gen|counter_value[4]          ; clk_50M      ; clk_50M     ; 0.000        ; 0.065      ; 0.782      ;
; 0.560 ; debounce:debounce_mode|counter[8]                     ; debounce:debounce_mode|counter[8]                     ; clk_50M      ; clk_50M     ; 0.000        ; 0.064      ; 0.781      ;
; 0.560 ; debounce:debounce_mode|counter[7]                     ; debounce:debounce_mode|counter[7]                     ; clk_50M      ; clk_50M     ; 0.000        ; 0.064      ; 0.781      ;
; 0.560 ; debounce:debounce_mode|counter[10]                    ; debounce:debounce_mode|counter[10]                    ; clk_50M      ; clk_50M     ; 0.000        ; 0.064      ; 0.781      ;
; 0.561 ; tick_generator_1hz:tick_gen|blink_counter[10]         ; tick_generator_1hz:tick_gen|blink_counter[10]         ; clk_50M      ; clk_50M     ; 0.000        ; 0.064      ; 0.782      ;
; 0.561 ; tick_generator_1hz:tick_gen|blink_counter[8]          ; tick_generator_1hz:tick_gen|blink_counter[8]          ; clk_50M      ; clk_50M     ; 0.000        ; 0.064      ; 0.782      ;
; 0.561 ; tick_generator_1hz:tick_gen|blink_counter[3]          ; tick_generator_1hz:tick_gen|blink_counter[3]          ; clk_50M      ; clk_50M     ; 0.000        ; 0.064      ; 0.782      ;
; 0.561 ; date_core:date_inst|year_counter:inst_year|century[3] ; date_core:date_inst|year_counter:inst_year|century[3] ; clk_50M      ; clk_50M     ; 0.000        ; 0.077      ; 0.795      ;
; 0.561 ; debounce:debounce_dec|counter[12]                     ; debounce:debounce_dec|counter[12]                     ; clk_50M      ; clk_50M     ; 0.000        ; 0.065      ; 0.783      ;
; 0.561 ; debounce:debounce_dec|counter[15]                     ; debounce:debounce_dec|counter[15]                     ; clk_50M      ; clk_50M     ; 0.000        ; 0.065      ; 0.783      ;
; 0.561 ; debounce:debounce_dec|counter[17]                     ; debounce:debounce_dec|counter[17]                     ; clk_50M      ; clk_50M     ; 0.000        ; 0.065      ; 0.783      ;
; 0.561 ; debounce:debounce_inc|counter[6]                      ; debounce:debounce_inc|counter[6]                      ; clk_50M      ; clk_50M     ; 0.000        ; 0.064      ; 0.782      ;
; 0.561 ; debounce:debounce_inc|counter[8]                      ; debounce:debounce_inc|counter[8]                      ; clk_50M      ; clk_50M     ; 0.000        ; 0.064      ; 0.782      ;
; 0.561 ; debounce:debounce_inc|counter[12]                     ; debounce:debounce_inc|counter[12]                     ; clk_50M      ; clk_50M     ; 0.000        ; 0.065      ; 0.783      ;
; 0.561 ; debounce:debounce_inc|counter[15]                     ; debounce:debounce_inc|counter[15]                     ; clk_50M      ; clk_50M     ; 0.000        ; 0.065      ; 0.783      ;
; 0.561 ; debounce:debounce_inc|counter[17]                     ; debounce:debounce_inc|counter[17]                     ; clk_50M      ; clk_50M     ; 0.000        ; 0.065      ; 0.783      ;
; 0.561 ; debounce:debounce_rst_num|counter[6]                  ; debounce:debounce_rst_num|counter[6]                  ; clk_50M      ; clk_50M     ; 0.000        ; 0.064      ; 0.782      ;
; 0.561 ; debounce:debounce_rst_num|counter[8]                  ; debounce:debounce_rst_num|counter[8]                  ; clk_50M      ; clk_50M     ; 0.000        ; 0.064      ; 0.782      ;
; 0.561 ; debounce:debounce_rst_num|counter[13]                 ; debounce:debounce_rst_num|counter[13]                 ; clk_50M      ; clk_50M     ; 0.000        ; 0.064      ; 0.782      ;
; 0.561 ; tick_generator_1hz:tick_gen|counter_value[9]          ; tick_generator_1hz:tick_gen|counter_value[9]          ; clk_50M      ; clk_50M     ; 0.000        ; 0.065      ; 0.783      ;
; 0.561 ; debounce:debounce_mode|counter[13]                    ; debounce:debounce_mode|counter[13]                    ; clk_50M      ; clk_50M     ; 0.000        ; 0.064      ; 0.782      ;
; 0.562 ; debounce:debounce_dec|counter[6]                      ; debounce:debounce_dec|counter[6]                      ; clk_50M      ; clk_50M     ; 0.000        ; 0.064      ; 0.783      ;
; 0.562 ; debounce:debounce_dec|counter[14]                     ; debounce:debounce_dec|counter[14]                     ; clk_50M      ; clk_50M     ; 0.000        ; 0.065      ; 0.784      ;
; 0.562 ; debounce:debounce_inc|counter[14]                     ; debounce:debounce_inc|counter[14]                     ; clk_50M      ; clk_50M     ; 0.000        ; 0.065      ; 0.784      ;
; 0.562 ; debounce:debounce_rst_num|counter[12]                 ; debounce:debounce_rst_num|counter[12]                 ; clk_50M      ; clk_50M     ; 0.000        ; 0.064      ; 0.783      ;
; 0.562 ; debounce:debounce_rst_num|counter[17]                 ; debounce:debounce_rst_num|counter[17]                 ; clk_50M      ; clk_50M     ; 0.000        ; 0.064      ; 0.783      ;
; 0.562 ; tick_generator_1hz:tick_gen|counter_value[5]          ; tick_generator_1hz:tick_gen|counter_value[5]          ; clk_50M      ; clk_50M     ; 0.000        ; 0.065      ; 0.784      ;
; 0.562 ; debounce:debounce_mode|counter[6]                     ; debounce:debounce_mode|counter[6]                     ; clk_50M      ; clk_50M     ; 0.000        ; 0.064      ; 0.783      ;
; 0.562 ; debounce:debounce_mode|counter[12]                    ; debounce:debounce_mode|counter[12]                    ; clk_50M      ; clk_50M     ; 0.000        ; 0.064      ; 0.783      ;
; 0.562 ; debounce:debounce_mode|counter[15]                    ; debounce:debounce_mode|counter[15]                    ; clk_50M      ; clk_50M     ; 0.000        ; 0.064      ; 0.783      ;
; 0.562 ; debounce:debounce_mode|counter[17]                    ; debounce:debounce_mode|counter[17]                    ; clk_50M      ; clk_50M     ; 0.000        ; 0.064      ; 0.783      ;
; 0.563 ; tick_generator_1hz:tick_gen|blink_counter[4]          ; tick_generator_1hz:tick_gen|blink_counter[4]          ; clk_50M      ; clk_50M     ; 0.000        ; 0.064      ; 0.784      ;
; 0.563 ; debounce:debounce_dec|counter[16]                     ; debounce:debounce_dec|counter[16]                     ; clk_50M      ; clk_50M     ; 0.000        ; 0.065      ; 0.785      ;
+-------+-------------------------------------------------------+-------------------------------------------------------+--------------+-------------+--------------+------------+------------+


-----------------------------------------------
; Slow 1200mV 85C Model Metastability Summary ;
-----------------------------------------------
Design MTBF is not calculated because the design doesn't meet its timing requirements.



+----------------------------------------------------------------------------------------------------------+
; Slow 1200mV 0C Model Fmax Summary                                                                        ;
+-----------+-----------------+------------+---------------------------------------------------------------+
; Fmax      ; Restricted Fmax ; Clock Name ; Note                                                          ;
+-----------+-----------------+------------+---------------------------------------------------------------+
; 255.3 MHz ; 250.0 MHz       ; clk_50M    ; limit due to minimum period restriction (max I/O toggle rate) ;
+-----------+-----------------+------------+---------------------------------------------------------------+
This panel reports FMAX for every clock in the design, regardless of the user-specified clock periods.  FMAX is only computed for paths where the source and destination registers or ports are driven by the same clock.  Paths of different clocks, including generated clocks, are ignored.  For paths between a clock and its inversion, FMAX is computed as if the rising and falling edges are scaled along with FMAX, such that the duty cycle (in terms of a percentage) is maintained. Altera recommends that you always use clock constraints and other slack reports for sign-off analysis.


+------------------------------------+
; Slow 1200mV 0C Model Setup Summary ;
+---------+--------+-----------------+
; Clock   ; Slack  ; End Point TNS   ;
+---------+--------+-----------------+
; clk_50M ; -2.917 ; -309.880        ;
+---------+--------+-----------------+


+-----------------------------------+
; Slow 1200mV 0C Model Hold Summary ;
+---------+-------+-----------------+
; Clock   ; Slack ; End Point TNS   ;
+---------+-------+-----------------+
; clk_50M ; 0.309 ; 0.000           ;
+---------+-------+-----------------+


-----------------------------------------
; Slow 1200mV 0C Model Recovery Summary ;
-----------------------------------------
No paths to report.


----------------------------------------
; Slow 1200mV 0C Model Removal Summary ;
----------------------------------------
No paths to report.


+--------------------------------------------------+
; Slow 1200mV 0C Model Minimum Pulse Width Summary ;
+---------+--------+-------------------------------+
; Clock   ; Slack  ; End Point TNS                 ;
+---------+--------+-------------------------------+
; clk_50M ; -3.000 ; -194.000                      ;
+---------+--------+-------------------------------+


+----------------------------------------------------------------------------------------------------------------------------------------------------------------------------------------------+
; Slow 1200mV 0C Model Setup: 'clk_50M'                                                                                                                                                        ;
+--------+-------------------------------------------------------+-------------------------------------------------------+--------------+-------------+--------------+------------+------------+
; Slack  ; From Node                                             ; To Node                                               ; Launch Clock ; Latch Clock ; Relationship ; Clock Skew ; Data Delay ;
+--------+-------------------------------------------------------+-------------------------------------------------------+--------------+-------------+--------------+------------+------------+
; -2.917 ; date_core:date_inst|year_counter:inst_year|year[2]    ; date_core:date_inst|month_counter:inst_month|month[1] ; clk_50M      ; clk_50M     ; 1.000        ; -0.382     ; 3.530      ;
; -2.917 ; date_core:date_inst|year_counter:inst_year|year[2]    ; date_core:date_inst|month_counter:inst_month|month[3] ; clk_50M      ; clk_50M     ; 1.000        ; -0.382     ; 3.530      ;
; -2.917 ; date_core:date_inst|year_counter:inst_year|year[2]    ; date_core:date_inst|month_counter:inst_month|month[2] ; clk_50M      ; clk_50M     ; 1.000        ; -0.382     ; 3.530      ;
; -2.873 ; date_core:date_inst|year_counter:inst_year|year[2]    ; date_core:date_inst|year_counter:inst_year|year[4]    ; clk_50M      ; clk_50M     ; 1.000        ; -0.386     ; 3.482      ;
; -2.873 ; date_core:date_inst|year_counter:inst_year|year[2]    ; date_core:date_inst|year_counter:inst_year|year[3]    ; clk_50M      ; clk_50M     ; 1.000        ; -0.386     ; 3.482      ;
; -2.856 ; time_core:time_inst|counter_60:inst_minute|val[4]     ; date_core:date_inst|year_counter:inst_year|year[4]    ; clk_50M      ; clk_50M     ; 1.000        ; -0.070     ; 3.781      ;
; -2.856 ; time_core:time_inst|counter_60:inst_minute|val[4]     ; date_core:date_inst|year_counter:inst_year|year[3]    ; clk_50M      ; clk_50M     ; 1.000        ; -0.070     ; 3.781      ;
; -2.853 ; time_core:time_inst|counter_60:inst_minute|val[3]     ; date_core:date_inst|year_counter:inst_year|year[4]    ; clk_50M      ; clk_50M     ; 1.000        ; -0.070     ; 3.778      ;
; -2.853 ; time_core:time_inst|counter_60:inst_minute|val[3]     ; date_core:date_inst|year_counter:inst_year|year[3]    ; clk_50M      ; clk_50M     ; 1.000        ; -0.070     ; 3.778      ;
; -2.850 ; date_core:date_inst|year_counter:inst_year|century[0] ; date_core:date_inst|month_counter:inst_month|month[1] ; clk_50M      ; clk_50M     ; 1.000        ; -0.354     ; 3.491      ;
; -2.850 ; date_core:date_inst|year_counter:inst_year|century[0] ; date_core:date_inst|month_counter:inst_month|month[3] ; clk_50M      ; clk_50M     ; 1.000        ; -0.354     ; 3.491      ;
; -2.850 ; date_core:date_inst|year_counter:inst_year|century[0] ; date_core:date_inst|month_counter:inst_month|month[2] ; clk_50M      ; clk_50M     ; 1.000        ; -0.354     ; 3.491      ;
; -2.839 ; date_core:date_inst|year_counter:inst_year|year[2]    ; date_core:date_inst|year_counter:inst_year|century[1] ; clk_50M      ; clk_50M     ; 1.000        ; -0.386     ; 3.448      ;
; -2.813 ; date_core:date_inst|year_counter:inst_year|century[0] ; date_core:date_inst|year_counter:inst_year|year[4]    ; clk_50M      ; clk_50M     ; 1.000        ; -0.358     ; 3.450      ;
; -2.813 ; date_core:date_inst|year_counter:inst_year|century[0] ; date_core:date_inst|year_counter:inst_year|year[3]    ; clk_50M      ; clk_50M     ; 1.000        ; -0.358     ; 3.450      ;
; -2.803 ; date_core:date_inst|year_counter:inst_year|century[1] ; date_core:date_inst|month_counter:inst_month|month[1] ; clk_50M      ; clk_50M     ; 1.000        ; -0.053     ; 3.745      ;
; -2.803 ; date_core:date_inst|year_counter:inst_year|century[1] ; date_core:date_inst|month_counter:inst_month|month[3] ; clk_50M      ; clk_50M     ; 1.000        ; -0.053     ; 3.745      ;
; -2.803 ; date_core:date_inst|year_counter:inst_year|century[1] ; date_core:date_inst|month_counter:inst_month|month[2] ; clk_50M      ; clk_50M     ; 1.000        ; -0.053     ; 3.745      ;
; -2.789 ; date_core:date_inst|year_counter:inst_year|year[6]    ; date_core:date_inst|month_counter:inst_month|month[1] ; clk_50M      ; clk_50M     ; 1.000        ; -0.382     ; 3.402      ;
; -2.789 ; date_core:date_inst|year_counter:inst_year|year[6]    ; date_core:date_inst|month_counter:inst_month|month[3] ; clk_50M      ; clk_50M     ; 1.000        ; -0.382     ; 3.402      ;
; -2.789 ; date_core:date_inst|year_counter:inst_year|year[6]    ; date_core:date_inst|month_counter:inst_month|month[2] ; clk_50M      ; clk_50M     ; 1.000        ; -0.382     ; 3.402      ;
; -2.784 ; time_core:time_inst|counter_60:inst_second|val[2]     ; date_core:date_inst|year_counter:inst_year|year[4]    ; clk_50M      ; clk_50M     ; 1.000        ; -0.060     ; 3.719      ;
; -2.784 ; time_core:time_inst|counter_60:inst_second|val[2]     ; date_core:date_inst|year_counter:inst_year|year[3]    ; clk_50M      ; clk_50M     ; 1.000        ; -0.060     ; 3.719      ;
; -2.778 ; date_core:date_inst|year_counter:inst_year|century[0] ; date_core:date_inst|year_counter:inst_year|century[1] ; clk_50M      ; clk_50M     ; 1.000        ; -0.358     ; 3.415      ;
; -2.766 ; date_core:date_inst|year_counter:inst_year|century[1] ; date_core:date_inst|year_counter:inst_year|year[4]    ; clk_50M      ; clk_50M     ; 1.000        ; -0.057     ; 3.704      ;
; -2.766 ; date_core:date_inst|year_counter:inst_year|century[1] ; date_core:date_inst|year_counter:inst_year|year[3]    ; clk_50M      ; clk_50M     ; 1.000        ; -0.057     ; 3.704      ;
; -2.763 ; time_core:time_inst|counter_60:inst_minute|val[2]     ; date_core:date_inst|year_counter:inst_year|year[4]    ; clk_50M      ; clk_50M     ; 1.000        ; -0.070     ; 3.688      ;
; -2.763 ; time_core:time_inst|counter_60:inst_minute|val[2]     ; date_core:date_inst|year_counter:inst_year|year[3]    ; clk_50M      ; clk_50M     ; 1.000        ; -0.070     ; 3.688      ;
; -2.761 ; mode_control:mode_fsm|current_state[1]                ; date_core:date_inst|year_counter:inst_year|year[4]    ; clk_50M      ; clk_50M     ; 1.000        ; -0.061     ; 3.695      ;
; -2.761 ; mode_control:mode_fsm|current_state[1]                ; date_core:date_inst|year_counter:inst_year|year[3]    ; clk_50M      ; clk_50M     ; 1.000        ; -0.061     ; 3.695      ;
; -2.753 ; time_core:time_inst|counter_60:inst_second|val[3]     ; date_core:date_inst|year_counter:inst_year|year[4]    ; clk_50M      ; clk_50M     ; 1.000        ; -0.060     ; 3.688      ;
; -2.753 ; time_core:time_inst|counter_60:inst_second|val[3]     ; date_core:date_inst|year_counter:inst_year|year[3]    ; clk_50M      ; clk_50M     ; 1.000        ; -0.060     ; 3.688      ;
; -2.752 ; time_core:time_inst|counter_60:inst_second|val[4]     ; date_core:date_inst|year_counter:inst_year|year[4]    ; clk_50M      ; clk_50M     ; 1.000        ; -0.060     ; 3.687      ;
; -2.752 ; time_core:time_inst|counter_60:inst_second|val[4]     ; date_core:date_inst|year_counter:inst_year|year[3]    ; clk_50M      ; clk_50M     ; 1.000        ; -0.060     ; 3.687      ;
; -2.747 ; time_core:time_inst|counter_60:inst_minute|val[4]     ; date_core:date_inst|year_counter:inst_year|century[1] ; clk_50M      ; clk_50M     ; 1.000        ; -0.070     ; 3.672      ;
; -2.745 ; date_core:date_inst|year_counter:inst_year|year[6]    ; date_core:date_inst|year_counter:inst_year|year[4]    ; clk_50M      ; clk_50M     ; 1.000        ; -0.386     ; 3.354      ;
; -2.745 ; date_core:date_inst|year_counter:inst_year|year[6]    ; date_core:date_inst|year_counter:inst_year|year[3]    ; clk_50M      ; clk_50M     ; 1.000        ; -0.386     ; 3.354      ;
; -2.744 ; time_core:time_inst|counter_60:inst_minute|val[3]     ; date_core:date_inst|year_counter:inst_year|century[1] ; clk_50M      ; clk_50M     ; 1.000        ; -0.070     ; 3.669      ;
; -2.731 ; date_core:date_inst|year_counter:inst_year|century[1] ; date_core:date_inst|year_counter:inst_year|century[1] ; clk_50M      ; clk_50M     ; 1.000        ; -0.057     ; 3.669      ;
; -2.731 ; tick_generator_1hz:tick_gen|tick_1HZ                  ; date_core:date_inst|year_counter:inst_year|year[4]    ; clk_50M      ; clk_50M     ; 1.000        ; -0.061     ; 3.665      ;
; -2.731 ; tick_generator_1hz:tick_gen|tick_1HZ                  ; date_core:date_inst|year_counter:inst_year|year[3]    ; clk_50M      ; clk_50M     ; 1.000        ; -0.061     ; 3.665      ;
; -2.728 ; date_core:date_inst|year_counter:inst_year|year[3]    ; date_core:date_inst|month_counter:inst_month|month[1] ; clk_50M      ; clk_50M     ; 1.000        ; -0.052     ; 3.671      ;
; -2.728 ; date_core:date_inst|year_counter:inst_year|year[3]    ; date_core:date_inst|month_counter:inst_month|month[3] ; clk_50M      ; clk_50M     ; 1.000        ; -0.052     ; 3.671      ;
; -2.728 ; date_core:date_inst|year_counter:inst_year|year[3]    ; date_core:date_inst|month_counter:inst_month|month[2] ; clk_50M      ; clk_50M     ; 1.000        ; -0.052     ; 3.671      ;
; -2.725 ; time_core:time_inst|counter_60:inst_second|val[2]     ; date_core:date_inst|year_counter:inst_year|century[1] ; clk_50M      ; clk_50M     ; 1.000        ; -0.060     ; 3.660      ;
; -2.713 ; date_core:date_inst|year_counter:inst_year|year[0]    ; date_core:date_inst|month_counter:inst_month|month[1] ; clk_50M      ; clk_50M     ; 1.000        ; -0.382     ; 3.326      ;
; -2.713 ; date_core:date_inst|year_counter:inst_year|year[0]    ; date_core:date_inst|month_counter:inst_month|month[3] ; clk_50M      ; clk_50M     ; 1.000        ; -0.382     ; 3.326      ;
; -2.713 ; date_core:date_inst|year_counter:inst_year|year[0]    ; date_core:date_inst|month_counter:inst_month|month[2] ; clk_50M      ; clk_50M     ; 1.000        ; -0.382     ; 3.326      ;
; -2.711 ; date_core:date_inst|year_counter:inst_year|year[6]    ; date_core:date_inst|year_counter:inst_year|century[1] ; clk_50M      ; clk_50M     ; 1.000        ; -0.386     ; 3.320      ;
; -2.704 ; date_core:date_inst|year_counter:inst_year|year[4]    ; date_core:date_inst|month_counter:inst_month|month[1] ; clk_50M      ; clk_50M     ; 1.000        ; -0.052     ; 3.647      ;
; -2.704 ; date_core:date_inst|year_counter:inst_year|year[4]    ; date_core:date_inst|month_counter:inst_month|month[3] ; clk_50M      ; clk_50M     ; 1.000        ; -0.052     ; 3.647      ;
; -2.704 ; date_core:date_inst|year_counter:inst_year|year[4]    ; date_core:date_inst|month_counter:inst_month|month[2] ; clk_50M      ; clk_50M     ; 1.000        ; -0.052     ; 3.647      ;
; -2.704 ; time_core:time_inst|counter_60:inst_minute|val[2]     ; date_core:date_inst|year_counter:inst_year|century[1] ; clk_50M      ; clk_50M     ; 1.000        ; -0.070     ; 3.629      ;
; -2.684 ; date_core:date_inst|year_counter:inst_year|year[3]    ; date_core:date_inst|year_counter:inst_year|year[4]    ; clk_50M      ; clk_50M     ; 1.000        ; -0.056     ; 3.623      ;
; -2.684 ; date_core:date_inst|year_counter:inst_year|year[3]    ; date_core:date_inst|year_counter:inst_year|year[3]    ; clk_50M      ; clk_50M     ; 1.000        ; -0.056     ; 3.623      ;
; -2.677 ; time_core:time_inst|counter_60:inst_minute|val[0]     ; date_core:date_inst|year_counter:inst_year|year[4]    ; clk_50M      ; clk_50M     ; 1.000        ; -0.070     ; 3.602      ;
; -2.677 ; time_core:time_inst|counter_60:inst_minute|val[0]     ; date_core:date_inst|year_counter:inst_year|year[3]    ; clk_50M      ; clk_50M     ; 1.000        ; -0.070     ; 3.602      ;
; -2.676 ; date_core:date_inst|year_counter:inst_year|year[0]    ; date_core:date_inst|year_counter:inst_year|year[4]    ; clk_50M      ; clk_50M     ; 1.000        ; -0.386     ; 3.285      ;
; -2.676 ; date_core:date_inst|year_counter:inst_year|year[0]    ; date_core:date_inst|year_counter:inst_year|year[3]    ; clk_50M      ; clk_50M     ; 1.000        ; -0.386     ; 3.285      ;
; -2.664 ; time_core:time_inst|counter_60:inst_second|val[4]     ; date_core:date_inst|year_counter:inst_year|century[1] ; clk_50M      ; clk_50M     ; 1.000        ; -0.060     ; 3.599      ;
; -2.664 ; time_core:time_inst|counter_60:inst_second|val[3]     ; date_core:date_inst|year_counter:inst_year|century[1] ; clk_50M      ; clk_50M     ; 1.000        ; -0.060     ; 3.599      ;
; -2.660 ; date_core:date_inst|year_counter:inst_year|year[4]    ; date_core:date_inst|year_counter:inst_year|year[4]    ; clk_50M      ; clk_50M     ; 1.000        ; -0.056     ; 3.599      ;
; -2.660 ; date_core:date_inst|year_counter:inst_year|year[4]    ; date_core:date_inst|year_counter:inst_year|year[3]    ; clk_50M      ; clk_50M     ; 1.000        ; -0.056     ; 3.599      ;
; -2.652 ; mode_control:mode_fsm|current_state[1]                ; date_core:date_inst|year_counter:inst_year|century[1] ; clk_50M      ; clk_50M     ; 1.000        ; -0.061     ; 3.586      ;
; -2.650 ; date_core:date_inst|year_counter:inst_year|year[3]    ; date_core:date_inst|year_counter:inst_year|century[1] ; clk_50M      ; clk_50M     ; 1.000        ; -0.056     ; 3.589      ;
; -2.641 ; date_core:date_inst|year_counter:inst_year|year[0]    ; date_core:date_inst|year_counter:inst_year|century[1] ; clk_50M      ; clk_50M     ; 1.000        ; -0.386     ; 3.250      ;
; -2.637 ; time_core:time_inst|counter_60:inst_minute|val[5]     ; date_core:date_inst|year_counter:inst_year|year[4]    ; clk_50M      ; clk_50M     ; 1.000        ; -0.070     ; 3.562      ;
; -2.637 ; time_core:time_inst|counter_60:inst_minute|val[5]     ; date_core:date_inst|year_counter:inst_year|year[3]    ; clk_50M      ; clk_50M     ; 1.000        ; -0.070     ; 3.562      ;
; -2.636 ; date_core:date_inst|year_counter:inst_year|year[5]    ; date_core:date_inst|month_counter:inst_month|month[1] ; clk_50M      ; clk_50M     ; 1.000        ; -0.382     ; 3.249      ;
; -2.636 ; date_core:date_inst|year_counter:inst_year|year[5]    ; date_core:date_inst|month_counter:inst_month|month[3] ; clk_50M      ; clk_50M     ; 1.000        ; -0.382     ; 3.249      ;
; -2.636 ; date_core:date_inst|year_counter:inst_year|year[5]    ; date_core:date_inst|month_counter:inst_month|month[2] ; clk_50M      ; clk_50M     ; 1.000        ; -0.382     ; 3.249      ;
; -2.626 ; date_core:date_inst|year_counter:inst_year|year[4]    ; date_core:date_inst|year_counter:inst_year|century[1] ; clk_50M      ; clk_50M     ; 1.000        ; -0.056     ; 3.565      ;
; -2.622 ; time_core:time_inst|counter_60:inst_minute|val[4]     ; date_core:date_inst|month_counter:inst_month|month[1] ; clk_50M      ; clk_50M     ; 1.000        ; -0.066     ; 3.551      ;
; -2.622 ; time_core:time_inst|counter_60:inst_minute|val[4]     ; date_core:date_inst|month_counter:inst_month|month[3] ; clk_50M      ; clk_50M     ; 1.000        ; -0.066     ; 3.551      ;
; -2.622 ; time_core:time_inst|counter_60:inst_minute|val[4]     ; date_core:date_inst|month_counter:inst_month|month[2] ; clk_50M      ; clk_50M     ; 1.000        ; -0.066     ; 3.551      ;
; -2.622 ; tick_generator_1hz:tick_gen|tick_1HZ                  ; date_core:date_inst|year_counter:inst_year|century[1] ; clk_50M      ; clk_50M     ; 1.000        ; -0.061     ; 3.556      ;
; -2.620 ; time_core:time_inst|counter_60:inst_minute|val[1]     ; date_core:date_inst|year_counter:inst_year|year[4]    ; clk_50M      ; clk_50M     ; 1.000        ; -0.070     ; 3.545      ;
; -2.620 ; time_core:time_inst|counter_60:inst_minute|val[1]     ; date_core:date_inst|year_counter:inst_year|year[3]    ; clk_50M      ; clk_50M     ; 1.000        ; -0.070     ; 3.545      ;
; -2.619 ; time_core:time_inst|counter_60:inst_minute|val[3]     ; date_core:date_inst|month_counter:inst_month|month[1] ; clk_50M      ; clk_50M     ; 1.000        ; -0.066     ; 3.548      ;
; -2.619 ; time_core:time_inst|counter_60:inst_minute|val[3]     ; date_core:date_inst|month_counter:inst_month|month[3] ; clk_50M      ; clk_50M     ; 1.000        ; -0.066     ; 3.548      ;
; -2.619 ; time_core:time_inst|counter_60:inst_minute|val[3]     ; date_core:date_inst|month_counter:inst_month|month[2] ; clk_50M      ; clk_50M     ; 1.000        ; -0.066     ; 3.548      ;
; -2.605 ; mode_control:mode_fsm|current_state[0]                ; date_core:date_inst|year_counter:inst_year|year[4]    ; clk_50M      ; clk_50M     ; 1.000        ; -0.061     ; 3.539      ;
; -2.605 ; mode_control:mode_fsm|current_state[0]                ; date_core:date_inst|year_counter:inst_year|year[3]    ; clk_50M      ; clk_50M     ; 1.000        ; -0.061     ; 3.539      ;
; -2.600 ; time_core:time_inst|counter_60:inst_minute|val[0]     ; date_core:date_inst|year_counter:inst_year|century[1] ; clk_50M      ; clk_50M     ; 1.000        ; -0.070     ; 3.525      ;
; -2.592 ; date_core:date_inst|year_counter:inst_year|year[5]    ; date_core:date_inst|year_counter:inst_year|year[4]    ; clk_50M      ; clk_50M     ; 1.000        ; -0.386     ; 3.201      ;
; -2.592 ; date_core:date_inst|year_counter:inst_year|year[5]    ; date_core:date_inst|year_counter:inst_year|year[3]    ; clk_50M      ; clk_50M     ; 1.000        ; -0.386     ; 3.201      ;
; -2.575 ; time_core:time_inst|counter_60:inst_second|val[2]     ; date_core:date_inst|month_counter:inst_month|month[1] ; clk_50M      ; clk_50M     ; 1.000        ; -0.056     ; 3.514      ;
; -2.575 ; time_core:time_inst|counter_60:inst_second|val[2]     ; date_core:date_inst|month_counter:inst_month|month[3] ; clk_50M      ; clk_50M     ; 1.000        ; -0.056     ; 3.514      ;
; -2.575 ; time_core:time_inst|counter_60:inst_second|val[2]     ; date_core:date_inst|month_counter:inst_month|month[2] ; clk_50M      ; clk_50M     ; 1.000        ; -0.056     ; 3.514      ;
; -2.573 ; date_core:date_inst|year_counter:inst_year|year[2]    ; date_core:date_inst|year_counter:inst_year|century[0] ; clk_50M      ; clk_50M     ; 1.000        ; -0.096     ; 3.472      ;
; -2.573 ; date_core:date_inst|year_counter:inst_year|year[2]    ; date_core:date_inst|year_counter:inst_year|century[2] ; clk_50M      ; clk_50M     ; 1.000        ; -0.096     ; 3.472      ;
; -2.573 ; date_core:date_inst|year_counter:inst_year|year[2]    ; date_core:date_inst|year_counter:inst_year|century[4] ; clk_50M      ; clk_50M     ; 1.000        ; -0.096     ; 3.472      ;
; -2.573 ; date_core:date_inst|year_counter:inst_year|year[2]    ; date_core:date_inst|year_counter:inst_year|century[3] ; clk_50M      ; clk_50M     ; 1.000        ; -0.096     ; 3.472      ;
; -2.573 ; date_core:date_inst|year_counter:inst_year|year[2]    ; date_core:date_inst|year_counter:inst_year|century[5] ; clk_50M      ; clk_50M     ; 1.000        ; -0.096     ; 3.472      ;
; -2.573 ; date_core:date_inst|year_counter:inst_year|year[2]    ; date_core:date_inst|year_counter:inst_year|century[6] ; clk_50M      ; clk_50M     ; 1.000        ; -0.096     ; 3.472      ;
; -2.558 ; date_core:date_inst|year_counter:inst_year|year[5]    ; date_core:date_inst|year_counter:inst_year|century[1] ; clk_50M      ; clk_50M     ; 1.000        ; -0.386     ; 3.167      ;
; -2.557 ; edge_detector:ed_rst_num|btn_sync                     ; date_core:date_inst|year_counter:inst_year|century[1] ; clk_50M      ; clk_50M     ; 1.000        ; -0.064     ; 3.488      ;
; -2.554 ; time_core:time_inst|counter_60:inst_minute|val[2]     ; date_core:date_inst|month_counter:inst_month|month[1] ; clk_50M      ; clk_50M     ; 1.000        ; -0.066     ; 3.483      ;
; -2.554 ; time_core:time_inst|counter_60:inst_minute|val[2]     ; date_core:date_inst|month_counter:inst_month|month[3] ; clk_50M      ; clk_50M     ; 1.000        ; -0.066     ; 3.483      ;
; -2.554 ; time_core:time_inst|counter_60:inst_minute|val[2]     ; date_core:date_inst|month_counter:inst_month|month[2] ; clk_50M      ; clk_50M     ; 1.000        ; -0.066     ; 3.483      ;
+--------+-------------------------------------------------------+-------------------------------------------------------+--------------+-------------+--------------+------------+------------+


+---------------------------------------------------------------------------------------------------------------------------------------------------------------------------------------------+
; Slow 1200mV 0C Model Hold: 'clk_50M'                                                                                                                                                        ;
+-------+-------------------------------------------------------+-------------------------------------------------------+--------------+-------------+--------------+------------+------------+
; Slack ; From Node                                             ; To Node                                               ; Launch Clock ; Latch Clock ; Relationship ; Clock Skew ; Data Delay ;
+-------+-------------------------------------------------------+-------------------------------------------------------+--------------+-------------+--------------+------------+------------+
; 0.309 ; debounce:debounce_dec|button_out                      ; debounce:debounce_dec|button_out                      ; clk_50M      ; clk_50M     ; 0.000        ; 0.058      ; 0.511      ;
; 0.310 ; debounce:debounce_inc|button_out                      ; debounce:debounce_inc|button_out                      ; clk_50M      ; clk_50M     ; 0.000        ; 0.057      ; 0.511      ;
; 0.310 ; debounce:debounce_rst_num|button_out                  ; debounce:debounce_rst_num|button_out                  ; clk_50M      ; clk_50M     ; 0.000        ; 0.057      ; 0.511      ;
; 0.310 ; mode_control:mode_fsm|current_state[2]                ; mode_control:mode_fsm|current_state[2]                ; clk_50M      ; clk_50M     ; 0.000        ; 0.057      ; 0.511      ;
; 0.310 ; mode_control:mode_fsm|current_state[1]                ; mode_control:mode_fsm|current_state[1]                ; clk_50M      ; clk_50M     ; 0.000        ; 0.057      ; 0.511      ;
; 0.310 ; mode_control:mode_fsm|current_state[0]                ; mode_control:mode_fsm|current_state[0]                ; clk_50M      ; clk_50M     ; 0.000        ; 0.057      ; 0.511      ;
; 0.310 ; debounce:debounce_mode|button_out                     ; debounce:debounce_mode|button_out                     ; clk_50M      ; clk_50M     ; 0.000        ; 0.057      ; 0.511      ;
; 0.311 ; tick_generator_1hz:tick_gen|blink_1HZ                 ; tick_generator_1hz:tick_gen|blink_1HZ                 ; clk_50M      ; clk_50M     ; 0.000        ; 0.056      ; 0.511      ;
; 0.311 ; display_control:inst_display|auto_page                ; display_control:inst_display|auto_page                ; clk_50M      ; clk_50M     ; 0.000        ; 0.056      ; 0.511      ;
; 0.311 ; date_core:date_inst|month_counter:inst_month|month[0] ; date_core:date_inst|month_counter:inst_month|month[0] ; clk_50M      ; clk_50M     ; 0.000        ; 0.056      ; 0.511      ;
; 0.331 ; debounce:debounce_dec|counter[19]                     ; debounce:debounce_dec|counter[19]                     ; clk_50M      ; clk_50M     ; 0.000        ; 0.058      ; 0.533      ;
; 0.333 ; debounce:debounce_inc|counter[19]                     ; debounce:debounce_inc|counter[19]                     ; clk_50M      ; clk_50M     ; 0.000        ; 0.057      ; 0.534      ;
; 0.333 ; debounce:debounce_rst_num|counter[19]                 ; debounce:debounce_rst_num|counter[19]                 ; clk_50M      ; clk_50M     ; 0.000        ; 0.057      ; 0.534      ;
; 0.333 ; debounce:debounce_mode|counter[19]                    ; debounce:debounce_mode|counter[19]                    ; clk_50M      ; clk_50M     ; 0.000        ; 0.057      ; 0.534      ;
; 0.336 ; debounce:debounce_mode|button_sync_0                  ; debounce:debounce_mode|button_sync_1                  ; clk_50M      ; clk_50M     ; 0.000        ; 0.057      ; 0.537      ;
; 0.349 ; time_core:time_inst|counter_60:inst_second|val[5]     ; time_core:time_inst|counter_60:inst_second|val[5]     ; clk_50M      ; clk_50M     ; 0.000        ; 0.056      ; 0.549      ;
; 0.369 ; debounce:debounce_rst_num|button_out                  ; edge_detector:ed_rst_num|btn_sync                     ; clk_50M      ; clk_50M     ; 0.000        ; 0.057      ; 0.570      ;
; 0.485 ; debounce:debounce_dec|button_sync_0                   ; debounce:debounce_dec|button_sync_1                   ; clk_50M      ; clk_50M     ; 0.000        ; 0.056      ; 0.685      ;
; 0.489 ; debounce:debounce_dec|button_sync_1                   ; debounce:debounce_dec|button_out                      ; clk_50M      ; clk_50M     ; 0.000        ; 0.057      ; 0.690      ;
; 0.493 ; tick_generator_1hz:tick_gen|counter_value[2]          ; tick_generator_1hz:tick_gen|counter_value[2]          ; clk_50M      ; clk_50M     ; 0.000        ; 0.071      ; 0.708      ;
; 0.497 ; debounce:debounce_inc|button_out                      ; edge_detector:ed_inc|btn_sync                         ; clk_50M      ; clk_50M     ; 0.000        ; 0.057      ; 0.698      ;
; 0.499 ; debounce:debounce_dec|counter[5]                      ; debounce:debounce_dec|counter[5]                      ; clk_50M      ; clk_50M     ; 0.000        ; 0.057      ; 0.700      ;
; 0.499 ; debounce:debounce_inc|counter[5]                      ; debounce:debounce_inc|counter[5]                      ; clk_50M      ; clk_50M     ; 0.000        ; 0.057      ; 0.700      ;
; 0.499 ; debounce:debounce_mode|counter[5]                     ; debounce:debounce_mode|counter[5]                     ; clk_50M      ; clk_50M     ; 0.000        ; 0.057      ; 0.700      ;
; 0.500 ; debounce:debounce_dec|counter[1]                      ; debounce:debounce_dec|counter[1]                      ; clk_50M      ; clk_50M     ; 0.000        ; 0.057      ; 0.701      ;
; 0.500 ; debounce:debounce_dec|counter[3]                      ; debounce:debounce_dec|counter[3]                      ; clk_50M      ; clk_50M     ; 0.000        ; 0.057      ; 0.701      ;
; 0.500 ; debounce:debounce_inc|counter[1]                      ; debounce:debounce_inc|counter[1]                      ; clk_50M      ; clk_50M     ; 0.000        ; 0.057      ; 0.701      ;
; 0.500 ; debounce:debounce_inc|counter[3]                      ; debounce:debounce_inc|counter[3]                      ; clk_50M      ; clk_50M     ; 0.000        ; 0.057      ; 0.701      ;
; 0.500 ; debounce:debounce_rst_num|counter[5]                  ; debounce:debounce_rst_num|counter[5]                  ; clk_50M      ; clk_50M     ; 0.000        ; 0.056      ; 0.700      ;
; 0.500 ; debounce:debounce_mode|counter[1]                     ; debounce:debounce_mode|counter[1]                     ; clk_50M      ; clk_50M     ; 0.000        ; 0.057      ; 0.701      ;
; 0.500 ; debounce:debounce_mode|counter[3]                     ; debounce:debounce_mode|counter[3]                     ; clk_50M      ; clk_50M     ; 0.000        ; 0.057      ; 0.701      ;
; 0.501 ; debounce:debounce_rst_num|counter[1]                  ; debounce:debounce_rst_num|counter[1]                  ; clk_50M      ; clk_50M     ; 0.000        ; 0.056      ; 0.701      ;
; 0.501 ; debounce:debounce_rst_num|counter[3]                  ; debounce:debounce_rst_num|counter[3]                  ; clk_50M      ; clk_50M     ; 0.000        ; 0.056      ; 0.701      ;
; 0.502 ; debounce:debounce_dec|counter[2]                      ; debounce:debounce_dec|counter[2]                      ; clk_50M      ; clk_50M     ; 0.000        ; 0.057      ; 0.703      ;
; 0.502 ; debounce:debounce_dec|counter[4]                      ; debounce:debounce_dec|counter[4]                      ; clk_50M      ; clk_50M     ; 0.000        ; 0.057      ; 0.703      ;
; 0.502 ; debounce:debounce_inc|counter[2]                      ; debounce:debounce_inc|counter[2]                      ; clk_50M      ; clk_50M     ; 0.000        ; 0.057      ; 0.703      ;
; 0.502 ; debounce:debounce_inc|counter[4]                      ; debounce:debounce_inc|counter[4]                      ; clk_50M      ; clk_50M     ; 0.000        ; 0.057      ; 0.703      ;
; 0.502 ; debounce:debounce_mode|counter[2]                     ; debounce:debounce_mode|counter[2]                     ; clk_50M      ; clk_50M     ; 0.000        ; 0.057      ; 0.703      ;
; 0.502 ; debounce:debounce_mode|counter[4]                     ; debounce:debounce_mode|counter[4]                     ; clk_50M      ; clk_50M     ; 0.000        ; 0.057      ; 0.703      ;
; 0.503 ; debounce:debounce_dec|counter[9]                      ; debounce:debounce_dec|counter[9]                      ; clk_50M      ; clk_50M     ; 0.000        ; 0.057      ; 0.704      ;
; 0.503 ; debounce:debounce_inc|counter[9]                      ; debounce:debounce_inc|counter[9]                      ; clk_50M      ; clk_50M     ; 0.000        ; 0.057      ; 0.704      ;
; 0.503 ; debounce:debounce_rst_num|counter[2]                  ; debounce:debounce_rst_num|counter[2]                  ; clk_50M      ; clk_50M     ; 0.000        ; 0.056      ; 0.703      ;
; 0.503 ; debounce:debounce_rst_num|counter[4]                  ; debounce:debounce_rst_num|counter[4]                  ; clk_50M      ; clk_50M     ; 0.000        ; 0.056      ; 0.703      ;
; 0.503 ; debounce:debounce_mode|counter[9]                     ; debounce:debounce_mode|counter[9]                     ; clk_50M      ; clk_50M     ; 0.000        ; 0.057      ; 0.704      ;
; 0.504 ; tick_generator_1hz:tick_gen|blink_counter[7]          ; tick_generator_1hz:tick_gen|blink_counter[7]          ; clk_50M      ; clk_50M     ; 0.000        ; 0.057      ; 0.705      ;
; 0.504 ; debounce:debounce_dec|counter[11]                     ; debounce:debounce_dec|counter[11]                     ; clk_50M      ; clk_50M     ; 0.000        ; 0.058      ; 0.706      ;
; 0.504 ; tick_generator_1hz:tick_gen|counter_value[8]          ; tick_generator_1hz:tick_gen|counter_value[8]          ; clk_50M      ; clk_50M     ; 0.000        ; 0.057      ; 0.705      ;
; 0.505 ; tick_generator_1hz:tick_gen|blink_counter[9]          ; tick_generator_1hz:tick_gen|blink_counter[9]          ; clk_50M      ; clk_50M     ; 0.000        ; 0.057      ; 0.706      ;
; 0.505 ; tick_generator_1hz:tick_gen|blink_counter[5]          ; tick_generator_1hz:tick_gen|blink_counter[5]          ; clk_50M      ; clk_50M     ; 0.000        ; 0.057      ; 0.706      ;
; 0.505 ; debounce:debounce_dec|counter[7]                      ; debounce:debounce_dec|counter[7]                      ; clk_50M      ; clk_50M     ; 0.000        ; 0.057      ; 0.706      ;
; 0.505 ; debounce:debounce_dec|counter[10]                     ; debounce:debounce_dec|counter[10]                     ; clk_50M      ; clk_50M     ; 0.000        ; 0.058      ; 0.707      ;
; 0.505 ; debounce:debounce_dec|counter[13]                     ; debounce:debounce_dec|counter[13]                     ; clk_50M      ; clk_50M     ; 0.000        ; 0.058      ; 0.707      ;
; 0.505 ; debounce:debounce_inc|counter[7]                      ; debounce:debounce_inc|counter[7]                      ; clk_50M      ; clk_50M     ; 0.000        ; 0.057      ; 0.706      ;
; 0.505 ; debounce:debounce_inc|counter[11]                     ; debounce:debounce_inc|counter[11]                     ; clk_50M      ; clk_50M     ; 0.000        ; 0.057      ; 0.706      ;
; 0.505 ; debounce:debounce_rst_num|counter[7]                  ; debounce:debounce_rst_num|counter[7]                  ; clk_50M      ; clk_50M     ; 0.000        ; 0.056      ; 0.705      ;
; 0.505 ; debounce:debounce_rst_num|counter[11]                 ; debounce:debounce_rst_num|counter[11]                 ; clk_50M      ; clk_50M     ; 0.000        ; 0.057      ; 0.706      ;
; 0.505 ; tick_generator_1hz:tick_gen|counter_value[11]         ; tick_generator_1hz:tick_gen|counter_value[11]         ; clk_50M      ; clk_50M     ; 0.000        ; 0.057      ; 0.706      ;
; 0.505 ; tick_generator_1hz:tick_gen|counter_value[10]         ; tick_generator_1hz:tick_gen|counter_value[10]         ; clk_50M      ; clk_50M     ; 0.000        ; 0.057      ; 0.706      ;
; 0.505 ; tick_generator_1hz:tick_gen|counter_value[6]          ; tick_generator_1hz:tick_gen|counter_value[6]          ; clk_50M      ; clk_50M     ; 0.000        ; 0.057      ; 0.706      ;
; 0.505 ; debounce:debounce_mode|counter[7]                     ; debounce:debounce_mode|counter[7]                     ; clk_50M      ; clk_50M     ; 0.000        ; 0.057      ; 0.706      ;
; 0.505 ; debounce:debounce_mode|counter[11]                    ; debounce:debounce_mode|counter[11]                    ; clk_50M      ; clk_50M     ; 0.000        ; 0.057      ; 0.706      ;
; 0.506 ; tick_generator_1hz:tick_gen|blink_counter[10]         ; tick_generator_1hz:tick_gen|blink_counter[10]         ; clk_50M      ; clk_50M     ; 0.000        ; 0.057      ; 0.707      ;
; 0.506 ; tick_generator_1hz:tick_gen|blink_counter[8]          ; tick_generator_1hz:tick_gen|blink_counter[8]          ; clk_50M      ; clk_50M     ; 0.000        ; 0.057      ; 0.707      ;
; 0.506 ; tick_generator_1hz:tick_gen|blink_counter[3]          ; tick_generator_1hz:tick_gen|blink_counter[3]          ; clk_50M      ; clk_50M     ; 0.000        ; 0.057      ; 0.707      ;
; 0.506 ; date_core:date_inst|year_counter:inst_year|century[5] ; date_core:date_inst|year_counter:inst_year|century[5] ; clk_50M      ; clk_50M     ; 0.000        ; 0.068      ; 0.718      ;
; 0.506 ; debounce:debounce_dec|counter[8]                      ; debounce:debounce_dec|counter[8]                      ; clk_50M      ; clk_50M     ; 0.000        ; 0.057      ; 0.707      ;
; 0.506 ; debounce:debounce_dec|counter[12]                     ; debounce:debounce_dec|counter[12]                     ; clk_50M      ; clk_50M     ; 0.000        ; 0.058      ; 0.708      ;
; 0.506 ; debounce:debounce_dec|counter[15]                     ; debounce:debounce_dec|counter[15]                     ; clk_50M      ; clk_50M     ; 0.000        ; 0.058      ; 0.708      ;
; 0.506 ; debounce:debounce_dec|counter[17]                     ; debounce:debounce_dec|counter[17]                     ; clk_50M      ; clk_50M     ; 0.000        ; 0.058      ; 0.708      ;
; 0.506 ; debounce:debounce_inc|counter[6]                      ; debounce:debounce_inc|counter[6]                      ; clk_50M      ; clk_50M     ; 0.000        ; 0.057      ; 0.707      ;
; 0.506 ; debounce:debounce_inc|counter[8]                      ; debounce:debounce_inc|counter[8]                      ; clk_50M      ; clk_50M     ; 0.000        ; 0.057      ; 0.707      ;
; 0.506 ; debounce:debounce_inc|counter[10]                     ; debounce:debounce_inc|counter[10]                     ; clk_50M      ; clk_50M     ; 0.000        ; 0.057      ; 0.707      ;
; 0.506 ; debounce:debounce_inc|counter[13]                     ; debounce:debounce_inc|counter[13]                     ; clk_50M      ; clk_50M     ; 0.000        ; 0.057      ; 0.707      ;
; 0.506 ; debounce:debounce_rst_num|counter[9]                  ; debounce:debounce_rst_num|counter[9]                  ; clk_50M      ; clk_50M     ; 0.000        ; 0.056      ; 0.706      ;
; 0.506 ; debounce:debounce_rst_num|counter[10]                 ; debounce:debounce_rst_num|counter[10]                 ; clk_50M      ; clk_50M     ; 0.000        ; 0.057      ; 0.707      ;
; 0.506 ; debounce:debounce_rst_num|counter[13]                 ; debounce:debounce_rst_num|counter[13]                 ; clk_50M      ; clk_50M     ; 0.000        ; 0.057      ; 0.707      ;
; 0.506 ; tick_generator_1hz:tick_gen|counter_value[4]          ; tick_generator_1hz:tick_gen|counter_value[4]          ; clk_50M      ; clk_50M     ; 0.000        ; 0.057      ; 0.707      ;
; 0.506 ; tick_generator_1hz:tick_gen|counter_value[3]          ; tick_generator_1hz:tick_gen|counter_value[3]          ; clk_50M      ; clk_50M     ; 0.000        ; 0.057      ; 0.707      ;
; 0.506 ; debounce:debounce_mode|counter[8]                     ; debounce:debounce_mode|counter[8]                     ; clk_50M      ; clk_50M     ; 0.000        ; 0.057      ; 0.707      ;
; 0.506 ; debounce:debounce_mode|counter[10]                    ; debounce:debounce_mode|counter[10]                    ; clk_50M      ; clk_50M     ; 0.000        ; 0.057      ; 0.707      ;
; 0.506 ; debounce:debounce_mode|counter[13]                    ; debounce:debounce_mode|counter[13]                    ; clk_50M      ; clk_50M     ; 0.000        ; 0.057      ; 0.707      ;
; 0.507 ; date_core:date_inst|year_counter:inst_year|century[3] ; date_core:date_inst|year_counter:inst_year|century[3] ; clk_50M      ; clk_50M     ; 0.000        ; 0.068      ; 0.719      ;
; 0.507 ; debounce:debounce_dec|counter[6]                      ; debounce:debounce_dec|counter[6]                      ; clk_50M      ; clk_50M     ; 0.000        ; 0.057      ; 0.708      ;
; 0.507 ; debounce:debounce_dec|counter[14]                     ; debounce:debounce_dec|counter[14]                     ; clk_50M      ; clk_50M     ; 0.000        ; 0.058      ; 0.709      ;
; 0.507 ; debounce:debounce_inc|counter[12]                     ; debounce:debounce_inc|counter[12]                     ; clk_50M      ; clk_50M     ; 0.000        ; 0.057      ; 0.708      ;
; 0.507 ; debounce:debounce_inc|counter[15]                     ; debounce:debounce_inc|counter[15]                     ; clk_50M      ; clk_50M     ; 0.000        ; 0.057      ; 0.708      ;
; 0.507 ; debounce:debounce_inc|counter[17]                     ; debounce:debounce_inc|counter[17]                     ; clk_50M      ; clk_50M     ; 0.000        ; 0.057      ; 0.708      ;
; 0.507 ; debounce:debounce_rst_num|counter[12]                 ; debounce:debounce_rst_num|counter[12]                 ; clk_50M      ; clk_50M     ; 0.000        ; 0.057      ; 0.708      ;
; 0.507 ; debounce:debounce_rst_num|counter[17]                 ; debounce:debounce_rst_num|counter[17]                 ; clk_50M      ; clk_50M     ; 0.000        ; 0.057      ; 0.708      ;
; 0.507 ; tick_generator_1hz:tick_gen|counter_value[9]          ; tick_generator_1hz:tick_gen|counter_value[9]          ; clk_50M      ; clk_50M     ; 0.000        ; 0.057      ; 0.708      ;
; 0.507 ; debounce:debounce_mode|counter[6]                     ; debounce:debounce_mode|counter[6]                     ; clk_50M      ; clk_50M     ; 0.000        ; 0.057      ; 0.708      ;
; 0.507 ; debounce:debounce_mode|counter[12]                    ; debounce:debounce_mode|counter[12]                    ; clk_50M      ; clk_50M     ; 0.000        ; 0.057      ; 0.708      ;
; 0.507 ; debounce:debounce_mode|counter[15]                    ; debounce:debounce_mode|counter[15]                    ; clk_50M      ; clk_50M     ; 0.000        ; 0.057      ; 0.708      ;
; 0.507 ; debounce:debounce_mode|counter[17]                    ; debounce:debounce_mode|counter[17]                    ; clk_50M      ; clk_50M     ; 0.000        ; 0.057      ; 0.708      ;
; 0.508 ; tick_generator_1hz:tick_gen|blink_counter[4]          ; tick_generator_1hz:tick_gen|blink_counter[4]          ; clk_50M      ; clk_50M     ; 0.000        ; 0.057      ; 0.709      ;
; 0.508 ; debounce:debounce_dec|counter[16]                     ; debounce:debounce_dec|counter[16]                     ; clk_50M      ; clk_50M     ; 0.000        ; 0.058      ; 0.710      ;
; 0.508 ; debounce:debounce_inc|counter[14]                     ; debounce:debounce_inc|counter[14]                     ; clk_50M      ; clk_50M     ; 0.000        ; 0.057      ; 0.709      ;
; 0.508 ; debounce:debounce_rst_num|counter[6]                  ; debounce:debounce_rst_num|counter[6]                  ; clk_50M      ; clk_50M     ; 0.000        ; 0.056      ; 0.708      ;
; 0.508 ; debounce:debounce_rst_num|counter[8]                  ; debounce:debounce_rst_num|counter[8]                  ; clk_50M      ; clk_50M     ; 0.000        ; 0.056      ; 0.708      ;
; 0.508 ; tick_generator_1hz:tick_gen|counter_value[5]          ; tick_generator_1hz:tick_gen|counter_value[5]          ; clk_50M      ; clk_50M     ; 0.000        ; 0.057      ; 0.709      ;
+-------+-------------------------------------------------------+-------------------------------------------------------+--------------+-------------+--------------+------------+------------+


----------------------------------------------
; Slow 1200mV 0C Model Metastability Summary ;
----------------------------------------------
Design MTBF is not calculated because the design doesn't meet its timing requirements.



+------------------------------------+
; Fast 1200mV 0C Model Setup Summary ;
+---------+--------+-----------------+
; Clock   ; Slack  ; End Point TNS   ;
+---------+--------+-----------------+
; clk_50M ; -1.410 ; -123.263        ;
+---------+--------+-----------------+


+-----------------------------------+
; Fast 1200mV 0C Model Hold Summary ;
+---------+-------+-----------------+
; Clock   ; Slack ; End Point TNS   ;
+---------+-------+-----------------+
; clk_50M ; 0.185 ; 0.000           ;
+---------+-------+-----------------+


-----------------------------------------
; Fast 1200mV 0C Model Recovery Summary ;
-----------------------------------------
No paths to report.


----------------------------------------
; Fast 1200mV 0C Model Removal Summary ;
----------------------------------------
No paths to report.


+--------------------------------------------------+
; Fast 1200mV 0C Model Minimum Pulse Width Summary ;
+---------+--------+-------------------------------+
; Clock   ; Slack  ; End Point TNS                 ;
+---------+--------+-------------------------------+
; clk_50M ; -3.000 ; -199.611                      ;
+---------+--------+-------------------------------+


+----------------------------------------------------------------------------------------------------------------------------------------------------------------------------------------------+
; Fast 1200mV 0C Model Setup: 'clk_50M'                                                                                                                                                        ;
+--------+-------------------------------------------------------+-------------------------------------------------------+--------------+-------------+--------------+------------+------------+
; Slack  ; From Node                                             ; To Node                                               ; Launch Clock ; Latch Clock ; Relationship ; Clock Skew ; Data Delay ;
+--------+-------------------------------------------------------+-------------------------------------------------------+--------------+-------------+--------------+------------+------------+
; -1.410 ; time_core:time_inst|counter_60:inst_minute|val[4]     ; date_core:date_inst|year_counter:inst_year|year[4]    ; clk_50M      ; clk_50M     ; 1.000        ; -0.051     ; 2.346      ;
; -1.410 ; time_core:time_inst|counter_60:inst_minute|val[4]     ; date_core:date_inst|year_counter:inst_year|year[3]    ; clk_50M      ; clk_50M     ; 1.000        ; -0.051     ; 2.346      ;
; -1.410 ; time_core:time_inst|counter_60:inst_minute|val[3]     ; date_core:date_inst|year_counter:inst_year|year[4]    ; clk_50M      ; clk_50M     ; 1.000        ; -0.051     ; 2.346      ;
; -1.410 ; time_core:time_inst|counter_60:inst_minute|val[3]     ; date_core:date_inst|year_counter:inst_year|year[3]    ; clk_50M      ; clk_50M     ; 1.000        ; -0.051     ; 2.346      ;
; -1.399 ; date_core:date_inst|year_counter:inst_year|year[2]    ; date_core:date_inst|month_counter:inst_month|month[1] ; clk_50M      ; clk_50M     ; 1.000        ; -0.230     ; 2.156      ;
; -1.399 ; date_core:date_inst|year_counter:inst_year|year[2]    ; date_core:date_inst|month_counter:inst_month|month[3] ; clk_50M      ; clk_50M     ; 1.000        ; -0.230     ; 2.156      ;
; -1.399 ; date_core:date_inst|year_counter:inst_year|year[2]    ; date_core:date_inst|month_counter:inst_month|month[2] ; clk_50M      ; clk_50M     ; 1.000        ; -0.230     ; 2.156      ;
; -1.391 ; time_core:time_inst|counter_60:inst_minute|val[4]     ; date_core:date_inst|year_counter:inst_year|century[1] ; clk_50M      ; clk_50M     ; 1.000        ; -0.051     ; 2.327      ;
; -1.391 ; time_core:time_inst|counter_60:inst_minute|val[3]     ; date_core:date_inst|year_counter:inst_year|century[1] ; clk_50M      ; clk_50M     ; 1.000        ; -0.051     ; 2.327      ;
; -1.364 ; date_core:date_inst|year_counter:inst_year|year[2]    ; date_core:date_inst|year_counter:inst_year|year[4]    ; clk_50M      ; clk_50M     ; 1.000        ; -0.232     ; 2.119      ;
; -1.364 ; date_core:date_inst|year_counter:inst_year|year[2]    ; date_core:date_inst|year_counter:inst_year|year[3]    ; clk_50M      ; clk_50M     ; 1.000        ; -0.232     ; 2.119      ;
; -1.348 ; time_core:time_inst|counter_60:inst_second|val[2]     ; date_core:date_inst|year_counter:inst_year|year[4]    ; clk_50M      ; clk_50M     ; 1.000        ; -0.040     ; 2.295      ;
; -1.348 ; time_core:time_inst|counter_60:inst_second|val[2]     ; date_core:date_inst|year_counter:inst_year|year[3]    ; clk_50M      ; clk_50M     ; 1.000        ; -0.040     ; 2.295      ;
; -1.335 ; date_core:date_inst|year_counter:inst_year|year[2]    ; date_core:date_inst|year_counter:inst_year|century[1] ; clk_50M      ; clk_50M     ; 1.000        ; -0.232     ; 2.090      ;
; -1.323 ; date_core:date_inst|year_counter:inst_year|year[6]    ; date_core:date_inst|month_counter:inst_month|month[1] ; clk_50M      ; clk_50M     ; 1.000        ; -0.230     ; 2.080      ;
; -1.323 ; date_core:date_inst|year_counter:inst_year|year[6]    ; date_core:date_inst|month_counter:inst_month|month[3] ; clk_50M      ; clk_50M     ; 1.000        ; -0.230     ; 2.080      ;
; -1.323 ; date_core:date_inst|year_counter:inst_year|year[6]    ; date_core:date_inst|month_counter:inst_month|month[2] ; clk_50M      ; clk_50M     ; 1.000        ; -0.230     ; 2.080      ;
; -1.318 ; date_core:date_inst|year_counter:inst_year|century[0] ; date_core:date_inst|month_counter:inst_month|month[1] ; clk_50M      ; clk_50M     ; 1.000        ; -0.215     ; 2.090      ;
; -1.318 ; date_core:date_inst|year_counter:inst_year|century[0] ; date_core:date_inst|month_counter:inst_month|month[3] ; clk_50M      ; clk_50M     ; 1.000        ; -0.215     ; 2.090      ;
; -1.318 ; date_core:date_inst|year_counter:inst_year|century[0] ; date_core:date_inst|month_counter:inst_month|month[2] ; clk_50M      ; clk_50M     ; 1.000        ; -0.215     ; 2.090      ;
; -1.311 ; mode_control:mode_fsm|current_state[1]                ; date_core:date_inst|year_counter:inst_year|year[4]    ; clk_50M      ; clk_50M     ; 1.000        ; -0.041     ; 2.257      ;
; -1.311 ; mode_control:mode_fsm|current_state[1]                ; date_core:date_inst|year_counter:inst_year|year[3]    ; clk_50M      ; clk_50M     ; 1.000        ; -0.041     ; 2.257      ;
; -1.311 ; time_core:time_inst|counter_60:inst_minute|val[4]     ; date_core:date_inst|month_counter:inst_month|month[1] ; clk_50M      ; clk_50M     ; 1.000        ; -0.049     ; 2.249      ;
; -1.311 ; time_core:time_inst|counter_60:inst_minute|val[4]     ; date_core:date_inst|month_counter:inst_month|month[3] ; clk_50M      ; clk_50M     ; 1.000        ; -0.049     ; 2.249      ;
; -1.311 ; time_core:time_inst|counter_60:inst_minute|val[4]     ; date_core:date_inst|month_counter:inst_month|month[2] ; clk_50M      ; clk_50M     ; 1.000        ; -0.049     ; 2.249      ;
; -1.311 ; time_core:time_inst|counter_60:inst_minute|val[3]     ; date_core:date_inst|month_counter:inst_month|month[1] ; clk_50M      ; clk_50M     ; 1.000        ; -0.049     ; 2.249      ;
; -1.311 ; time_core:time_inst|counter_60:inst_minute|val[3]     ; date_core:date_inst|month_counter:inst_month|month[3] ; clk_50M      ; clk_50M     ; 1.000        ; -0.049     ; 2.249      ;
; -1.311 ; time_core:time_inst|counter_60:inst_minute|val[3]     ; date_core:date_inst|month_counter:inst_month|month[2] ; clk_50M      ; clk_50M     ; 1.000        ; -0.049     ; 2.249      ;
; -1.301 ; time_core:time_inst|counter_60:inst_minute|val[0]     ; date_core:date_inst|year_counter:inst_year|year[4]    ; clk_50M      ; clk_50M     ; 1.000        ; -0.050     ; 2.238      ;
; -1.301 ; time_core:time_inst|counter_60:inst_minute|val[2]     ; date_core:date_inst|year_counter:inst_year|year[4]    ; clk_50M      ; clk_50M     ; 1.000        ; -0.051     ; 2.237      ;
; -1.301 ; time_core:time_inst|counter_60:inst_minute|val[0]     ; date_core:date_inst|year_counter:inst_year|year[3]    ; clk_50M      ; clk_50M     ; 1.000        ; -0.050     ; 2.238      ;
; -1.301 ; time_core:time_inst|counter_60:inst_minute|val[2]     ; date_core:date_inst|year_counter:inst_year|year[3]    ; clk_50M      ; clk_50M     ; 1.000        ; -0.051     ; 2.237      ;
; -1.301 ; time_core:time_inst|counter_60:inst_second|val[4]     ; date_core:date_inst|year_counter:inst_year|year[4]    ; clk_50M      ; clk_50M     ; 1.000        ; -0.040     ; 2.248      ;
; -1.301 ; time_core:time_inst|counter_60:inst_second|val[4]     ; date_core:date_inst|year_counter:inst_year|year[3]    ; clk_50M      ; clk_50M     ; 1.000        ; -0.040     ; 2.248      ;
; -1.300 ; time_core:time_inst|counter_60:inst_second|val[3]     ; date_core:date_inst|year_counter:inst_year|year[4]    ; clk_50M      ; clk_50M     ; 1.000        ; -0.040     ; 2.247      ;
; -1.300 ; time_core:time_inst|counter_60:inst_second|val[3]     ; date_core:date_inst|year_counter:inst_year|year[3]    ; clk_50M      ; clk_50M     ; 1.000        ; -0.040     ; 2.247      ;
; -1.298 ; date_core:date_inst|year_counter:inst_year|century[1] ; date_core:date_inst|month_counter:inst_month|month[1] ; clk_50M      ; clk_50M     ; 1.000        ; -0.035     ; 2.250      ;
; -1.298 ; date_core:date_inst|year_counter:inst_year|century[1] ; date_core:date_inst|month_counter:inst_month|month[3] ; clk_50M      ; clk_50M     ; 1.000        ; -0.035     ; 2.250      ;
; -1.298 ; date_core:date_inst|year_counter:inst_year|century[1] ; date_core:date_inst|month_counter:inst_month|month[2] ; clk_50M      ; clk_50M     ; 1.000        ; -0.035     ; 2.250      ;
; -1.295 ; date_core:date_inst|year_counter:inst_year|year[3]    ; date_core:date_inst|month_counter:inst_month|month[1] ; clk_50M      ; clk_50M     ; 1.000        ; -0.034     ; 2.248      ;
; -1.295 ; date_core:date_inst|year_counter:inst_year|year[3]    ; date_core:date_inst|month_counter:inst_month|month[3] ; clk_50M      ; clk_50M     ; 1.000        ; -0.034     ; 2.248      ;
; -1.295 ; date_core:date_inst|year_counter:inst_year|year[3]    ; date_core:date_inst|month_counter:inst_month|month[2] ; clk_50M      ; clk_50M     ; 1.000        ; -0.034     ; 2.248      ;
; -1.295 ; date_core:date_inst|year_counter:inst_year|century[0] ; date_core:date_inst|year_counter:inst_year|year[4]    ; clk_50M      ; clk_50M     ; 1.000        ; -0.217     ; 2.065      ;
; -1.295 ; date_core:date_inst|year_counter:inst_year|century[0] ; date_core:date_inst|year_counter:inst_year|year[3]    ; clk_50M      ; clk_50M     ; 1.000        ; -0.217     ; 2.065      ;
; -1.292 ; mode_control:mode_fsm|current_state[1]                ; date_core:date_inst|year_counter:inst_year|century[1] ; clk_50M      ; clk_50M     ; 1.000        ; -0.041     ; 2.238      ;
; -1.291 ; tick_generator_1hz:tick_gen|tick_1HZ                  ; date_core:date_inst|year_counter:inst_year|year[4]    ; clk_50M      ; clk_50M     ; 1.000        ; -0.041     ; 2.237      ;
; -1.291 ; tick_generator_1hz:tick_gen|tick_1HZ                  ; date_core:date_inst|year_counter:inst_year|year[3]    ; clk_50M      ; clk_50M     ; 1.000        ; -0.041     ; 2.237      ;
; -1.288 ; date_core:date_inst|year_counter:inst_year|year[6]    ; date_core:date_inst|year_counter:inst_year|year[4]    ; clk_50M      ; clk_50M     ; 1.000        ; -0.232     ; 2.043      ;
; -1.288 ; date_core:date_inst|year_counter:inst_year|year[6]    ; date_core:date_inst|year_counter:inst_year|year[3]    ; clk_50M      ; clk_50M     ; 1.000        ; -0.232     ; 2.043      ;
; -1.285 ; date_core:date_inst|year_counter:inst_year|century[1] ; date_core:date_inst|year_counter:inst_year|year[4]    ; clk_50M      ; clk_50M     ; 1.000        ; -0.037     ; 2.235      ;
; -1.285 ; date_core:date_inst|year_counter:inst_year|century[1] ; date_core:date_inst|year_counter:inst_year|year[3]    ; clk_50M      ; clk_50M     ; 1.000        ; -0.037     ; 2.235      ;
; -1.282 ; time_core:time_inst|counter_60:inst_minute|val[0]     ; date_core:date_inst|year_counter:inst_year|century[1] ; clk_50M      ; clk_50M     ; 1.000        ; -0.050     ; 2.219      ;
; -1.282 ; time_core:time_inst|counter_60:inst_minute|val[2]     ; date_core:date_inst|year_counter:inst_year|century[1] ; clk_50M      ; clk_50M     ; 1.000        ; -0.051     ; 2.218      ;
; -1.279 ; date_core:date_inst|year_counter:inst_year|year[4]    ; date_core:date_inst|month_counter:inst_month|month[1] ; clk_50M      ; clk_50M     ; 1.000        ; -0.034     ; 2.232      ;
; -1.279 ; date_core:date_inst|year_counter:inst_year|year[4]    ; date_core:date_inst|month_counter:inst_month|month[3] ; clk_50M      ; clk_50M     ; 1.000        ; -0.034     ; 2.232      ;
; -1.279 ; date_core:date_inst|year_counter:inst_year|year[4]    ; date_core:date_inst|month_counter:inst_month|month[2] ; clk_50M      ; clk_50M     ; 1.000        ; -0.034     ; 2.232      ;
; -1.276 ; time_core:time_inst|counter_60:inst_second|val[3]     ; date_core:date_inst|year_counter:inst_year|century[1] ; clk_50M      ; clk_50M     ; 1.000        ; -0.040     ; 2.223      ;
; -1.274 ; time_core:time_inst|counter_60:inst_second|val[4]     ; date_core:date_inst|year_counter:inst_year|century[1] ; clk_50M      ; clk_50M     ; 1.000        ; -0.040     ; 2.221      ;
; -1.272 ; tick_generator_1hz:tick_gen|tick_1HZ                  ; date_core:date_inst|year_counter:inst_year|century[1] ; clk_50M      ; clk_50M     ; 1.000        ; -0.041     ; 2.218      ;
; -1.269 ; time_core:time_inst|counter_60:inst_minute|val[5]     ; date_core:date_inst|year_counter:inst_year|year[4]    ; clk_50M      ; clk_50M     ; 1.000        ; -0.051     ; 2.205      ;
; -1.269 ; time_core:time_inst|counter_60:inst_minute|val[5]     ; date_core:date_inst|year_counter:inst_year|year[3]    ; clk_50M      ; clk_50M     ; 1.000        ; -0.051     ; 2.205      ;
; -1.260 ; date_core:date_inst|year_counter:inst_year|year[3]    ; date_core:date_inst|year_counter:inst_year|year[4]    ; clk_50M      ; clk_50M     ; 1.000        ; -0.036     ; 2.211      ;
; -1.260 ; date_core:date_inst|year_counter:inst_year|year[3]    ; date_core:date_inst|year_counter:inst_year|year[3]    ; clk_50M      ; clk_50M     ; 1.000        ; -0.036     ; 2.211      ;
; -1.260 ; date_core:date_inst|year_counter:inst_year|century[0] ; date_core:date_inst|year_counter:inst_year|century[1] ; clk_50M      ; clk_50M     ; 1.000        ; -0.217     ; 2.030      ;
; -1.259 ; date_core:date_inst|year_counter:inst_year|year[6]    ; date_core:date_inst|year_counter:inst_year|century[1] ; clk_50M      ; clk_50M     ; 1.000        ; -0.232     ; 2.014      ;
; -1.256 ; edge_detector:ed_rst_num|btn_sync                     ; date_core:date_inst|year_counter:inst_year|century[1] ; clk_50M      ; clk_50M     ; 1.000        ; -0.044     ; 2.199      ;
; -1.253 ; time_core:time_inst|counter_60:inst_minute|val[1]     ; date_core:date_inst|year_counter:inst_year|year[4]    ; clk_50M      ; clk_50M     ; 1.000        ; -0.050     ; 2.190      ;
; -1.253 ; time_core:time_inst|counter_60:inst_minute|val[1]     ; date_core:date_inst|year_counter:inst_year|year[3]    ; clk_50M      ; clk_50M     ; 1.000        ; -0.050     ; 2.190      ;
; -1.250 ; time_core:time_inst|counter_60:inst_minute|val[5]     ; date_core:date_inst|year_counter:inst_year|century[1] ; clk_50M      ; clk_50M     ; 1.000        ; -0.051     ; 2.186      ;
; -1.250 ; time_core:time_inst|counter_60:inst_second|val[2]     ; date_core:date_inst|year_counter:inst_year|century[1] ; clk_50M      ; clk_50M     ; 1.000        ; -0.040     ; 2.197      ;
; -1.250 ; date_core:date_inst|year_counter:inst_year|century[1] ; date_core:date_inst|year_counter:inst_year|century[1] ; clk_50M      ; clk_50M     ; 1.000        ; -0.037     ; 2.200      ;
; -1.246 ; date_core:date_inst|year_counter:inst_year|year[0]    ; date_core:date_inst|month_counter:inst_month|month[1] ; clk_50M      ; clk_50M     ; 1.000        ; -0.230     ; 2.003      ;
; -1.246 ; date_core:date_inst|year_counter:inst_year|year[0]    ; date_core:date_inst|month_counter:inst_month|month[3] ; clk_50M      ; clk_50M     ; 1.000        ; -0.230     ; 2.003      ;
; -1.246 ; date_core:date_inst|year_counter:inst_year|year[0]    ; date_core:date_inst|month_counter:inst_month|month[2] ; clk_50M      ; clk_50M     ; 1.000        ; -0.230     ; 2.003      ;
; -1.244 ; date_core:date_inst|year_counter:inst_year|year[4]    ; date_core:date_inst|year_counter:inst_year|year[4]    ; clk_50M      ; clk_50M     ; 1.000        ; -0.036     ; 2.195      ;
; -1.244 ; date_core:date_inst|year_counter:inst_year|year[4]    ; date_core:date_inst|year_counter:inst_year|year[3]    ; clk_50M      ; clk_50M     ; 1.000        ; -0.036     ; 2.195      ;
; -1.238 ; time_core:time_inst|counter_60:inst_minute|val[4]     ; date_core:date_inst|year_counter:inst_year|century[0] ; clk_50M      ; clk_50M     ; 1.000        ; 0.122      ; 2.347      ;
; -1.238 ; time_core:time_inst|counter_60:inst_minute|val[4]     ; date_core:date_inst|year_counter:inst_year|century[2] ; clk_50M      ; clk_50M     ; 1.000        ; 0.122      ; 2.347      ;
; -1.238 ; time_core:time_inst|counter_60:inst_minute|val[4]     ; date_core:date_inst|year_counter:inst_year|century[4] ; clk_50M      ; clk_50M     ; 1.000        ; 0.122      ; 2.347      ;
; -1.238 ; time_core:time_inst|counter_60:inst_minute|val[4]     ; date_core:date_inst|year_counter:inst_year|century[3] ; clk_50M      ; clk_50M     ; 1.000        ; 0.122      ; 2.347      ;
; -1.238 ; time_core:time_inst|counter_60:inst_minute|val[4]     ; date_core:date_inst|year_counter:inst_year|century[5] ; clk_50M      ; clk_50M     ; 1.000        ; 0.122      ; 2.347      ;
; -1.238 ; time_core:time_inst|counter_60:inst_minute|val[4]     ; date_core:date_inst|year_counter:inst_year|century[6] ; clk_50M      ; clk_50M     ; 1.000        ; 0.122      ; 2.347      ;
; -1.238 ; date_core:date_inst|year_counter:inst_year|year[5]    ; date_core:date_inst|month_counter:inst_month|month[1] ; clk_50M      ; clk_50M     ; 1.000        ; -0.230     ; 1.995      ;
; -1.238 ; date_core:date_inst|year_counter:inst_year|year[5]    ; date_core:date_inst|month_counter:inst_month|month[3] ; clk_50M      ; clk_50M     ; 1.000        ; -0.230     ; 1.995      ;
; -1.238 ; date_core:date_inst|year_counter:inst_year|year[5]    ; date_core:date_inst|month_counter:inst_month|month[2] ; clk_50M      ; clk_50M     ; 1.000        ; -0.230     ; 1.995      ;
; -1.238 ; date_core:date_inst|year_counter:inst_year|year[0]    ; date_core:date_inst|year_counter:inst_year|year[4]    ; clk_50M      ; clk_50M     ; 1.000        ; -0.232     ; 1.993      ;
; -1.238 ; date_core:date_inst|year_counter:inst_year|year[0]    ; date_core:date_inst|year_counter:inst_year|year[3]    ; clk_50M      ; clk_50M     ; 1.000        ; -0.232     ; 1.993      ;
; -1.238 ; time_core:time_inst|counter_60:inst_minute|val[3]     ; date_core:date_inst|year_counter:inst_year|century[0] ; clk_50M      ; clk_50M     ; 1.000        ; 0.122      ; 2.347      ;
; -1.238 ; time_core:time_inst|counter_60:inst_minute|val[3]     ; date_core:date_inst|year_counter:inst_year|century[2] ; clk_50M      ; clk_50M     ; 1.000        ; 0.122      ; 2.347      ;
; -1.238 ; time_core:time_inst|counter_60:inst_minute|val[3]     ; date_core:date_inst|year_counter:inst_year|century[4] ; clk_50M      ; clk_50M     ; 1.000        ; 0.122      ; 2.347      ;
; -1.238 ; time_core:time_inst|counter_60:inst_minute|val[3]     ; date_core:date_inst|year_counter:inst_year|century[3] ; clk_50M      ; clk_50M     ; 1.000        ; 0.122      ; 2.347      ;
; -1.238 ; time_core:time_inst|counter_60:inst_minute|val[3]     ; date_core:date_inst|year_counter:inst_year|century[5] ; clk_50M      ; clk_50M     ; 1.000        ; 0.122      ; 2.347      ;
; -1.238 ; time_core:time_inst|counter_60:inst_minute|val[3]     ; date_core:date_inst|year_counter:inst_year|century[6] ; clk_50M      ; clk_50M     ; 1.000        ; 0.122      ; 2.347      ;
; -1.234 ; time_core:time_inst|counter_60:inst_minute|val[1]     ; date_core:date_inst|year_counter:inst_year|century[1] ; clk_50M      ; clk_50M     ; 1.000        ; -0.050     ; 2.171      ;
; -1.231 ; date_core:date_inst|year_counter:inst_year|year[3]    ; date_core:date_inst|year_counter:inst_year|century[1] ; clk_50M      ; clk_50M     ; 1.000        ; -0.036     ; 2.182      ;
; -1.220 ; mode_control:mode_fsm|current_state[0]                ; date_core:date_inst|year_counter:inst_year|year[4]    ; clk_50M      ; clk_50M     ; 1.000        ; -0.041     ; 2.166      ;
; -1.220 ; mode_control:mode_fsm|current_state[0]                ; date_core:date_inst|year_counter:inst_year|year[3]    ; clk_50M      ; clk_50M     ; 1.000        ; -0.041     ; 2.166      ;
; -1.215 ; date_core:date_inst|year_counter:inst_year|year[4]    ; date_core:date_inst|year_counter:inst_year|century[1] ; clk_50M      ; clk_50M     ; 1.000        ; -0.036     ; 2.166      ;
; -1.212 ; mode_control:mode_fsm|current_state[1]                ; date_core:date_inst|month_counter:inst_month|month[1] ; clk_50M      ; clk_50M     ; 1.000        ; -0.039     ; 2.160      ;
; -1.212 ; mode_control:mode_fsm|current_state[1]                ; date_core:date_inst|month_counter:inst_month|month[3] ; clk_50M      ; clk_50M     ; 1.000        ; -0.039     ; 2.160      ;
+--------+-------------------------------------------------------+-------------------------------------------------------+--------------+-------------+--------------+------------+------------+


+---------------------------------------------------------------------------------------------------------------------------------------------------------------------------------------------+
; Fast 1200mV 0C Model Hold: 'clk_50M'                                                                                                                                                        ;
+-------+-------------------------------------------------------+-------------------------------------------------------+--------------+-------------+--------------+------------+------------+
; Slack ; From Node                                             ; To Node                                               ; Launch Clock ; Latch Clock ; Relationship ; Clock Skew ; Data Delay ;
+-------+-------------------------------------------------------+-------------------------------------------------------+--------------+-------------+--------------+------------+------------+
; 0.185 ; debounce:debounce_mode|button_out                     ; debounce:debounce_mode|button_out                     ; clk_50M      ; clk_50M     ; 0.000        ; 0.038      ; 0.307      ;
; 0.186 ; debounce:debounce_dec|button_out                      ; debounce:debounce_dec|button_out                      ; clk_50M      ; clk_50M     ; 0.000        ; 0.037      ; 0.307      ;
; 0.186 ; debounce:debounce_inc|button_out                      ; debounce:debounce_inc|button_out                      ; clk_50M      ; clk_50M     ; 0.000        ; 0.037      ; 0.307      ;
; 0.186 ; debounce:debounce_rst_num|button_out                  ; debounce:debounce_rst_num|button_out                  ; clk_50M      ; clk_50M     ; 0.000        ; 0.037      ; 0.307      ;
; 0.186 ; mode_control:mode_fsm|current_state[2]                ; mode_control:mode_fsm|current_state[2]                ; clk_50M      ; clk_50M     ; 0.000        ; 0.037      ; 0.307      ;
; 0.186 ; mode_control:mode_fsm|current_state[1]                ; mode_control:mode_fsm|current_state[1]                ; clk_50M      ; clk_50M     ; 0.000        ; 0.037      ; 0.307      ;
; 0.186 ; mode_control:mode_fsm|current_state[0]                ; mode_control:mode_fsm|current_state[0]                ; clk_50M      ; clk_50M     ; 0.000        ; 0.037      ; 0.307      ;
; 0.187 ; tick_generator_1hz:tick_gen|blink_1HZ                 ; tick_generator_1hz:tick_gen|blink_1HZ                 ; clk_50M      ; clk_50M     ; 0.000        ; 0.036      ; 0.307      ;
; 0.187 ; display_control:inst_display|auto_page                ; display_control:inst_display|auto_page                ; clk_50M      ; clk_50M     ; 0.000        ; 0.036      ; 0.307      ;
; 0.187 ; date_core:date_inst|month_counter:inst_month|month[0] ; date_core:date_inst|month_counter:inst_month|month[0] ; clk_50M      ; clk_50M     ; 0.000        ; 0.036      ; 0.307      ;
; 0.193 ; debounce:debounce_mode|button_sync_0                  ; debounce:debounce_mode|button_sync_1                  ; clk_50M      ; clk_50M     ; 0.000        ; 0.037      ; 0.314      ;
; 0.195 ; debounce:debounce_mode|counter[19]                    ; debounce:debounce_mode|counter[19]                    ; clk_50M      ; clk_50M     ; 0.000        ; 0.038      ; 0.317      ;
; 0.196 ; debounce:debounce_dec|counter[19]                     ; debounce:debounce_dec|counter[19]                     ; clk_50M      ; clk_50M     ; 0.000        ; 0.037      ; 0.317      ;
; 0.196 ; debounce:debounce_inc|counter[19]                     ; debounce:debounce_inc|counter[19]                     ; clk_50M      ; clk_50M     ; 0.000        ; 0.037      ; 0.317      ;
; 0.196 ; debounce:debounce_rst_num|counter[19]                 ; debounce:debounce_rst_num|counter[19]                 ; clk_50M      ; clk_50M     ; 0.000        ; 0.037      ; 0.317      ;
; 0.208 ; time_core:time_inst|counter_60:inst_second|val[5]     ; time_core:time_inst|counter_60:inst_second|val[5]     ; clk_50M      ; clk_50M     ; 0.000        ; 0.036      ; 0.328      ;
; 0.214 ; debounce:debounce_rst_num|button_out                  ; edge_detector:ed_rst_num|btn_sync                     ; clk_50M      ; clk_50M     ; 0.000        ; 0.037      ; 0.335      ;
; 0.269 ; debounce:debounce_dec|button_sync_0                   ; debounce:debounce_dec|button_sync_1                   ; clk_50M      ; clk_50M     ; 0.000        ; 0.036      ; 0.389      ;
; 0.272 ; debounce:debounce_dec|button_sync_1                   ; debounce:debounce_dec|button_out                      ; clk_50M      ; clk_50M     ; 0.000        ; 0.037      ; 0.393      ;
; 0.289 ; debounce:debounce_inc|button_out                      ; edge_detector:ed_inc|btn_sync                         ; clk_50M      ; clk_50M     ; 0.000        ; 0.037      ; 0.410      ;
; 0.294 ; tick_generator_1hz:tick_gen|counter_value[2]          ; tick_generator_1hz:tick_gen|counter_value[2]          ; clk_50M      ; clk_50M     ; 0.000        ; 0.045      ; 0.423      ;
; 0.296 ; debounce:debounce_dec|counter[1]                      ; debounce:debounce_dec|counter[1]                      ; clk_50M      ; clk_50M     ; 0.000        ; 0.037      ; 0.417      ;
; 0.296 ; debounce:debounce_inc|counter[1]                      ; debounce:debounce_inc|counter[1]                      ; clk_50M      ; clk_50M     ; 0.000        ; 0.037      ; 0.417      ;
; 0.296 ; debounce:debounce_mode|counter[1]                     ; debounce:debounce_mode|counter[1]                     ; clk_50M      ; clk_50M     ; 0.000        ; 0.037      ; 0.417      ;
; 0.297 ; debounce:debounce_dec|counter[2]                      ; debounce:debounce_dec|counter[2]                      ; clk_50M      ; clk_50M     ; 0.000        ; 0.037      ; 0.418      ;
; 0.297 ; debounce:debounce_dec|counter[3]                      ; debounce:debounce_dec|counter[3]                      ; clk_50M      ; clk_50M     ; 0.000        ; 0.037      ; 0.418      ;
; 0.297 ; debounce:debounce_dec|counter[5]                      ; debounce:debounce_dec|counter[5]                      ; clk_50M      ; clk_50M     ; 0.000        ; 0.037      ; 0.418      ;
; 0.297 ; debounce:debounce_inc|counter[2]                      ; debounce:debounce_inc|counter[2]                      ; clk_50M      ; clk_50M     ; 0.000        ; 0.037      ; 0.418      ;
; 0.297 ; debounce:debounce_inc|counter[3]                      ; debounce:debounce_inc|counter[3]                      ; clk_50M      ; clk_50M     ; 0.000        ; 0.037      ; 0.418      ;
; 0.297 ; debounce:debounce_inc|counter[5]                      ; debounce:debounce_inc|counter[5]                      ; clk_50M      ; clk_50M     ; 0.000        ; 0.037      ; 0.418      ;
; 0.297 ; debounce:debounce_rst_num|counter[1]                  ; debounce:debounce_rst_num|counter[1]                  ; clk_50M      ; clk_50M     ; 0.000        ; 0.036      ; 0.417      ;
; 0.297 ; debounce:debounce_mode|counter[2]                     ; debounce:debounce_mode|counter[2]                     ; clk_50M      ; clk_50M     ; 0.000        ; 0.037      ; 0.418      ;
; 0.297 ; debounce:debounce_mode|counter[3]                     ; debounce:debounce_mode|counter[3]                     ; clk_50M      ; clk_50M     ; 0.000        ; 0.037      ; 0.418      ;
; 0.297 ; debounce:debounce_mode|counter[5]                     ; debounce:debounce_mode|counter[5]                     ; clk_50M      ; clk_50M     ; 0.000        ; 0.037      ; 0.418      ;
; 0.298 ; debounce:debounce_dec|counter[4]                      ; debounce:debounce_dec|counter[4]                      ; clk_50M      ; clk_50M     ; 0.000        ; 0.037      ; 0.419      ;
; 0.298 ; debounce:debounce_inc|counter[4]                      ; debounce:debounce_inc|counter[4]                      ; clk_50M      ; clk_50M     ; 0.000        ; 0.037      ; 0.419      ;
; 0.298 ; debounce:debounce_rst_num|counter[2]                  ; debounce:debounce_rst_num|counter[2]                  ; clk_50M      ; clk_50M     ; 0.000        ; 0.036      ; 0.418      ;
; 0.298 ; debounce:debounce_rst_num|counter[3]                  ; debounce:debounce_rst_num|counter[3]                  ; clk_50M      ; clk_50M     ; 0.000        ; 0.036      ; 0.418      ;
; 0.298 ; debounce:debounce_rst_num|counter[5]                  ; debounce:debounce_rst_num|counter[5]                  ; clk_50M      ; clk_50M     ; 0.000        ; 0.036      ; 0.418      ;
; 0.298 ; debounce:debounce_mode|counter[4]                     ; debounce:debounce_mode|counter[4]                     ; clk_50M      ; clk_50M     ; 0.000        ; 0.037      ; 0.419      ;
; 0.299 ; debounce:debounce_dec|counter[9]                      ; debounce:debounce_dec|counter[9]                      ; clk_50M      ; clk_50M     ; 0.000        ; 0.037      ; 0.420      ;
; 0.299 ; debounce:debounce_inc|counter[9]                      ; debounce:debounce_inc|counter[9]                      ; clk_50M      ; clk_50M     ; 0.000        ; 0.037      ; 0.420      ;
; 0.299 ; debounce:debounce_rst_num|counter[4]                  ; debounce:debounce_rst_num|counter[4]                  ; clk_50M      ; clk_50M     ; 0.000        ; 0.036      ; 0.419      ;
; 0.299 ; debounce:debounce_rst_num|counter[11]                 ; debounce:debounce_rst_num|counter[11]                 ; clk_50M      ; clk_50M     ; 0.000        ; 0.037      ; 0.420      ;
; 0.299 ; debounce:debounce_mode|counter[9]                     ; debounce:debounce_mode|counter[9]                     ; clk_50M      ; clk_50M     ; 0.000        ; 0.037      ; 0.420      ;
; 0.299 ; debounce:debounce_mode|counter[10]                    ; debounce:debounce_mode|counter[10]                    ; clk_50M      ; clk_50M     ; 0.000        ; 0.038      ; 0.421      ;
; 0.299 ; debounce:debounce_mode|counter[11]                    ; debounce:debounce_mode|counter[11]                    ; clk_50M      ; clk_50M     ; 0.000        ; 0.038      ; 0.421      ;
; 0.300 ; tick_generator_1hz:tick_gen|blink_counter[10]         ; tick_generator_1hz:tick_gen|blink_counter[10]         ; clk_50M      ; clk_50M     ; 0.000        ; 0.037      ; 0.421      ;
; 0.300 ; tick_generator_1hz:tick_gen|blink_counter[7]          ; tick_generator_1hz:tick_gen|blink_counter[7]          ; clk_50M      ; clk_50M     ; 0.000        ; 0.037      ; 0.421      ;
; 0.300 ; tick_generator_1hz:tick_gen|blink_counter[5]          ; tick_generator_1hz:tick_gen|blink_counter[5]          ; clk_50M      ; clk_50M     ; 0.000        ; 0.037      ; 0.421      ;
; 0.300 ; tick_generator_1hz:tick_gen|blink_counter[3]          ; tick_generator_1hz:tick_gen|blink_counter[3]          ; clk_50M      ; clk_50M     ; 0.000        ; 0.037      ; 0.421      ;
; 0.300 ; debounce:debounce_dec|counter[8]                      ; debounce:debounce_dec|counter[8]                      ; clk_50M      ; clk_50M     ; 0.000        ; 0.037      ; 0.421      ;
; 0.300 ; debounce:debounce_dec|counter[10]                     ; debounce:debounce_dec|counter[10]                     ; clk_50M      ; clk_50M     ; 0.000        ; 0.037      ; 0.421      ;
; 0.300 ; debounce:debounce_dec|counter[11]                     ; debounce:debounce_dec|counter[11]                     ; clk_50M      ; clk_50M     ; 0.000        ; 0.037      ; 0.421      ;
; 0.300 ; debounce:debounce_inc|counter[8]                      ; debounce:debounce_inc|counter[8]                      ; clk_50M      ; clk_50M     ; 0.000        ; 0.037      ; 0.421      ;
; 0.300 ; debounce:debounce_inc|counter[10]                     ; debounce:debounce_inc|counter[10]                     ; clk_50M      ; clk_50M     ; 0.000        ; 0.037      ; 0.421      ;
; 0.300 ; debounce:debounce_inc|counter[11]                     ; debounce:debounce_inc|counter[11]                     ; clk_50M      ; clk_50M     ; 0.000        ; 0.037      ; 0.421      ;
; 0.300 ; debounce:debounce_rst_num|counter[10]                 ; debounce:debounce_rst_num|counter[10]                 ; clk_50M      ; clk_50M     ; 0.000        ; 0.037      ; 0.421      ;
; 0.300 ; tick_generator_1hz:tick_gen|counter_value[11]         ; tick_generator_1hz:tick_gen|counter_value[11]         ; clk_50M      ; clk_50M     ; 0.000        ; 0.037      ; 0.421      ;
; 0.300 ; tick_generator_1hz:tick_gen|counter_value[8]          ; tick_generator_1hz:tick_gen|counter_value[8]          ; clk_50M      ; clk_50M     ; 0.000        ; 0.037      ; 0.421      ;
; 0.300 ; tick_generator_1hz:tick_gen|counter_value[6]          ; tick_generator_1hz:tick_gen|counter_value[6]          ; clk_50M      ; clk_50M     ; 0.000        ; 0.037      ; 0.421      ;
; 0.300 ; tick_generator_1hz:tick_gen|counter_value[4]          ; tick_generator_1hz:tick_gen|counter_value[4]          ; clk_50M      ; clk_50M     ; 0.000        ; 0.037      ; 0.421      ;
; 0.300 ; debounce:debounce_mode|counter[8]                     ; debounce:debounce_mode|counter[8]                     ; clk_50M      ; clk_50M     ; 0.000        ; 0.037      ; 0.421      ;
; 0.301 ; tick_generator_1hz:tick_gen|blink_counter[9]          ; tick_generator_1hz:tick_gen|blink_counter[9]          ; clk_50M      ; clk_50M     ; 0.000        ; 0.037      ; 0.422      ;
; 0.301 ; tick_generator_1hz:tick_gen|blink_counter[8]          ; tick_generator_1hz:tick_gen|blink_counter[8]          ; clk_50M      ; clk_50M     ; 0.000        ; 0.037      ; 0.422      ;
; 0.301 ; tick_generator_1hz:tick_gen|blink_counter[4]          ; tick_generator_1hz:tick_gen|blink_counter[4]          ; clk_50M      ; clk_50M     ; 0.000        ; 0.037      ; 0.422      ;
; 0.301 ; date_core:date_inst|year_counter:inst_year|century[5] ; date_core:date_inst|year_counter:inst_year|century[5] ; clk_50M      ; clk_50M     ; 0.000        ; 0.044      ; 0.429      ;
; 0.301 ; debounce:debounce_dec|counter[6]                      ; debounce:debounce_dec|counter[6]                      ; clk_50M      ; clk_50M     ; 0.000        ; 0.037      ; 0.422      ;
; 0.301 ; debounce:debounce_dec|counter[7]                      ; debounce:debounce_dec|counter[7]                      ; clk_50M      ; clk_50M     ; 0.000        ; 0.037      ; 0.422      ;
; 0.301 ; debounce:debounce_inc|counter[6]                      ; debounce:debounce_inc|counter[6]                      ; clk_50M      ; clk_50M     ; 0.000        ; 0.037      ; 0.422      ;
; 0.301 ; debounce:debounce_inc|counter[7]                      ; debounce:debounce_inc|counter[7]                      ; clk_50M      ; clk_50M     ; 0.000        ; 0.037      ; 0.422      ;
; 0.301 ; debounce:debounce_inc|counter[17]                     ; debounce:debounce_inc|counter[17]                     ; clk_50M      ; clk_50M     ; 0.000        ; 0.037      ; 0.422      ;
; 0.301 ; debounce:debounce_rst_num|counter[7]                  ; debounce:debounce_rst_num|counter[7]                  ; clk_50M      ; clk_50M     ; 0.000        ; 0.036      ; 0.421      ;
; 0.301 ; debounce:debounce_rst_num|counter[9]                  ; debounce:debounce_rst_num|counter[9]                  ; clk_50M      ; clk_50M     ; 0.000        ; 0.036      ; 0.421      ;
; 0.301 ; tick_generator_1hz:tick_gen|counter_value[10]         ; tick_generator_1hz:tick_gen|counter_value[10]         ; clk_50M      ; clk_50M     ; 0.000        ; 0.037      ; 0.422      ;
; 0.301 ; tick_generator_1hz:tick_gen|counter_value[9]          ; tick_generator_1hz:tick_gen|counter_value[9]          ; clk_50M      ; clk_50M     ; 0.000        ; 0.037      ; 0.422      ;
; 0.301 ; tick_generator_1hz:tick_gen|counter_value[5]          ; tick_generator_1hz:tick_gen|counter_value[5]          ; clk_50M      ; clk_50M     ; 0.000        ; 0.037      ; 0.422      ;
; 0.301 ; tick_generator_1hz:tick_gen|counter_value[3]          ; tick_generator_1hz:tick_gen|counter_value[3]          ; clk_50M      ; clk_50M     ; 0.000        ; 0.037      ; 0.422      ;
; 0.301 ; debounce:debounce_mode|counter[18]                    ; debounce:debounce_mode|counter[18]                    ; clk_50M      ; clk_50M     ; 0.000        ; 0.038      ; 0.423      ;
; 0.301 ; debounce:debounce_mode|counter[6]                     ; debounce:debounce_mode|counter[6]                     ; clk_50M      ; clk_50M     ; 0.000        ; 0.037      ; 0.422      ;
; 0.301 ; debounce:debounce_mode|counter[7]                     ; debounce:debounce_mode|counter[7]                     ; clk_50M      ; clk_50M     ; 0.000        ; 0.037      ; 0.422      ;
; 0.301 ; debounce:debounce_mode|counter[12]                    ; debounce:debounce_mode|counter[12]                    ; clk_50M      ; clk_50M     ; 0.000        ; 0.038      ; 0.423      ;
; 0.301 ; debounce:debounce_mode|counter[13]                    ; debounce:debounce_mode|counter[13]                    ; clk_50M      ; clk_50M     ; 0.000        ; 0.038      ; 0.423      ;
; 0.301 ; debounce:debounce_mode|counter[14]                    ; debounce:debounce_mode|counter[14]                    ; clk_50M      ; clk_50M     ; 0.000        ; 0.038      ; 0.423      ;
; 0.301 ; debounce:debounce_mode|counter[15]                    ; debounce:debounce_mode|counter[15]                    ; clk_50M      ; clk_50M     ; 0.000        ; 0.038      ; 0.423      ;
; 0.301 ; debounce:debounce_mode|counter[17]                    ; debounce:debounce_mode|counter[17]                    ; clk_50M      ; clk_50M     ; 0.000        ; 0.038      ; 0.423      ;
; 0.302 ; date_core:date_inst|year_counter:inst_year|century[3] ; date_core:date_inst|year_counter:inst_year|century[3] ; clk_50M      ; clk_50M     ; 0.000        ; 0.044      ; 0.430      ;
; 0.302 ; debounce:debounce_dec|counter[14]                     ; debounce:debounce_dec|counter[14]                     ; clk_50M      ; clk_50M     ; 0.000        ; 0.037      ; 0.423      ;
; 0.302 ; debounce:debounce_dec|counter[12]                     ; debounce:debounce_dec|counter[12]                     ; clk_50M      ; clk_50M     ; 0.000        ; 0.037      ; 0.423      ;
; 0.302 ; debounce:debounce_dec|counter[13]                     ; debounce:debounce_dec|counter[13]                     ; clk_50M      ; clk_50M     ; 0.000        ; 0.037      ; 0.423      ;
; 0.302 ; debounce:debounce_dec|counter[15]                     ; debounce:debounce_dec|counter[15]                     ; clk_50M      ; clk_50M     ; 0.000        ; 0.037      ; 0.423      ;
; 0.302 ; debounce:debounce_dec|counter[17]                     ; debounce:debounce_dec|counter[17]                     ; clk_50M      ; clk_50M     ; 0.000        ; 0.037      ; 0.423      ;
; 0.302 ; debounce:debounce_dec|counter[18]                     ; debounce:debounce_dec|counter[18]                     ; clk_50M      ; clk_50M     ; 0.000        ; 0.037      ; 0.423      ;
; 0.302 ; debounce:debounce_inc|counter[18]                     ; debounce:debounce_inc|counter[18]                     ; clk_50M      ; clk_50M     ; 0.000        ; 0.037      ; 0.423      ;
; 0.302 ; debounce:debounce_inc|counter[12]                     ; debounce:debounce_inc|counter[12]                     ; clk_50M      ; clk_50M     ; 0.000        ; 0.037      ; 0.423      ;
; 0.302 ; debounce:debounce_inc|counter[13]                     ; debounce:debounce_inc|counter[13]                     ; clk_50M      ; clk_50M     ; 0.000        ; 0.037      ; 0.423      ;
; 0.302 ; debounce:debounce_inc|counter[15]                     ; debounce:debounce_inc|counter[15]                     ; clk_50M      ; clk_50M     ; 0.000        ; 0.037      ; 0.423      ;
; 0.302 ; debounce:debounce_rst_num|counter[18]                 ; debounce:debounce_rst_num|counter[18]                 ; clk_50M      ; clk_50M     ; 0.000        ; 0.037      ; 0.423      ;
; 0.302 ; debounce:debounce_rst_num|counter[6]                  ; debounce:debounce_rst_num|counter[6]                  ; clk_50M      ; clk_50M     ; 0.000        ; 0.036      ; 0.422      ;
; 0.302 ; debounce:debounce_rst_num|counter[8]                  ; debounce:debounce_rst_num|counter[8]                  ; clk_50M      ; clk_50M     ; 0.000        ; 0.036      ; 0.422      ;
+-------+-------------------------------------------------------+-------------------------------------------------------+--------------+-------------+--------------+------------+------------+


----------------------------------------------
; Fast 1200mV 0C Model Metastability Summary ;
----------------------------------------------
Design MTBF is not calculated because the design doesn't meet its timing requirements.



+--------------------------------------------------------------------------------+
; Multicorner Timing Analysis Summary                                            ;
+------------------+----------+-------+----------+---------+---------------------+
; Clock            ; Setup    ; Hold  ; Recovery ; Removal ; Minimum Pulse Width ;
+------------------+----------+-------+----------+---------+---------------------+
; Worst-case Slack ; -3.354   ; 0.185 ; N/A      ; N/A     ; -3.000              ;
;  clk_50M         ; -3.354   ; 0.185 ; N/A      ; N/A     ; -3.000              ;
; Design-wide TNS  ; -364.434 ; 0.0   ; 0.0      ; 0.0     ; -199.611            ;
;  clk_50M         ; -364.434 ; 0.000 ; N/A      ; N/A     ; -199.611            ;
+------------------+----------+-------+----------+---------+---------------------+


+------------------------------------------------------------------------------------------------------------------------------------------------------------------------------------------------------------------------------------------------------------------------------------------------------------------------------------------------------------------------------------------------------------------+
; Board Trace Model Assignments                                                                                                                                                                                                                                                                                                                                                                                    ;
+---------------+--------------+-------------------+-------------------------+-------------------------+---------------+---------------------+----------------+------------------+--------+------------------+------------------------+------------------------+--------------+---------------+-----------------+-------+---------------------+--------------------+---------------+-----------------+-------------+
; Pin           ; I/O Standard ; Near Tline Length ; Near Tline L per Length ; Near Tline C per Length ; Near Series R ; Near Differential R ; Near Pull-up R ; Near Pull-down R ; Near C ; Far Tline Length ; Far Tline L per Length ; Far Tline C per Length ; Far Series R ; Far Pull-up R ; Far Pull-down R ; Far C ; Termination Voltage ; Far Differential R ; EBD File Name ; EBD Signal Name ; EBD Far-end ;
+---------------+--------------+-------------------+-------------------------+-------------------------+---------------+---------------------+----------------+------------------+--------+------------------+------------------------+------------------------+--------------+---------------+-----------------+-------+---------------------+--------------------+---------------+-----------------+-------------+
; HEX7[0]       ; 2.5 V        ; 0 in              ; 0 H/in                  ; 0 F/in                  ; short         ; -                   ; open           ; open             ; open   ; 0 in             ; 0 H/in                 ; 0 F/in                 ; short        ; open          ; open            ; open  ; 0 V                 ; -                  ; n/a           ; n/a             ; n/a         ;
; HEX7[1]       ; 2.5 V        ; 0 in              ; 0 H/in                  ; 0 F/in                  ; short         ; -                   ; open           ; open             ; open   ; 0 in             ; 0 H/in                 ; 0 F/in                 ; short        ; open          ; open            ; open  ; 0 V                 ; -                  ; n/a           ; n/a             ; n/a         ;
; HEX7[2]       ; 2.5 V        ; 0 in              ; 0 H/in                  ; 0 F/in                  ; short         ; -                   ; open           ; open             ; open   ; 0 in             ; 0 H/in                 ; 0 F/in                 ; short        ; open          ; open            ; open  ; 0 V                 ; -                  ; n/a           ; n/a             ; n/a         ;
; HEX7[3]       ; 2.5 V        ; 0 in              ; 0 H/in                  ; 0 F/in                  ; short         ; -                   ; open           ; open             ; open   ; 0 in             ; 0 H/in                 ; 0 F/in                 ; short        ; open          ; open            ; open  ; 0 V                 ; -                  ; n/a           ; n/a             ; n/a         ;
; HEX7[4]       ; 2.5 V        ; 0 in              ; 0 H/in                  ; 0 F/in                  ; short         ; -                   ; open           ; open             ; open   ; 0 in             ; 0 H/in                 ; 0 F/in                 ; short        ; open          ; open            ; open  ; 0 V                 ; -                  ; n/a           ; n/a             ; n/a         ;
; HEX7[5]       ; 2.5 V        ; 0 in              ; 0 H/in                  ; 0 F/in                  ; short         ; -                   ; open           ; open             ; open   ; 0 in             ; 0 H/in                 ; 0 F/in                 ; short        ; open          ; open            ; open  ; 0 V                 ; -                  ; n/a           ; n/a             ; n/a         ;
; HEX7[6]       ; 2.5 V        ; 0 in              ; 0 H/in                  ; 0 F/in                  ; short         ; -                   ; open           ; open             ; open   ; 0 in             ; 0 H/in                 ; 0 F/in                 ; short        ; open          ; open            ; open  ; 0 V                 ; -                  ; n/a           ; n/a             ; n/a         ;
; HEX6[0]       ; 2.5 V        ; 0 in              ; 0 H/in                  ; 0 F/in                  ; short         ; -                   ; open           ; open             ; open   ; 0 in             ; 0 H/in                 ; 0 F/in                 ; short        ; open          ; open            ; open  ; 0 V                 ; -                  ; n/a           ; n/a             ; n/a         ;
; HEX6[1]       ; 2.5 V        ; 0 in              ; 0 H/in                  ; 0 F/in                  ; short         ; -                   ; open           ; open             ; open   ; 0 in             ; 0 H/in                 ; 0 F/in                 ; short        ; open          ; open            ; open  ; 0 V                 ; -                  ; n/a           ; n/a             ; n/a         ;
; HEX6[2]       ; 2.5 V        ; 0 in              ; 0 H/in                  ; 0 F/in                  ; short         ; -                   ; open           ; open             ; open   ; 0 in             ; 0 H/in                 ; 0 F/in                 ; short        ; open          ; open            ; open  ; 0 V                 ; -                  ; n/a           ; n/a             ; n/a         ;
; HEX6[3]       ; 2.5 V        ; 0 in              ; 0 H/in                  ; 0 F/in                  ; short         ; -                   ; open           ; open             ; open   ; 0 in             ; 0 H/in                 ; 0 F/in                 ; short        ; open          ; open            ; open  ; 0 V                 ; -                  ; n/a           ; n/a             ; n/a         ;
; HEX6[4]       ; 2.5 V        ; 0 in              ; 0 H/in                  ; 0 F/in                  ; short         ; -                   ; open           ; open             ; open   ; 0 in             ; 0 H/in                 ; 0 F/in                 ; short        ; open          ; open            ; open  ; 0 V                 ; -                  ; n/a           ; n/a             ; n/a         ;
; HEX6[5]       ; 2.5 V        ; 0 in              ; 0 H/in                  ; 0 F/in                  ; short         ; -                   ; open           ; open             ; open   ; 0 in             ; 0 H/in                 ; 0 F/in                 ; short        ; open          ; open            ; open  ; 0 V                 ; -                  ; n/a           ; n/a             ; n/a         ;
; HEX6[6]       ; 2.5 V        ; 0 in              ; 0 H/in                  ; 0 F/in                  ; short         ; -                   ; open           ; open             ; open   ; 0 in             ; 0 H/in                 ; 0 F/in                 ; short        ; open          ; open            ; open  ; 0 V                 ; -                  ; n/a           ; n/a             ; n/a         ;
; HEX5[0]       ; 2.5 V        ; 0 in              ; 0 H/in                  ; 0 F/in                  ; short         ; -                   ; open           ; open             ; open   ; 0 in             ; 0 H/in                 ; 0 F/in                 ; short        ; open          ; open            ; open  ; 0 V                 ; -                  ; n/a           ; n/a             ; n/a         ;
; HEX5[1]       ; 2.5 V        ; 0 in              ; 0 H/in                  ; 0 F/in                  ; short         ; -                   ; open           ; open             ; open   ; 0 in             ; 0 H/in                 ; 0 F/in                 ; short        ; open          ; open            ; open  ; 0 V                 ; -                  ; n/a           ; n/a             ; n/a         ;
; HEX5[2]       ; 2.5 V        ; 0 in              ; 0 H/in                  ; 0 F/in                  ; short         ; -                   ; open           ; open             ; open   ; 0 in             ; 0 H/in                 ; 0 F/in                 ; short        ; open          ; open            ; open  ; 0 V                 ; -                  ; n/a           ; n/a             ; n/a         ;
; HEX5[3]       ; 2.5 V        ; 0 in              ; 0 H/in                  ; 0 F/in                  ; short         ; -                   ; open           ; open             ; open   ; 0 in             ; 0 H/in                 ; 0 F/in                 ; short        ; open          ; open            ; open  ; 0 V                 ; -                  ; n/a           ; n/a             ; n/a         ;
; HEX5[4]       ; 2.5 V        ; 0 in              ; 0 H/in                  ; 0 F/in                  ; short         ; -                   ; open           ; open             ; open   ; 0 in             ; 0 H/in                 ; 0 F/in                 ; short        ; open          ; open            ; open  ; 0 V                 ; -                  ; n/a           ; n/a             ; n/a         ;
; HEX5[5]       ; 2.5 V        ; 0 in              ; 0 H/in                  ; 0 F/in                  ; short         ; -                   ; open           ; open             ; open   ; 0 in             ; 0 H/in                 ; 0 F/in                 ; short        ; open          ; open            ; open  ; 0 V                 ; -                  ; n/a           ; n/a             ; n/a         ;
; HEX5[6]       ; 2.5 V        ; 0 in              ; 0 H/in                  ; 0 F/in                  ; short         ; -                   ; open           ; open             ; open   ; 0 in             ; 0 H/in                 ; 0 F/in                 ; short        ; open          ; open            ; open  ; 0 V                 ; -                  ; n/a           ; n/a             ; n/a         ;
; HEX4[0]       ; 2.5 V        ; 0 in              ; 0 H/in                  ; 0 F/in                  ; short         ; -                   ; open           ; open             ; open   ; 0 in             ; 0 H/in                 ; 0 F/in                 ; short        ; open          ; open            ; open  ; 0 V                 ; -                  ; n/a           ; n/a             ; n/a         ;
; HEX4[1]       ; 2.5 V        ; 0 in              ; 0 H/in                  ; 0 F/in                  ; short         ; -                   ; open           ; open             ; open   ; 0 in             ; 0 H/in                 ; 0 F/in                 ; short        ; open          ; open            ; open  ; 0 V                 ; -                  ; n/a           ; n/a             ; n/a         ;
; HEX4[2]       ; 2.5 V        ; 0 in              ; 0 H/in                  ; 0 F/in                  ; short         ; -                   ; open           ; open             ; open   ; 0 in             ; 0 H/in                 ; 0 F/in                 ; short        ; open          ; open            ; open  ; 0 V                 ; -                  ; n/a           ; n/a             ; n/a         ;
; HEX4[3]       ; 2.5 V        ; 0 in              ; 0 H/in                  ; 0 F/in                  ; short         ; -                   ; open           ; open             ; open   ; 0 in             ; 0 H/in                 ; 0 F/in                 ; short        ; open          ; open            ; open  ; 0 V                 ; -                  ; n/a           ; n/a             ; n/a         ;
; HEX4[4]       ; 2.5 V        ; 0 in              ; 0 H/in                  ; 0 F/in                  ; short         ; -                   ; open           ; open             ; open   ; 0 in             ; 0 H/in                 ; 0 F/in                 ; short        ; open          ; open            ; open  ; 0 V                 ; -                  ; n/a           ; n/a             ; n/a         ;
; HEX4[5]       ; 2.5 V        ; 0 in              ; 0 H/in                  ; 0 F/in                  ; short         ; -                   ; open           ; open             ; open   ; 0 in             ; 0 H/in                 ; 0 F/in                 ; short        ; open          ; open            ; open  ; 0 V                 ; -                  ; n/a           ; n/a             ; n/a         ;
; HEX4[6]       ; 2.5 V        ; 0 in              ; 0 H/in                  ; 0 F/in                  ; short         ; -                   ; open           ; open             ; open   ; 0 in             ; 0 H/in                 ; 0 F/in                 ; short        ; open          ; open            ; open  ; 0 V                 ; -                  ; n/a           ; n/a             ; n/a         ;
; HEX3[0]       ; 2.5 V        ; 0 in              ; 0 H/in                  ; 0 F/in                  ; short         ; -                   ; open           ; open             ; open   ; 0 in             ; 0 H/in                 ; 0 F/in                 ; short        ; open          ; open            ; open  ; 0 V                 ; -                  ; n/a           ; n/a             ; n/a         ;
; HEX3[1]       ; 2.5 V        ; 0 in              ; 0 H/in                  ; 0 F/in                  ; short         ; -                   ; open           ; open             ; open   ; 0 in             ; 0 H/in                 ; 0 F/in                 ; short        ; open          ; open            ; open  ; 0 V                 ; -                  ; n/a           ; n/a             ; n/a         ;
; HEX3[2]       ; 2.5 V        ; 0 in              ; 0 H/in                  ; 0 F/in                  ; short         ; -                   ; open           ; open             ; open   ; 0 in             ; 0 H/in                 ; 0 F/in                 ; short        ; open          ; open            ; open  ; 0 V                 ; -                  ; n/a           ; n/a             ; n/a         ;
; HEX3[3]       ; 2.5 V        ; 0 in              ; 0 H/in                  ; 0 F/in                  ; short         ; -                   ; open           ; open             ; open   ; 0 in             ; 0 H/in                 ; 0 F/in                 ; short        ; open          ; open            ; open  ; 0 V                 ; -                  ; n/a           ; n/a             ; n/a         ;
; HEX3[4]       ; 2.5 V        ; 0 in              ; 0 H/in                  ; 0 F/in                  ; short         ; -                   ; open           ; open             ; open   ; 0 in             ; 0 H/in                 ; 0 F/in                 ; short        ; open          ; open            ; open  ; 0 V                 ; -                  ; n/a           ; n/a             ; n/a         ;
; HEX3[5]       ; 2.5 V        ; 0 in              ; 0 H/in                  ; 0 F/in                  ; short         ; -                   ; open           ; open             ; open   ; 0 in             ; 0 H/in                 ; 0 F/in                 ; short        ; open          ; open            ; open  ; 0 V                 ; -                  ; n/a           ; n/a             ; n/a         ;
; HEX3[6]       ; 2.5 V        ; 0 in              ; 0 H/in                  ; 0 F/in                  ; short         ; -                   ; open           ; open             ; open   ; 0 in             ; 0 H/in                 ; 0 F/in                 ; short        ; open          ; open            ; open  ; 0 V                 ; -                  ; n/a           ; n/a             ; n/a         ;
; HEX2[0]       ; 2.5 V        ; 0 in              ; 0 H/in                  ; 0 F/in                  ; short         ; -                   ; open           ; open             ; open   ; 0 in             ; 0 H/in                 ; 0 F/in                 ; short        ; open          ; open            ; open  ; 0 V                 ; -                  ; n/a           ; n/a             ; n/a         ;
; HEX2[1]       ; 2.5 V        ; 0 in              ; 0 H/in                  ; 0 F/in                  ; short         ; -                   ; open           ; open             ; open   ; 0 in             ; 0 H/in                 ; 0 F/in                 ; short        ; open          ; open            ; open  ; 0 V                 ; -                  ; n/a           ; n/a             ; n/a         ;
; HEX2[2]       ; 2.5 V        ; 0 in              ; 0 H/in                  ; 0 F/in                  ; short         ; -                   ; open           ; open             ; open   ; 0 in             ; 0 H/in                 ; 0 F/in                 ; short        ; open          ; open            ; open  ; 0 V                 ; -                  ; n/a           ; n/a             ; n/a         ;
; HEX2[3]       ; 2.5 V        ; 0 in              ; 0 H/in                  ; 0 F/in                  ; short         ; -                   ; open           ; open             ; open   ; 0 in             ; 0 H/in                 ; 0 F/in                 ; short        ; open          ; open            ; open  ; 0 V                 ; -                  ; n/a           ; n/a             ; n/a         ;
; HEX2[4]       ; 2.5 V        ; 0 in              ; 0 H/in                  ; 0 F/in                  ; short         ; -                   ; open           ; open             ; open   ; 0 in             ; 0 H/in                 ; 0 F/in                 ; short        ; open          ; open            ; open  ; 0 V                 ; -                  ; n/a           ; n/a             ; n/a         ;
; HEX2[5]       ; 2.5 V        ; 0 in              ; 0 H/in                  ; 0 F/in                  ; short         ; -                   ; open           ; open             ; open   ; 0 in             ; 0 H/in                 ; 0 F/in                 ; short        ; open          ; open            ; open  ; 0 V                 ; -                  ; n/a           ; n/a             ; n/a         ;
; HEX2[6]       ; 2.5 V        ; 0 in              ; 0 H/in                  ; 0 F/in                  ; short         ; -                   ; open           ; open             ; open   ; 0 in             ; 0 H/in                 ; 0 F/in                 ; short        ; open          ; open            ; open  ; 0 V                 ; -                  ; n/a           ; n/a             ; n/a         ;
; HEX1[0]       ; 2.5 V        ; 0 in              ; 0 H/in                  ; 0 F/in                  ; short         ; -                   ; open           ; open             ; open   ; 0 in             ; 0 H/in                 ; 0 F/in                 ; short        ; open          ; open            ; open  ; 0 V                 ; -                  ; n/a           ; n/a             ; n/a         ;
; HEX1[1]       ; 2.5 V        ; 0 in              ; 0 H/in                  ; 0 F/in                  ; short         ; -                   ; open           ; open             ; open   ; 0 in             ; 0 H/in                 ; 0 F/in                 ; short        ; open          ; open            ; open  ; 0 V                 ; -                  ; n/a           ; n/a             ; n/a         ;
; HEX1[2]       ; 2.5 V        ; 0 in              ; 0 H/in                  ; 0 F/in                  ; short         ; -                   ; open           ; open             ; open   ; 0 in             ; 0 H/in                 ; 0 F/in                 ; short        ; open          ; open            ; open  ; 0 V                 ; -                  ; n/a           ; n/a             ; n/a         ;
; HEX1[3]       ; 2.5 V        ; 0 in              ; 0 H/in                  ; 0 F/in                  ; short         ; -                   ; open           ; open             ; open   ; 0 in             ; 0 H/in                 ; 0 F/in                 ; short        ; open          ; open            ; open  ; 0 V                 ; -                  ; n/a           ; n/a             ; n/a         ;
; HEX1[4]       ; 2.5 V        ; 0 in              ; 0 H/in                  ; 0 F/in                  ; short         ; -                   ; open           ; open             ; open   ; 0 in             ; 0 H/in                 ; 0 F/in                 ; short        ; open          ; open            ; open  ; 0 V                 ; -                  ; n/a           ; n/a             ; n/a         ;
; HEX1[5]       ; 2.5 V        ; 0 in              ; 0 H/in                  ; 0 F/in                  ; short         ; -                   ; open           ; open             ; open   ; 0 in             ; 0 H/in                 ; 0 F/in                 ; short        ; open          ; open            ; open  ; 0 V                 ; -                  ; n/a           ; n/a             ; n/a         ;
; HEX1[6]       ; 2.5 V        ; 0 in              ; 0 H/in                  ; 0 F/in                  ; short         ; -                   ; open           ; open             ; open   ; 0 in             ; 0 H/in                 ; 0 F/in                 ; short        ; open          ; open            ; open  ; 0 V                 ; -                  ; n/a           ; n/a             ; n/a         ;
; HEX0[0]       ; 2.5 V        ; 0 in              ; 0 H/in                  ; 0 F/in                  ; short         ; -                   ; open           ; open             ; open   ; 0 in             ; 0 H/in                 ; 0 F/in                 ; short        ; open          ; open            ; open  ; 0 V                 ; -                  ; n/a           ; n/a             ; n/a         ;
; HEX0[1]       ; 2.5 V        ; 0 in              ; 0 H/in                  ; 0 F/in                  ; short         ; -                   ; open           ; open             ; open   ; 0 in             ; 0 H/in                 ; 0 F/in                 ; short        ; open          ; open            ; open  ; 0 V                 ; -                  ; n/a           ; n/a             ; n/a         ;
; HEX0[2]       ; 2.5 V        ; 0 in              ; 0 H/in                  ; 0 F/in                  ; short         ; -                   ; open           ; open             ; open   ; 0 in             ; 0 H/in                 ; 0 F/in                 ; short        ; open          ; open            ; open  ; 0 V                 ; -                  ; n/a           ; n/a             ; n/a         ;
; HEX0[3]       ; 2.5 V        ; 0 in              ; 0 H/in                  ; 0 F/in                  ; short         ; -                   ; open           ; open             ; open   ; 0 in             ; 0 H/in                 ; 0 F/in                 ; short        ; open          ; open            ; open  ; 0 V                 ; -                  ; n/a           ; n/a             ; n/a         ;
; HEX0[4]       ; 2.5 V        ; 0 in              ; 0 H/in                  ; 0 F/in                  ; short         ; -                   ; open           ; open             ; open   ; 0 in             ; 0 H/in                 ; 0 F/in                 ; short        ; open          ; open            ; open  ; 0 V                 ; -                  ; n/a           ; n/a             ; n/a         ;
; HEX0[5]       ; 2.5 V        ; 0 in              ; 0 H/in                  ; 0 F/in                  ; short         ; -                   ; open           ; open             ; open   ; 0 in             ; 0 H/in                 ; 0 F/in                 ; short        ; open          ; open            ; open  ; 0 V                 ; -                  ; n/a           ; n/a             ; n/a         ;
; HEX0[6]       ; 2.5 V        ; 0 in              ; 0 H/in                  ; 0 F/in                  ; short         ; -                   ; open           ; open             ; open   ; 0 in             ; 0 H/in                 ; 0 F/in                 ; short        ; open          ; open            ; open  ; 0 V                 ; -                  ; n/a           ; n/a             ; n/a         ;
; ~ALTERA_NCEO~ ; 2.5 V        ; 0 in              ; 0 H/in                  ; 0 F/in                  ; short         ; -                   ; open           ; open             ; open   ; 0 in             ; 0 H/in                 ; 0 F/in                 ; short        ; open          ; open            ; open  ; 0 V                 ; -                  ; n/a           ; n/a             ; n/a         ;
; ~ALTERA_DCLK~ ; 2.5 V        ; 0 in              ; 0 H/in                  ; 0 F/in                  ; short         ; -                   ; open           ; open             ; open   ; 0 in             ; 0 H/in                 ; 0 F/in                 ; short        ; open          ; open            ; open  ; 0 V                 ; -                  ; n/a           ; n/a             ; n/a         ;
+---------------+--------------+-------------------+-------------------------+-------------------------+---------------+---------------------+----------------+------------------+--------+------------------+------------------------+------------------------+--------------+---------------+-----------------+-------+---------------------+--------------------+---------------+-----------------+-------------+


+-------------------------------------------------------------------+
; Input Transition Times                                            ;
+----------------+--------------+-----------------+-----------------+
; Pin            ; I/O Standard ; 10-90 Rise Time ; 90-10 Fall Time ;
+----------------+--------------+-----------------+-----------------+
; clk_50M        ; 2.5 V        ; 2000 ps         ; 2000 ps         ;
; key_rst_n      ; 2.5 V        ; 2000 ps         ; 2000 ps         ;
; key_inc        ; 2.5 V        ; 2000 ps         ; 2000 ps         ;
; key_rst_num    ; 2.5 V        ; 2000 ps         ; 2000 ps         ;
; key_dec        ; 2.5 V        ; 2000 ps         ; 2000 ps         ;
; key_mode       ; 2.5 V        ; 2000 ps         ; 2000 ps         ;
; ~ALTERA_DATA0~ ; 2.5 V        ; 2000 ps         ; 2000 ps         ;
; ~ALTERA_ASDO~  ; 2.5 V        ; 2000 ps         ; 2000 ps         ;
; ~ALTERA_NCSO~  ; 2.5 V        ; 2000 ps         ; 2000 ps         ;
+----------------+--------------+-----------------+-----------------+


+--------------------------------------------------------------------------------------------------------------------------------------------------------------------------------------------------------------------------------------------------------------------------------------------------------------------------------------------------------------------------------------------------------------------------------------------------------------------------------------------------------------------------------------------------------------------------------------------------------------------------------------------------------------------------------------------+
; Signal Integrity Metrics (Slow 1200mv 0c Model)                                                                                                                                                                                                                                                                                                                                                                                                                                                                                                                                                                                                                                            ;
+---------------+--------------+---------------------+---------------------+------------------------------+------------------------------+---------------------+---------------------+--------------------------------------+--------------------------------------+-----------------------------+-----------------------------+----------------------------+----------------------------+-----------------------------+-----------------------------+--------------------+--------------------+-------------------------------------+-------------------------------------+----------------------------+----------------------------+---------------------------+---------------------------+
; Pin           ; I/O Standard ; Board Delay on Rise ; Board Delay on Fall ; Steady State Voh at FPGA Pin ; Steady State Vol at FPGA Pin ; Voh Max at FPGA Pin ; Vol Min at FPGA Pin ; Ringback Voltage on Rise at FPGA Pin ; Ringback Voltage on Fall at FPGA Pin ; 10-90 Rise Time at FPGA Pin ; 90-10 Fall Time at FPGA Pin ; Monotonic Rise at FPGA Pin ; Monotonic Fall at FPGA Pin ; Steady State Voh at Far-end ; Steady State Vol at Far-end ; Voh Max at Far-end ; Vol Min at Far-end ; Ringback Voltage on Rise at Far-end ; Ringback Voltage on Fall at Far-end ; 10-90 Rise Time at Far-end ; 90-10 Fall Time at Far-end ; Monotonic Rise at Far-end ; Monotonic Fall at Far-end ;
+---------------+--------------+---------------------+---------------------+------------------------------+------------------------------+---------------------+---------------------+--------------------------------------+--------------------------------------+-----------------------------+-----------------------------+----------------------------+----------------------------+-----------------------------+-----------------------------+--------------------+--------------------+-------------------------------------+-------------------------------------+----------------------------+----------------------------+---------------------------+---------------------------+
; HEX7[0]       ; 2.5 V        ; 0 s                 ; 0 s                 ; 2.32 V                       ; 7.29e-09 V                   ; 2.39 V              ; -0.00317 V          ; 0.179 V                              ; 0.007 V                              ; 4.7e-10 s                   ; 4.72e-10 s                  ; No                         ; Yes                        ; 2.32 V                      ; 7.29e-09 V                  ; 2.39 V             ; -0.00317 V         ; 0.179 V                             ; 0.007 V                             ; 4.7e-10 s                  ; 4.72e-10 s                 ; No                        ; Yes                       ;
; HEX7[1]       ; 2.5 V        ; 0 s                 ; 0 s                 ; 2.32 V                       ; 7.29e-09 V                   ; 2.39 V              ; -0.00317 V          ; 0.179 V                              ; 0.007 V                              ; 4.7e-10 s                   ; 4.72e-10 s                  ; No                         ; Yes                        ; 2.32 V                      ; 7.29e-09 V                  ; 2.39 V             ; -0.00317 V         ; 0.179 V                             ; 0.007 V                             ; 4.7e-10 s                  ; 4.72e-10 s                 ; No                        ; Yes                       ;
; HEX7[2]       ; 2.5 V        ; 0 s                 ; 0 s                 ; 2.32 V                       ; 7.29e-09 V                   ; 2.39 V              ; -0.00317 V          ; 0.179 V                              ; 0.007 V                              ; 4.7e-10 s                   ; 4.72e-10 s                  ; No                         ; Yes                        ; 2.32 V                      ; 7.29e-09 V                  ; 2.39 V             ; -0.00317 V         ; 0.179 V                             ; 0.007 V                             ; 4.7e-10 s                  ; 4.72e-10 s                 ; No                        ; Yes                       ;
; HEX7[3]       ; 2.5 V        ; 0 s                 ; 0 s                 ; 2.32 V                       ; 7.29e-09 V                   ; 2.39 V              ; -0.00317 V          ; 0.179 V                              ; 0.007 V                              ; 4.7e-10 s                   ; 4.72e-10 s                  ; No                         ; Yes                        ; 2.32 V                      ; 7.29e-09 V                  ; 2.39 V             ; -0.00317 V         ; 0.179 V                             ; 0.007 V                             ; 4.7e-10 s                  ; 4.72e-10 s                 ; No                        ; Yes                       ;
; HEX7[4]       ; 2.5 V        ; 0 s                 ; 0 s                 ; 2.32 V                       ; 7.29e-09 V                   ; 2.39 V              ; -0.00317 V          ; 0.179 V                              ; 0.007 V                              ; 4.7e-10 s                   ; 4.72e-10 s                  ; No                         ; Yes                        ; 2.32 V                      ; 7.29e-09 V                  ; 2.39 V             ; -0.00317 V         ; 0.179 V                             ; 0.007 V                             ; 4.7e-10 s                  ; 4.72e-10 s                 ; No                        ; Yes                       ;
; HEX7[5]       ; 2.5 V        ; 0 s                 ; 0 s                 ; 2.32 V                       ; 7.29e-09 V                   ; 2.34 V              ; -0.00668 V          ; 0.218 V                              ; 0.076 V                              ; 1.92e-09 s                  ; 1.81e-09 s                  ; No                         ; Yes                        ; 2.32 V                      ; 7.29e-09 V                  ; 2.34 V             ; -0.00668 V         ; 0.218 V                             ; 0.076 V                             ; 1.92e-09 s                 ; 1.81e-09 s                 ; No                        ; Yes                       ;
; HEX7[6]       ; 2.5 V        ; 0 s                 ; 0 s                 ; 2.32 V                       ; 7.29e-09 V                   ; 2.39 V              ; -0.00339 V          ; 0.206 V                              ; 0.007 V                              ; 2.77e-10 s                  ; 3.24e-10 s                  ; Yes                        ; Yes                        ; 2.32 V                      ; 7.29e-09 V                  ; 2.39 V             ; -0.00339 V         ; 0.206 V                             ; 0.007 V                             ; 2.77e-10 s                 ; 3.24e-10 s                 ; Yes                       ; Yes                       ;
; HEX6[0]       ; 2.5 V        ; 0 s                 ; 0 s                 ; 2.32 V                       ; 7.29e-09 V                   ; 2.39 V              ; -0.00317 V          ; 0.179 V                              ; 0.007 V                              ; 4.7e-10 s                   ; 4.72e-10 s                  ; No                         ; Yes                        ; 2.32 V                      ; 7.29e-09 V                  ; 2.39 V             ; -0.00317 V         ; 0.179 V                             ; 0.007 V                             ; 4.7e-10 s                  ; 4.72e-10 s                 ; No                        ; Yes                       ;
; HEX6[1]       ; 2.5 V        ; 0 s                 ; 0 s                 ; 2.32 V                       ; 7.29e-09 V                   ; 2.39 V              ; -0.00317 V          ; 0.179 V                              ; 0.007 V                              ; 4.7e-10 s                   ; 4.72e-10 s                  ; No                         ; Yes                        ; 2.32 V                      ; 7.29e-09 V                  ; 2.39 V             ; -0.00317 V         ; 0.179 V                             ; 0.007 V                             ; 4.7e-10 s                  ; 4.72e-10 s                 ; No                        ; Yes                       ;
; HEX6[2]       ; 2.5 V        ; 0 s                 ; 0 s                 ; 2.32 V                       ; 7.29e-09 V                   ; 2.39 V              ; -0.00317 V          ; 0.179 V                              ; 0.007 V                              ; 4.7e-10 s                   ; 4.72e-10 s                  ; No                         ; Yes                        ; 2.32 V                      ; 7.29e-09 V                  ; 2.39 V             ; -0.00317 V         ; 0.179 V                             ; 0.007 V                             ; 4.7e-10 s                  ; 4.72e-10 s                 ; No                        ; Yes                       ;
; HEX6[3]       ; 2.5 V        ; 0 s                 ; 0 s                 ; 2.32 V                       ; 7.29e-09 V                   ; 2.39 V              ; -0.00317 V          ; 0.179 V                              ; 0.007 V                              ; 4.7e-10 s                   ; 4.72e-10 s                  ; No                         ; Yes                        ; 2.32 V                      ; 7.29e-09 V                  ; 2.39 V             ; -0.00317 V         ; 0.179 V                             ; 0.007 V                             ; 4.7e-10 s                  ; 4.72e-10 s                 ; No                        ; Yes                       ;
; HEX6[4]       ; 2.5 V        ; 0 s                 ; 0 s                 ; 2.32 V                       ; 7.29e-09 V                   ; 2.39 V              ; -0.00317 V          ; 0.179 V                              ; 0.007 V                              ; 4.7e-10 s                   ; 4.72e-10 s                  ; No                         ; Yes                        ; 2.32 V                      ; 7.29e-09 V                  ; 2.39 V             ; -0.00317 V         ; 0.179 V                             ; 0.007 V                             ; 4.7e-10 s                  ; 4.72e-10 s                 ; No                        ; Yes                       ;
; HEX6[5]       ; 2.5 V        ; 0 s                 ; 0 s                 ; 2.32 V                       ; 7.29e-09 V                   ; 2.39 V              ; -0.00317 V          ; 0.179 V                              ; 0.007 V                              ; 4.7e-10 s                   ; 4.72e-10 s                  ; No                         ; Yes                        ; 2.32 V                      ; 7.29e-09 V                  ; 2.39 V             ; -0.00317 V         ; 0.179 V                             ; 0.007 V                             ; 4.7e-10 s                  ; 4.72e-10 s                 ; No                        ; Yes                       ;
; HEX6[6]       ; 2.5 V        ; 0 s                 ; 0 s                 ; 2.32 V                       ; 7.29e-09 V                   ; 2.39 V              ; -0.00317 V          ; 0.179 V                              ; 0.007 V                              ; 4.7e-10 s                   ; 4.72e-10 s                  ; No                         ; Yes                        ; 2.32 V                      ; 7.29e-09 V                  ; 2.39 V             ; -0.00317 V         ; 0.179 V                             ; 0.007 V                             ; 4.7e-10 s                  ; 4.72e-10 s                 ; No                        ; Yes                       ;
; HEX5[0]       ; 2.5 V        ; 0 s                 ; 0 s                 ; 2.32 V                       ; 7.29e-09 V                   ; 2.39 V              ; -0.00317 V          ; 0.179 V                              ; 0.007 V                              ; 4.7e-10 s                   ; 4.72e-10 s                  ; No                         ; Yes                        ; 2.32 V                      ; 7.29e-09 V                  ; 2.39 V             ; -0.00317 V         ; 0.179 V                             ; 0.007 V                             ; 4.7e-10 s                  ; 4.72e-10 s                 ; No                        ; Yes                       ;
; HEX5[1]       ; 2.5 V        ; 0 s                 ; 0 s                 ; 2.32 V                       ; 5.16e-09 V                   ; 2.4 V               ; -0.00557 V          ; 0.238 V                              ; 0.014 V                              ; 2.9e-10 s                   ; 3.48e-10 s                  ; No                         ; Yes                        ; 2.32 V                      ; 5.16e-09 V                  ; 2.4 V              ; -0.00557 V         ; 0.238 V                             ; 0.014 V                             ; 2.9e-10 s                  ; 3.48e-10 s                 ; No                        ; Yes                       ;
; HEX5[2]       ; 2.5 V        ; 0 s                 ; 0 s                 ; 2.32 V                       ; 5.16e-09 V                   ; 2.37 V              ; -0.00861 V          ; 0.168 V                              ; 0.038 V                              ; 6.79e-10 s                  ; 6.49e-10 s                  ; No                         ; Yes                        ; 2.32 V                      ; 5.16e-09 V                  ; 2.37 V             ; -0.00861 V         ; 0.168 V                             ; 0.038 V                             ; 6.79e-10 s                 ; 6.49e-10 s                 ; No                        ; Yes                       ;
; HEX5[3]       ; 2.5 V        ; 0 s                 ; 0 s                 ; 2.32 V                       ; 5.16e-09 V                   ; 2.37 V              ; -0.00861 V          ; 0.168 V                              ; 0.038 V                              ; 6.79e-10 s                  ; 6.49e-10 s                  ; No                         ; Yes                        ; 2.32 V                      ; 5.16e-09 V                  ; 2.37 V             ; -0.00861 V         ; 0.168 V                             ; 0.038 V                             ; 6.79e-10 s                 ; 6.49e-10 s                 ; No                        ; Yes                       ;
; HEX5[4]       ; 2.5 V        ; 0 s                 ; 0 s                 ; 2.32 V                       ; 5.16e-09 V                   ; 2.37 V              ; -0.00861 V          ; 0.168 V                              ; 0.038 V                              ; 6.79e-10 s                  ; 6.49e-10 s                  ; No                         ; Yes                        ; 2.32 V                      ; 5.16e-09 V                  ; 2.37 V             ; -0.00861 V         ; 0.168 V                             ; 0.038 V                             ; 6.79e-10 s                 ; 6.49e-10 s                 ; No                        ; Yes                       ;
; HEX5[5]       ; 2.5 V        ; 0 s                 ; 0 s                 ; 2.32 V                       ; 5.16e-09 V                   ; 2.37 V              ; -0.00861 V          ; 0.168 V                              ; 0.038 V                              ; 6.79e-10 s                  ; 6.49e-10 s                  ; No                         ; Yes                        ; 2.32 V                      ; 5.16e-09 V                  ; 2.37 V             ; -0.00861 V         ; 0.168 V                             ; 0.038 V                             ; 6.79e-10 s                 ; 6.49e-10 s                 ; No                        ; Yes                       ;
; HEX5[6]       ; 2.5 V        ; 0 s                 ; 0 s                 ; 2.32 V                       ; 5.16e-09 V                   ; 2.37 V              ; -0.00861 V          ; 0.168 V                              ; 0.038 V                              ; 6.79e-10 s                  ; 6.49e-10 s                  ; No                         ; Yes                        ; 2.32 V                      ; 5.16e-09 V                  ; 2.37 V             ; -0.00861 V         ; 0.168 V                             ; 0.038 V                             ; 6.79e-10 s                 ; 6.49e-10 s                 ; No                        ; Yes                       ;
; HEX4[0]       ; 2.5 V        ; 0 s                 ; 0 s                 ; 2.32 V                       ; 5.16e-09 V                   ; 2.37 V              ; -0.00861 V          ; 0.168 V                              ; 0.038 V                              ; 6.79e-10 s                  ; 6.49e-10 s                  ; No                         ; Yes                        ; 2.32 V                      ; 5.16e-09 V                  ; 2.37 V             ; -0.00861 V         ; 0.168 V                             ; 0.038 V                             ; 6.79e-10 s                 ; 6.49e-10 s                 ; No                        ; Yes                       ;
; HEX4[1]       ; 2.5 V        ; 0 s                 ; 0 s                 ; 2.32 V                       ; 5.16e-09 V                   ; 2.37 V              ; -0.00861 V          ; 0.168 V                              ; 0.038 V                              ; 6.79e-10 s                  ; 6.49e-10 s                  ; No                         ; Yes                        ; 2.32 V                      ; 5.16e-09 V                  ; 2.37 V             ; -0.00861 V         ; 0.168 V                             ; 0.038 V                             ; 6.79e-10 s                 ; 6.49e-10 s                 ; No                        ; Yes                       ;
; HEX4[2]       ; 2.5 V        ; 0 s                 ; 0 s                 ; 2.32 V                       ; 5.16e-09 V                   ; 2.34 V              ; -0.00633 V          ; 0.232 V                              ; 0.083 V                              ; 1.94e-09 s                  ; 1.83e-09 s                  ; No                         ; Yes                        ; 2.32 V                      ; 5.16e-09 V                  ; 2.34 V             ; -0.00633 V         ; 0.232 V                             ; 0.083 V                             ; 1.94e-09 s                 ; 1.83e-09 s                 ; No                        ; Yes                       ;
; HEX4[3]       ; 2.5 V        ; 0 s                 ; 0 s                 ; 2.32 V                       ; 5.16e-09 V                   ; 2.37 V              ; -0.00861 V          ; 0.168 V                              ; 0.038 V                              ; 6.79e-10 s                  ; 6.49e-10 s                  ; No                         ; Yes                        ; 2.32 V                      ; 5.16e-09 V                  ; 2.37 V             ; -0.00861 V         ; 0.168 V                             ; 0.038 V                             ; 6.79e-10 s                 ; 6.49e-10 s                 ; No                        ; Yes                       ;
; HEX4[4]       ; 2.5 V        ; 0 s                 ; 0 s                 ; 2.32 V                       ; 5.16e-09 V                   ; 2.37 V              ; -0.00861 V          ; 0.168 V                              ; 0.038 V                              ; 6.79e-10 s                  ; 6.49e-10 s                  ; No                         ; Yes                        ; 2.32 V                      ; 5.16e-09 V                  ; 2.37 V             ; -0.00861 V         ; 0.168 V                             ; 0.038 V                             ; 6.79e-10 s                 ; 6.49e-10 s                 ; No                        ; Yes                       ;
; HEX4[5]       ; 2.5 V        ; 0 s                 ; 0 s                 ; 2.32 V                       ; 5.16e-09 V                   ; 2.37 V              ; -0.00861 V          ; 0.168 V                              ; 0.038 V                              ; 6.79e-10 s                  ; 6.49e-10 s                  ; No                         ; Yes                        ; 2.32 V                      ; 5.16e-09 V                  ; 2.37 V             ; -0.00861 V         ; 0.168 V                             ; 0.038 V                             ; 6.79e-10 s                 ; 6.49e-10 s                 ; No                        ; Yes                       ;
; HEX4[6]       ; 2.5 V        ; 0 s                 ; 0 s                 ; 2.32 V                       ; 5.16e-09 V                   ; 2.37 V              ; -0.00861 V          ; 0.168 V                              ; 0.038 V                              ; 6.79e-10 s                  ; 6.49e-10 s                  ; No                         ; Yes                        ; 2.32 V                      ; 5.16e-09 V                  ; 2.37 V             ; -0.00861 V         ; 0.168 V                             ; 0.038 V                             ; 6.79e-10 s                 ; 6.49e-10 s                 ; No                        ; Yes                       ;
; HEX3[0]       ; 2.5 V        ; 0 s                 ; 0 s                 ; 2.32 V                       ; 7.29e-09 V                   ; 2.39 V              ; -0.00339 V          ; 0.206 V                              ; 0.007 V                              ; 2.77e-10 s                  ; 3.24e-10 s                  ; Yes                        ; Yes                        ; 2.32 V                      ; 7.29e-09 V                  ; 2.39 V             ; -0.00339 V         ; 0.206 V                             ; 0.007 V                             ; 2.77e-10 s                 ; 3.24e-10 s                 ; Yes                       ; Yes                       ;
; HEX3[1]       ; 2.5 V        ; 0 s                 ; 0 s                 ; 2.32 V                       ; 5.16e-09 V                   ; 2.37 V              ; -0.00861 V          ; 0.168 V                              ; 0.038 V                              ; 6.79e-10 s                  ; 6.49e-10 s                  ; No                         ; Yes                        ; 2.32 V                      ; 5.16e-09 V                  ; 2.37 V             ; -0.00861 V         ; 0.168 V                             ; 0.038 V                             ; 6.79e-10 s                 ; 6.49e-10 s                 ; No                        ; Yes                       ;
; HEX3[2]       ; 2.5 V        ; 0 s                 ; 0 s                 ; 2.32 V                       ; 7.29e-09 V                   ; 2.39 V              ; -0.00317 V          ; 0.179 V                              ; 0.007 V                              ; 4.7e-10 s                   ; 4.72e-10 s                  ; No                         ; Yes                        ; 2.32 V                      ; 7.29e-09 V                  ; 2.39 V             ; -0.00317 V         ; 0.179 V                             ; 0.007 V                             ; 4.7e-10 s                  ; 4.72e-10 s                 ; No                        ; Yes                       ;
; HEX3[3]       ; 2.5 V        ; 0 s                 ; 0 s                 ; 2.32 V                       ; 7.29e-09 V                   ; 2.39 V              ; -0.00317 V          ; 0.179 V                              ; 0.007 V                              ; 4.7e-10 s                   ; 4.72e-10 s                  ; No                         ; Yes                        ; 2.32 V                      ; 7.29e-09 V                  ; 2.39 V             ; -0.00317 V         ; 0.179 V                             ; 0.007 V                             ; 4.7e-10 s                  ; 4.72e-10 s                 ; No                        ; Yes                       ;
; HEX3[4]       ; 2.5 V        ; 0 s                 ; 0 s                 ; 2.32 V                       ; 5.16e-09 V                   ; 2.37 V              ; -0.00861 V          ; 0.168 V                              ; 0.038 V                              ; 6.79e-10 s                  ; 6.49e-10 s                  ; No                         ; Yes                        ; 2.32 V                      ; 5.16e-09 V                  ; 2.37 V             ; -0.00861 V         ; 0.168 V                             ; 0.038 V                             ; 6.79e-10 s                 ; 6.49e-10 s                 ; No                        ; Yes                       ;
; HEX3[5]       ; 2.5 V        ; 0 s                 ; 0 s                 ; 2.32 V                       ; 5.16e-09 V                   ; 2.37 V              ; -0.00861 V          ; 0.168 V                              ; 0.038 V                              ; 6.79e-10 s                  ; 6.49e-10 s                  ; No                         ; Yes                        ; 2.32 V                      ; 5.16e-09 V                  ; 2.37 V             ; -0.00861 V         ; 0.168 V                             ; 0.038 V                             ; 6.79e-10 s                 ; 6.49e-10 s                 ; No                        ; Yes                       ;
; HEX3[6]       ; 2.5 V        ; 0 s                 ; 0 s                 ; 2.32 V                       ; 5.16e-09 V                   ; 2.37 V              ; -0.00861 V          ; 0.168 V                              ; 0.038 V                              ; 6.79e-10 s                  ; 6.49e-10 s                  ; No                         ; Yes                        ; 2.32 V                      ; 5.16e-09 V                  ; 2.37 V             ; -0.00861 V         ; 0.168 V                             ; 0.038 V                             ; 6.79e-10 s                 ; 6.49e-10 s                 ; No                        ; Yes                       ;
; HEX2[0]       ; 2.5 V        ; 0 s                 ; 0 s                 ; 2.32 V                       ; 7.29e-09 V                   ; 2.39 V              ; -0.00317 V          ; 0.179 V                              ; 0.007 V                              ; 4.7e-10 s                   ; 4.72e-10 s                  ; No                         ; Yes                        ; 2.32 V                      ; 7.29e-09 V                  ; 2.39 V             ; -0.00317 V         ; 0.179 V                             ; 0.007 V                             ; 4.7e-10 s                  ; 4.72e-10 s                 ; No                        ; Yes                       ;
; HEX2[1]       ; 2.5 V        ; 0 s                 ; 0 s                 ; 2.32 V                       ; 5.16e-09 V                   ; 2.37 V              ; -0.00861 V          ; 0.168 V                              ; 0.038 V                              ; 6.79e-10 s                  ; 6.49e-10 s                  ; No                         ; Yes                        ; 2.32 V                      ; 5.16e-09 V                  ; 2.37 V             ; -0.00861 V         ; 0.168 V                             ; 0.038 V                             ; 6.79e-10 s                 ; 6.49e-10 s                 ; No                        ; Yes                       ;
; HEX2[2]       ; 2.5 V        ; 0 s                 ; 0 s                 ; 2.32 V                       ; 5.16e-09 V                   ; 2.4 V               ; -0.00557 V          ; 0.238 V                              ; 0.014 V                              ; 2.9e-10 s                   ; 3.48e-10 s                  ; No                         ; Yes                        ; 2.32 V                      ; 5.16e-09 V                  ; 2.4 V              ; -0.00557 V         ; 0.238 V                             ; 0.014 V                             ; 2.9e-10 s                  ; 3.48e-10 s                 ; No                        ; Yes                       ;
; HEX2[3]       ; 2.5 V        ; 0 s                 ; 0 s                 ; 2.32 V                       ; 7.29e-09 V                   ; 2.39 V              ; -0.00317 V          ; 0.179 V                              ; 0.007 V                              ; 4.7e-10 s                   ; 4.72e-10 s                  ; No                         ; Yes                        ; 2.32 V                      ; 7.29e-09 V                  ; 2.39 V             ; -0.00317 V         ; 0.179 V                             ; 0.007 V                             ; 4.7e-10 s                  ; 4.72e-10 s                 ; No                        ; Yes                       ;
; HEX2[4]       ; 2.5 V        ; 0 s                 ; 0 s                 ; 2.32 V                       ; 5.16e-09 V                   ; 2.4 V               ; -0.00557 V          ; 0.238 V                              ; 0.014 V                              ; 2.9e-10 s                   ; 3.48e-10 s                  ; No                         ; Yes                        ; 2.32 V                      ; 5.16e-09 V                  ; 2.4 V              ; -0.00557 V         ; 0.238 V                             ; 0.014 V                             ; 2.9e-10 s                  ; 3.48e-10 s                 ; No                        ; Yes                       ;
; HEX2[5]       ; 2.5 V        ; 0 s                 ; 0 s                 ; 2.32 V                       ; 5.16e-09 V                   ; 2.37 V              ; -0.00861 V          ; 0.168 V                              ; 0.038 V                              ; 6.79e-10 s                  ; 6.49e-10 s                  ; No                         ; Yes                        ; 2.32 V                      ; 5.16e-09 V                  ; 2.37 V             ; -0.00861 V         ; 0.168 V                             ; 0.038 V                             ; 6.79e-10 s                 ; 6.49e-10 s                 ; No                        ; Yes                       ;
; HEX2[6]       ; 2.5 V        ; 0 s                 ; 0 s                 ; 2.32 V                       ; 5.16e-09 V                   ; 2.37 V              ; -0.00861 V          ; 0.168 V                              ; 0.038 V                              ; 6.79e-10 s                  ; 6.49e-10 s                  ; No                         ; Yes                        ; 2.32 V                      ; 5.16e-09 V                  ; 2.37 V             ; -0.00861 V         ; 0.168 V                             ; 0.038 V                             ; 6.79e-10 s                 ; 6.49e-10 s                 ; No                        ; Yes                       ;
; HEX1[0]       ; 2.5 V        ; 0 s                 ; 0 s                 ; 2.32 V                       ; 5.16e-09 V                   ; 2.34 V              ; -0.00633 V          ; 0.232 V                              ; 0.083 V                              ; 1.94e-09 s                  ; 1.83e-09 s                  ; No                         ; Yes                        ; 2.32 V                      ; 5.16e-09 V                  ; 2.34 V             ; -0.00633 V         ; 0.232 V                             ; 0.083 V                             ; 1.94e-09 s                 ; 1.83e-09 s                 ; No                        ; Yes                       ;
; HEX1[1]       ; 2.5 V        ; 0 s                 ; 0 s                 ; 2.32 V                       ; 5.16e-09 V                   ; 2.37 V              ; -0.00861 V          ; 0.168 V                              ; 0.038 V                              ; 6.79e-10 s                  ; 6.49e-10 s                  ; No                         ; Yes                        ; 2.32 V                      ; 5.16e-09 V                  ; 2.37 V             ; -0.00861 V         ; 0.168 V                             ; 0.038 V                             ; 6.79e-10 s                 ; 6.49e-10 s                 ; No                        ; Yes                       ;
; HEX1[2]       ; 2.5 V        ; 0 s                 ; 0 s                 ; 2.32 V                       ; 5.16e-09 V                   ; 2.37 V              ; -0.00861 V          ; 0.168 V                              ; 0.038 V                              ; 6.79e-10 s                  ; 6.49e-10 s                  ; No                         ; Yes                        ; 2.32 V                      ; 5.16e-09 V                  ; 2.37 V             ; -0.00861 V         ; 0.168 V                             ; 0.038 V                             ; 6.79e-10 s                 ; 6.49e-10 s                 ; No                        ; Yes                       ;
; HEX1[3]       ; 2.5 V        ; 0 s                 ; 0 s                 ; 2.32 V                       ; 5.16e-09 V                   ; 2.37 V              ; -0.00861 V          ; 0.168 V                              ; 0.038 V                              ; 6.79e-10 s                  ; 6.49e-10 s                  ; No                         ; Yes                        ; 2.32 V                      ; 5.16e-09 V                  ; 2.37 V             ; -0.00861 V         ; 0.168 V                             ; 0.038 V                             ; 6.79e-10 s                 ; 6.49e-10 s                 ; No                        ; Yes                       ;
; HEX1[4]       ; 2.5 V        ; 0 s                 ; 0 s                 ; 2.32 V                       ; 5.16e-09 V                   ; 2.37 V              ; -0.00861 V          ; 0.168 V                              ; 0.038 V                              ; 6.79e-10 s                  ; 6.49e-10 s                  ; No                         ; Yes                        ; 2.32 V                      ; 5.16e-09 V                  ; 2.37 V             ; -0.00861 V         ; 0.168 V                             ; 0.038 V                             ; 6.79e-10 s                 ; 6.49e-10 s                 ; No                        ; Yes                       ;
; HEX1[5]       ; 2.5 V        ; 0 s                 ; 0 s                 ; 2.32 V                       ; 5.16e-09 V                   ; 2.37 V              ; -0.00861 V          ; 0.168 V                              ; 0.038 V                              ; 6.79e-10 s                  ; 6.49e-10 s                  ; No                         ; Yes                        ; 2.32 V                      ; 5.16e-09 V                  ; 2.37 V             ; -0.00861 V         ; 0.168 V                             ; 0.038 V                             ; 6.79e-10 s                 ; 6.49e-10 s                 ; No                        ; Yes                       ;
; HEX1[6]       ; 2.5 V        ; 0 s                 ; 0 s                 ; 2.32 V                       ; 5.16e-09 V                   ; 2.4 V               ; -0.00557 V          ; 0.238 V                              ; 0.014 V                              ; 2.9e-10 s                   ; 3.48e-10 s                  ; No                         ; Yes                        ; 2.32 V                      ; 5.16e-09 V                  ; 2.4 V              ; -0.00557 V         ; 0.238 V                             ; 0.014 V                             ; 2.9e-10 s                  ; 3.48e-10 s                 ; No                        ; Yes                       ;
; HEX0[0]       ; 2.5 V        ; 0 s                 ; 0 s                 ; 2.32 V                       ; 5.16e-09 V                   ; 2.37 V              ; -0.00861 V          ; 0.168 V                              ; 0.038 V                              ; 6.79e-10 s                  ; 6.49e-10 s                  ; No                         ; Yes                        ; 2.32 V                      ; 5.16e-09 V                  ; 2.37 V             ; -0.00861 V         ; 0.168 V                             ; 0.038 V                             ; 6.79e-10 s                 ; 6.49e-10 s                 ; No                        ; Yes                       ;
; HEX0[1]       ; 2.5 V        ; 0 s                 ; 0 s                 ; 2.32 V                       ; 5.16e-09 V                   ; 2.37 V              ; -0.00861 V          ; 0.168 V                              ; 0.038 V                              ; 6.79e-10 s                  ; 6.49e-10 s                  ; No                         ; Yes                        ; 2.32 V                      ; 5.16e-09 V                  ; 2.37 V             ; -0.00861 V         ; 0.168 V                             ; 0.038 V                             ; 6.79e-10 s                 ; 6.49e-10 s                 ; No                        ; Yes                       ;
; HEX0[2]       ; 2.5 V        ; 0 s                 ; 0 s                 ; 2.32 V                       ; 7.29e-09 V                   ; 2.39 V              ; -0.00317 V          ; 0.179 V                              ; 0.007 V                              ; 4.7e-10 s                   ; 4.72e-10 s                  ; No                         ; Yes                        ; 2.32 V                      ; 7.29e-09 V                  ; 2.39 V             ; -0.00317 V         ; 0.179 V                             ; 0.007 V                             ; 4.7e-10 s                  ; 4.72e-10 s                 ; No                        ; Yes                       ;
; HEX0[3]       ; 2.5 V        ; 0 s                 ; 0 s                 ; 2.32 V                       ; 7.29e-09 V                   ; 2.39 V              ; -0.00317 V          ; 0.179 V                              ; 0.007 V                              ; 4.7e-10 s                   ; 4.72e-10 s                  ; No                         ; Yes                        ; 2.32 V                      ; 7.29e-09 V                  ; 2.39 V             ; -0.00317 V         ; 0.179 V                             ; 0.007 V                             ; 4.7e-10 s                  ; 4.72e-10 s                 ; No                        ; Yes                       ;
; HEX0[4]       ; 2.5 V        ; 0 s                 ; 0 s                 ; 2.32 V                       ; 7.29e-09 V                   ; 2.39 V              ; -0.00339 V          ; 0.206 V                              ; 0.007 V                              ; 2.77e-10 s                  ; 3.24e-10 s                  ; Yes                        ; Yes                        ; 2.32 V                      ; 7.29e-09 V                  ; 2.39 V             ; -0.00339 V         ; 0.206 V                             ; 0.007 V                             ; 2.77e-10 s                 ; 3.24e-10 s                 ; Yes                       ; Yes                       ;
; HEX0[5]       ; 2.5 V        ; 0 s                 ; 0 s                 ; 2.32 V                       ; 7.29e-09 V                   ; 2.39 V              ; -0.00339 V          ; 0.206 V                              ; 0.007 V                              ; 2.77e-10 s                  ; 3.24e-10 s                  ; Yes                        ; Yes                        ; 2.32 V                      ; 7.29e-09 V                  ; 2.39 V             ; -0.00339 V         ; 0.206 V                             ; 0.007 V                             ; 2.77e-10 s                 ; 3.24e-10 s                 ; Yes                       ; Yes                       ;
; HEX0[6]       ; 2.5 V        ; 0 s                 ; 0 s                 ; 2.32 V                       ; 5.16e-09 V                   ; 2.37 V              ; -0.00861 V          ; 0.168 V                              ; 0.038 V                              ; 6.79e-10 s                  ; 6.49e-10 s                  ; No                         ; Yes                        ; 2.32 V                      ; 5.16e-09 V                  ; 2.37 V             ; -0.00861 V         ; 0.168 V                             ; 0.038 V                             ; 6.79e-10 s                 ; 6.49e-10 s                 ; No                        ; Yes                       ;
; ~ALTERA_NCEO~ ; 2.5 V        ; 0 s                 ; 0 s                 ; 2.32 V                       ; 4.76e-09 V                   ; 2.4 V               ; -0.034 V            ; 0.102 V                              ; 0.065 V                              ; 2.49e-10 s                  ; 3.49e-10 s                  ; Yes                        ; Yes                        ; 2.32 V                      ; 4.76e-09 V                  ; 2.4 V              ; -0.034 V           ; 0.102 V                             ; 0.065 V                             ; 2.49e-10 s                 ; 3.49e-10 s                 ; Yes                       ; Yes                       ;
; ~ALTERA_DCLK~ ; 2.5 V        ; 0 s                 ; 0 s                 ; 2.32 V                       ; 5.95e-09 V                   ; 2.38 V              ; -0.0345 V           ; 0.156 V                              ; 0.089 V                              ; 2.68e-10 s                  ; 2.6e-10 s                   ; Yes                        ; Yes                        ; 2.32 V                      ; 5.95e-09 V                  ; 2.38 V             ; -0.0345 V          ; 0.156 V                             ; 0.089 V                             ; 2.68e-10 s                 ; 2.6e-10 s                  ; Yes                       ; Yes                       ;
+---------------+--------------+---------------------+---------------------+------------------------------+------------------------------+---------------------+---------------------+--------------------------------------+--------------------------------------+-----------------------------+-----------------------------+----------------------------+----------------------------+-----------------------------+-----------------------------+--------------------+--------------------+-------------------------------------+-------------------------------------+----------------------------+----------------------------+---------------------------+---------------------------+


+--------------------------------------------------------------------------------------------------------------------------------------------------------------------------------------------------------------------------------------------------------------------------------------------------------------------------------------------------------------------------------------------------------------------------------------------------------------------------------------------------------------------------------------------------------------------------------------------------------------------------------------------------------------------------------------------+
; Signal Integrity Metrics (Slow 1200mv 85c Model)                                                                                                                                                                                                                                                                                                                                                                                                                                                                                                                                                                                                                                           ;
+---------------+--------------+---------------------+---------------------+------------------------------+------------------------------+---------------------+---------------------+--------------------------------------+--------------------------------------+-----------------------------+-----------------------------+----------------------------+----------------------------+-----------------------------+-----------------------------+--------------------+--------------------+-------------------------------------+-------------------------------------+----------------------------+----------------------------+---------------------------+---------------------------+
; Pin           ; I/O Standard ; Board Delay on Rise ; Board Delay on Fall ; Steady State Voh at FPGA Pin ; Steady State Vol at FPGA Pin ; Voh Max at FPGA Pin ; Vol Min at FPGA Pin ; Ringback Voltage on Rise at FPGA Pin ; Ringback Voltage on Fall at FPGA Pin ; 10-90 Rise Time at FPGA Pin ; 90-10 Fall Time at FPGA Pin ; Monotonic Rise at FPGA Pin ; Monotonic Fall at FPGA Pin ; Steady State Voh at Far-end ; Steady State Vol at Far-end ; Voh Max at Far-end ; Vol Min at Far-end ; Ringback Voltage on Rise at Far-end ; Ringback Voltage on Fall at Far-end ; 10-90 Rise Time at Far-end ; 90-10 Fall Time at Far-end ; Monotonic Rise at Far-end ; Monotonic Fall at Far-end ;
+---------------+--------------+---------------------+---------------------+------------------------------+------------------------------+---------------------+---------------------+--------------------------------------+--------------------------------------+-----------------------------+-----------------------------+----------------------------+----------------------------+-----------------------------+-----------------------------+--------------------+--------------------+-------------------------------------+-------------------------------------+----------------------------+----------------------------+---------------------------+---------------------------+
; HEX7[0]       ; 2.5 V        ; 0 s                 ; 0 s                 ; 2.32 V                       ; 1.21e-06 V                   ; 2.36 V              ; -0.00833 V          ; 0.113 V                              ; 0.035 V                              ; 6.32e-10 s                  ; 5.89e-10 s                  ; No                         ; Yes                        ; 2.32 V                      ; 1.21e-06 V                  ; 2.36 V             ; -0.00833 V         ; 0.113 V                             ; 0.035 V                             ; 6.32e-10 s                 ; 5.89e-10 s                 ; No                        ; Yes                       ;
; HEX7[1]       ; 2.5 V        ; 0 s                 ; 0 s                 ; 2.32 V                       ; 1.21e-06 V                   ; 2.36 V              ; -0.00833 V          ; 0.113 V                              ; 0.035 V                              ; 6.32e-10 s                  ; 5.89e-10 s                  ; No                         ; Yes                        ; 2.32 V                      ; 1.21e-06 V                  ; 2.36 V             ; -0.00833 V         ; 0.113 V                             ; 0.035 V                             ; 6.32e-10 s                 ; 5.89e-10 s                 ; No                        ; Yes                       ;
; HEX7[2]       ; 2.5 V        ; 0 s                 ; 0 s                 ; 2.32 V                       ; 1.21e-06 V                   ; 2.36 V              ; -0.00833 V          ; 0.113 V                              ; 0.035 V                              ; 6.32e-10 s                  ; 5.89e-10 s                  ; No                         ; Yes                        ; 2.32 V                      ; 1.21e-06 V                  ; 2.36 V             ; -0.00833 V         ; 0.113 V                             ; 0.035 V                             ; 6.32e-10 s                 ; 5.89e-10 s                 ; No                        ; Yes                       ;
; HEX7[3]       ; 2.5 V        ; 0 s                 ; 0 s                 ; 2.32 V                       ; 1.21e-06 V                   ; 2.36 V              ; -0.00833 V          ; 0.113 V                              ; 0.035 V                              ; 6.32e-10 s                  ; 5.89e-10 s                  ; No                         ; Yes                        ; 2.32 V                      ; 1.21e-06 V                  ; 2.36 V             ; -0.00833 V         ; 0.113 V                             ; 0.035 V                             ; 6.32e-10 s                 ; 5.89e-10 s                 ; No                        ; Yes                       ;
; HEX7[4]       ; 2.5 V        ; 0 s                 ; 0 s                 ; 2.32 V                       ; 1.21e-06 V                   ; 2.36 V              ; -0.00833 V          ; 0.113 V                              ; 0.035 V                              ; 6.32e-10 s                  ; 5.89e-10 s                  ; No                         ; Yes                        ; 2.32 V                      ; 1.21e-06 V                  ; 2.36 V             ; -0.00833 V         ; 0.113 V                             ; 0.035 V                             ; 6.32e-10 s                 ; 5.89e-10 s                 ; No                        ; Yes                       ;
; HEX7[5]       ; 2.5 V        ; 0 s                 ; 0 s                 ; 2.32 V                       ; 1.21e-06 V                   ; 2.33 V              ; -0.00286 V          ; 0.193 V                              ; 0.042 V                              ; 2.32e-09 s                  ; 2.21e-09 s                  ; Yes                        ; Yes                        ; 2.32 V                      ; 1.21e-06 V                  ; 2.33 V             ; -0.00286 V         ; 0.193 V                             ; 0.042 V                             ; 2.32e-09 s                 ; 2.21e-09 s                 ; Yes                       ; Yes                       ;
; HEX7[6]       ; 2.5 V        ; 0 s                 ; 0 s                 ; 2.32 V                       ; 1.21e-06 V                   ; 2.37 V              ; -0.00606 V          ; 0.107 V                              ; 0.021 V                              ; 4.26e-10 s                  ; 4.03e-10 s                  ; Yes                        ; Yes                        ; 2.32 V                      ; 1.21e-06 V                  ; 2.37 V             ; -0.00606 V         ; 0.107 V                             ; 0.021 V                             ; 4.26e-10 s                 ; 4.03e-10 s                 ; Yes                       ; Yes                       ;
; HEX6[0]       ; 2.5 V        ; 0 s                 ; 0 s                 ; 2.32 V                       ; 1.21e-06 V                   ; 2.36 V              ; -0.00833 V          ; 0.113 V                              ; 0.035 V                              ; 6.32e-10 s                  ; 5.89e-10 s                  ; No                         ; Yes                        ; 2.32 V                      ; 1.21e-06 V                  ; 2.36 V             ; -0.00833 V         ; 0.113 V                             ; 0.035 V                             ; 6.32e-10 s                 ; 5.89e-10 s                 ; No                        ; Yes                       ;
; HEX6[1]       ; 2.5 V        ; 0 s                 ; 0 s                 ; 2.32 V                       ; 1.21e-06 V                   ; 2.36 V              ; -0.00833 V          ; 0.113 V                              ; 0.035 V                              ; 6.32e-10 s                  ; 5.89e-10 s                  ; No                         ; Yes                        ; 2.32 V                      ; 1.21e-06 V                  ; 2.36 V             ; -0.00833 V         ; 0.113 V                             ; 0.035 V                             ; 6.32e-10 s                 ; 5.89e-10 s                 ; No                        ; Yes                       ;
; HEX6[2]       ; 2.5 V        ; 0 s                 ; 0 s                 ; 2.32 V                       ; 1.21e-06 V                   ; 2.36 V              ; -0.00833 V          ; 0.113 V                              ; 0.035 V                              ; 6.32e-10 s                  ; 5.89e-10 s                  ; No                         ; Yes                        ; 2.32 V                      ; 1.21e-06 V                  ; 2.36 V             ; -0.00833 V         ; 0.113 V                             ; 0.035 V                             ; 6.32e-10 s                 ; 5.89e-10 s                 ; No                        ; Yes                       ;
; HEX6[3]       ; 2.5 V        ; 0 s                 ; 0 s                 ; 2.32 V                       ; 1.21e-06 V                   ; 2.36 V              ; -0.00833 V          ; 0.113 V                              ; 0.035 V                              ; 6.32e-10 s                  ; 5.89e-10 s                  ; No                         ; Yes                        ; 2.32 V                      ; 1.21e-06 V                  ; 2.36 V             ; -0.00833 V         ; 0.113 V                             ; 0.035 V                             ; 6.32e-10 s                 ; 5.89e-10 s                 ; No                        ; Yes                       ;
; HEX6[4]       ; 2.5 V        ; 0 s                 ; 0 s                 ; 2.32 V                       ; 1.21e-06 V                   ; 2.36 V              ; -0.00833 V          ; 0.113 V                              ; 0.035 V                              ; 6.32e-10 s                  ; 5.89e-10 s                  ; No                         ; Yes                        ; 2.32 V                      ; 1.21e-06 V                  ; 2.36 V             ; -0.00833 V         ; 0.113 V                             ; 0.035 V                             ; 6.32e-10 s                 ; 5.89e-10 s                 ; No                        ; Yes                       ;
; HEX6[5]       ; 2.5 V        ; 0 s                 ; 0 s                 ; 2.32 V                       ; 1.21e-06 V                   ; 2.36 V              ; -0.00833 V          ; 0.113 V                              ; 0.035 V                              ; 6.32e-10 s                  ; 5.89e-10 s                  ; No                         ; Yes                        ; 2.32 V                      ; 1.21e-06 V                  ; 2.36 V             ; -0.00833 V         ; 0.113 V                             ; 0.035 V                             ; 6.32e-10 s                 ; 5.89e-10 s                 ; No                        ; Yes                       ;
; HEX6[6]       ; 2.5 V        ; 0 s                 ; 0 s                 ; 2.32 V                       ; 1.21e-06 V                   ; 2.36 V              ; -0.00833 V          ; 0.113 V                              ; 0.035 V                              ; 6.32e-10 s                  ; 5.89e-10 s                  ; No                         ; Yes                        ; 2.32 V                      ; 1.21e-06 V                  ; 2.36 V             ; -0.00833 V         ; 0.113 V                             ; 0.035 V                             ; 6.32e-10 s                 ; 5.89e-10 s                 ; No                        ; Yes                       ;
; HEX5[0]       ; 2.5 V        ; 0 s                 ; 0 s                 ; 2.32 V                       ; 1.21e-06 V                   ; 2.36 V              ; -0.00833 V          ; 0.113 V                              ; 0.035 V                              ; 6.32e-10 s                  ; 5.89e-10 s                  ; No                         ; Yes                        ; 2.32 V                      ; 1.21e-06 V                  ; 2.36 V             ; -0.00833 V         ; 0.113 V                             ; 0.035 V                             ; 6.32e-10 s                 ; 5.89e-10 s                 ; No                        ; Yes                       ;
; HEX5[1]       ; 2.5 V        ; 0 s                 ; 0 s                 ; 2.32 V                       ; 8.13e-07 V                   ; 2.36 V              ; -0.00623 V          ; 0.121 V                              ; 0.03 V                               ; 4.4e-10 s                   ; 4.28e-10 s                  ; Yes                        ; Yes                        ; 2.32 V                      ; 8.13e-07 V                  ; 2.36 V             ; -0.00623 V         ; 0.121 V                             ; 0.03 V                              ; 4.4e-10 s                  ; 4.28e-10 s                 ; Yes                       ; Yes                       ;
; HEX5[2]       ; 2.5 V        ; 0 s                 ; 0 s                 ; 2.32 V                       ; 8.13e-07 V                   ; 2.35 V              ; -0.00662 V          ; 0.129 V                              ; 0.049 V                              ; 8.55e-10 s                  ; 8.01e-10 s                  ; No                         ; Yes                        ; 2.32 V                      ; 8.13e-07 V                  ; 2.35 V             ; -0.00662 V         ; 0.129 V                             ; 0.049 V                             ; 8.55e-10 s                 ; 8.01e-10 s                 ; No                        ; Yes                       ;
; HEX5[3]       ; 2.5 V        ; 0 s                 ; 0 s                 ; 2.32 V                       ; 8.13e-07 V                   ; 2.35 V              ; -0.00662 V          ; 0.129 V                              ; 0.049 V                              ; 8.55e-10 s                  ; 8.01e-10 s                  ; No                         ; Yes                        ; 2.32 V                      ; 8.13e-07 V                  ; 2.35 V             ; -0.00662 V         ; 0.129 V                             ; 0.049 V                             ; 8.55e-10 s                 ; 8.01e-10 s                 ; No                        ; Yes                       ;
; HEX5[4]       ; 2.5 V        ; 0 s                 ; 0 s                 ; 2.32 V                       ; 8.13e-07 V                   ; 2.35 V              ; -0.00662 V          ; 0.129 V                              ; 0.049 V                              ; 8.55e-10 s                  ; 8.01e-10 s                  ; No                         ; Yes                        ; 2.32 V                      ; 8.13e-07 V                  ; 2.35 V             ; -0.00662 V         ; 0.129 V                             ; 0.049 V                             ; 8.55e-10 s                 ; 8.01e-10 s                 ; No                        ; Yes                       ;
; HEX5[5]       ; 2.5 V        ; 0 s                 ; 0 s                 ; 2.32 V                       ; 8.13e-07 V                   ; 2.35 V              ; -0.00662 V          ; 0.129 V                              ; 0.049 V                              ; 8.55e-10 s                  ; 8.01e-10 s                  ; No                         ; Yes                        ; 2.32 V                      ; 8.13e-07 V                  ; 2.35 V             ; -0.00662 V         ; 0.129 V                             ; 0.049 V                             ; 8.55e-10 s                 ; 8.01e-10 s                 ; No                        ; Yes                       ;
; HEX5[6]       ; 2.5 V        ; 0 s                 ; 0 s                 ; 2.32 V                       ; 8.13e-07 V                   ; 2.35 V              ; -0.00662 V          ; 0.129 V                              ; 0.049 V                              ; 8.55e-10 s                  ; 8.01e-10 s                  ; No                         ; Yes                        ; 2.32 V                      ; 8.13e-07 V                  ; 2.35 V             ; -0.00662 V         ; 0.129 V                             ; 0.049 V                             ; 8.55e-10 s                 ; 8.01e-10 s                 ; No                        ; Yes                       ;
; HEX4[0]       ; 2.5 V        ; 0 s                 ; 0 s                 ; 2.32 V                       ; 8.13e-07 V                   ; 2.35 V              ; -0.00662 V          ; 0.129 V                              ; 0.049 V                              ; 8.55e-10 s                  ; 8.01e-10 s                  ; No                         ; Yes                        ; 2.32 V                      ; 8.13e-07 V                  ; 2.35 V             ; -0.00662 V         ; 0.129 V                             ; 0.049 V                             ; 8.55e-10 s                 ; 8.01e-10 s                 ; No                        ; Yes                       ;
; HEX4[1]       ; 2.5 V        ; 0 s                 ; 0 s                 ; 2.32 V                       ; 8.13e-07 V                   ; 2.35 V              ; -0.00662 V          ; 0.129 V                              ; 0.049 V                              ; 8.55e-10 s                  ; 8.01e-10 s                  ; No                         ; Yes                        ; 2.32 V                      ; 8.13e-07 V                  ; 2.35 V             ; -0.00662 V         ; 0.129 V                             ; 0.049 V                             ; 8.55e-10 s                 ; 8.01e-10 s                 ; No                        ; Yes                       ;
; HEX4[2]       ; 2.5 V        ; 0 s                 ; 0 s                 ; 2.32 V                       ; 8.13e-07 V                   ; 2.33 V              ; -0.00252 V          ; 0.203 V                              ; 0.046 V                              ; 2.34e-09 s                  ; 2.24e-09 s                  ; Yes                        ; Yes                        ; 2.32 V                      ; 8.13e-07 V                  ; 2.33 V             ; -0.00252 V         ; 0.203 V                             ; 0.046 V                             ; 2.34e-09 s                 ; 2.24e-09 s                 ; Yes                       ; Yes                       ;
; HEX4[3]       ; 2.5 V        ; 0 s                 ; 0 s                 ; 2.32 V                       ; 8.13e-07 V                   ; 2.35 V              ; -0.00662 V          ; 0.129 V                              ; 0.049 V                              ; 8.55e-10 s                  ; 8.01e-10 s                  ; No                         ; Yes                        ; 2.32 V                      ; 8.13e-07 V                  ; 2.35 V             ; -0.00662 V         ; 0.129 V                             ; 0.049 V                             ; 8.55e-10 s                 ; 8.01e-10 s                 ; No                        ; Yes                       ;
; HEX4[4]       ; 2.5 V        ; 0 s                 ; 0 s                 ; 2.32 V                       ; 8.13e-07 V                   ; 2.35 V              ; -0.00662 V          ; 0.129 V                              ; 0.049 V                              ; 8.55e-10 s                  ; 8.01e-10 s                  ; No                         ; Yes                        ; 2.32 V                      ; 8.13e-07 V                  ; 2.35 V             ; -0.00662 V         ; 0.129 V                             ; 0.049 V                             ; 8.55e-10 s                 ; 8.01e-10 s                 ; No                        ; Yes                       ;
; HEX4[5]       ; 2.5 V        ; 0 s                 ; 0 s                 ; 2.32 V                       ; 8.13e-07 V                   ; 2.35 V              ; -0.00662 V          ; 0.129 V                              ; 0.049 V                              ; 8.55e-10 s                  ; 8.01e-10 s                  ; No                         ; Yes                        ; 2.32 V                      ; 8.13e-07 V                  ; 2.35 V             ; -0.00662 V         ; 0.129 V                             ; 0.049 V                             ; 8.55e-10 s                 ; 8.01e-10 s                 ; No                        ; Yes                       ;
; HEX4[6]       ; 2.5 V        ; 0 s                 ; 0 s                 ; 2.32 V                       ; 8.13e-07 V                   ; 2.35 V              ; -0.00662 V          ; 0.129 V                              ; 0.049 V                              ; 8.55e-10 s                  ; 8.01e-10 s                  ; No                         ; Yes                        ; 2.32 V                      ; 8.13e-07 V                  ; 2.35 V             ; -0.00662 V         ; 0.129 V                             ; 0.049 V                             ; 8.55e-10 s                 ; 8.01e-10 s                 ; No                        ; Yes                       ;
; HEX3[0]       ; 2.5 V        ; 0 s                 ; 0 s                 ; 2.32 V                       ; 1.21e-06 V                   ; 2.37 V              ; -0.00606 V          ; 0.107 V                              ; 0.021 V                              ; 4.26e-10 s                  ; 4.03e-10 s                  ; Yes                        ; Yes                        ; 2.32 V                      ; 1.21e-06 V                  ; 2.37 V             ; -0.00606 V         ; 0.107 V                             ; 0.021 V                             ; 4.26e-10 s                 ; 4.03e-10 s                 ; Yes                       ; Yes                       ;
; HEX3[1]       ; 2.5 V        ; 0 s                 ; 0 s                 ; 2.32 V                       ; 8.13e-07 V                   ; 2.35 V              ; -0.00662 V          ; 0.129 V                              ; 0.049 V                              ; 8.55e-10 s                  ; 8.01e-10 s                  ; No                         ; Yes                        ; 2.32 V                      ; 8.13e-07 V                  ; 2.35 V             ; -0.00662 V         ; 0.129 V                             ; 0.049 V                             ; 8.55e-10 s                 ; 8.01e-10 s                 ; No                        ; Yes                       ;
; HEX3[2]       ; 2.5 V        ; 0 s                 ; 0 s                 ; 2.32 V                       ; 1.21e-06 V                   ; 2.36 V              ; -0.00833 V          ; 0.113 V                              ; 0.035 V                              ; 6.32e-10 s                  ; 5.89e-10 s                  ; No                         ; Yes                        ; 2.32 V                      ; 1.21e-06 V                  ; 2.36 V             ; -0.00833 V         ; 0.113 V                             ; 0.035 V                             ; 6.32e-10 s                 ; 5.89e-10 s                 ; No                        ; Yes                       ;
; HEX3[3]       ; 2.5 V        ; 0 s                 ; 0 s                 ; 2.32 V                       ; 1.21e-06 V                   ; 2.36 V              ; -0.00833 V          ; 0.113 V                              ; 0.035 V                              ; 6.32e-10 s                  ; 5.89e-10 s                  ; No                         ; Yes                        ; 2.32 V                      ; 1.21e-06 V                  ; 2.36 V             ; -0.00833 V         ; 0.113 V                             ; 0.035 V                             ; 6.32e-10 s                 ; 5.89e-10 s                 ; No                        ; Yes                       ;
; HEX3[4]       ; 2.5 V        ; 0 s                 ; 0 s                 ; 2.32 V                       ; 8.13e-07 V                   ; 2.35 V              ; -0.00662 V          ; 0.129 V                              ; 0.049 V                              ; 8.55e-10 s                  ; 8.01e-10 s                  ; No                         ; Yes                        ; 2.32 V                      ; 8.13e-07 V                  ; 2.35 V             ; -0.00662 V         ; 0.129 V                             ; 0.049 V                             ; 8.55e-10 s                 ; 8.01e-10 s                 ; No                        ; Yes                       ;
; HEX3[5]       ; 2.5 V        ; 0 s                 ; 0 s                 ; 2.32 V                       ; 8.13e-07 V                   ; 2.35 V              ; -0.00662 V          ; 0.129 V                              ; 0.049 V                              ; 8.55e-10 s                  ; 8.01e-10 s                  ; No                         ; Yes                        ; 2.32 V                      ; 8.13e-07 V                  ; 2.35 V             ; -0.00662 V         ; 0.129 V                             ; 0.049 V                             ; 8.55e-10 s                 ; 8.01e-10 s                 ; No                        ; Yes                       ;
; HEX3[6]       ; 2.5 V        ; 0 s                 ; 0 s                 ; 2.32 V                       ; 8.13e-07 V                   ; 2.35 V              ; -0.00662 V          ; 0.129 V                              ; 0.049 V                              ; 8.55e-10 s                  ; 8.01e-10 s                  ; No                         ; Yes                        ; 2.32 V                      ; 8.13e-07 V                  ; 2.35 V             ; -0.00662 V         ; 0.129 V                             ; 0.049 V                             ; 8.55e-10 s                 ; 8.01e-10 s                 ; No                        ; Yes                       ;
; HEX2[0]       ; 2.5 V        ; 0 s                 ; 0 s                 ; 2.32 V                       ; 1.21e-06 V                   ; 2.36 V              ; -0.00833 V          ; 0.113 V                              ; 0.035 V                              ; 6.32e-10 s                  ; 5.89e-10 s                  ; No                         ; Yes                        ; 2.32 V                      ; 1.21e-06 V                  ; 2.36 V             ; -0.00833 V         ; 0.113 V                             ; 0.035 V                             ; 6.32e-10 s                 ; 5.89e-10 s                 ; No                        ; Yes                       ;
; HEX2[1]       ; 2.5 V        ; 0 s                 ; 0 s                 ; 2.32 V                       ; 8.13e-07 V                   ; 2.35 V              ; -0.00662 V          ; 0.129 V                              ; 0.049 V                              ; 8.55e-10 s                  ; 8.01e-10 s                  ; No                         ; Yes                        ; 2.32 V                      ; 8.13e-07 V                  ; 2.35 V             ; -0.00662 V         ; 0.129 V                             ; 0.049 V                             ; 8.55e-10 s                 ; 8.01e-10 s                 ; No                        ; Yes                       ;
; HEX2[2]       ; 2.5 V        ; 0 s                 ; 0 s                 ; 2.32 V                       ; 8.13e-07 V                   ; 2.36 V              ; -0.00623 V          ; 0.121 V                              ; 0.03 V                               ; 4.4e-10 s                   ; 4.28e-10 s                  ; Yes                        ; Yes                        ; 2.32 V                      ; 8.13e-07 V                  ; 2.36 V             ; -0.00623 V         ; 0.121 V                             ; 0.03 V                              ; 4.4e-10 s                  ; 4.28e-10 s                 ; Yes                       ; Yes                       ;
; HEX2[3]       ; 2.5 V        ; 0 s                 ; 0 s                 ; 2.32 V                       ; 1.21e-06 V                   ; 2.36 V              ; -0.00833 V          ; 0.113 V                              ; 0.035 V                              ; 6.32e-10 s                  ; 5.89e-10 s                  ; No                         ; Yes                        ; 2.32 V                      ; 1.21e-06 V                  ; 2.36 V             ; -0.00833 V         ; 0.113 V                             ; 0.035 V                             ; 6.32e-10 s                 ; 5.89e-10 s                 ; No                        ; Yes                       ;
; HEX2[4]       ; 2.5 V        ; 0 s                 ; 0 s                 ; 2.32 V                       ; 8.13e-07 V                   ; 2.36 V              ; -0.00623 V          ; 0.121 V                              ; 0.03 V                               ; 4.4e-10 s                   ; 4.28e-10 s                  ; Yes                        ; Yes                        ; 2.32 V                      ; 8.13e-07 V                  ; 2.36 V             ; -0.00623 V         ; 0.121 V                             ; 0.03 V                              ; 4.4e-10 s                  ; 4.28e-10 s                 ; Yes                       ; Yes                       ;
; HEX2[5]       ; 2.5 V        ; 0 s                 ; 0 s                 ; 2.32 V                       ; 8.13e-07 V                   ; 2.35 V              ; -0.00662 V          ; 0.129 V                              ; 0.049 V                              ; 8.55e-10 s                  ; 8.01e-10 s                  ; No                         ; Yes                        ; 2.32 V                      ; 8.13e-07 V                  ; 2.35 V             ; -0.00662 V         ; 0.129 V                             ; 0.049 V                             ; 8.55e-10 s                 ; 8.01e-10 s                 ; No                        ; Yes                       ;
; HEX2[6]       ; 2.5 V        ; 0 s                 ; 0 s                 ; 2.32 V                       ; 8.13e-07 V                   ; 2.35 V              ; -0.00662 V          ; 0.129 V                              ; 0.049 V                              ; 8.55e-10 s                  ; 8.01e-10 s                  ; No                         ; Yes                        ; 2.32 V                      ; 8.13e-07 V                  ; 2.35 V             ; -0.00662 V         ; 0.129 V                             ; 0.049 V                             ; 8.55e-10 s                 ; 8.01e-10 s                 ; No                        ; Yes                       ;
; HEX1[0]       ; 2.5 V        ; 0 s                 ; 0 s                 ; 2.32 V                       ; 8.13e-07 V                   ; 2.33 V              ; -0.00252 V          ; 0.203 V                              ; 0.046 V                              ; 2.34e-09 s                  ; 2.24e-09 s                  ; Yes                        ; Yes                        ; 2.32 V                      ; 8.13e-07 V                  ; 2.33 V             ; -0.00252 V         ; 0.203 V                             ; 0.046 V                             ; 2.34e-09 s                 ; 2.24e-09 s                 ; Yes                       ; Yes                       ;
; HEX1[1]       ; 2.5 V        ; 0 s                 ; 0 s                 ; 2.32 V                       ; 8.13e-07 V                   ; 2.35 V              ; -0.00662 V          ; 0.129 V                              ; 0.049 V                              ; 8.55e-10 s                  ; 8.01e-10 s                  ; No                         ; Yes                        ; 2.32 V                      ; 8.13e-07 V                  ; 2.35 V             ; -0.00662 V         ; 0.129 V                             ; 0.049 V                             ; 8.55e-10 s                 ; 8.01e-10 s                 ; No                        ; Yes                       ;
; HEX1[2]       ; 2.5 V        ; 0 s                 ; 0 s                 ; 2.32 V                       ; 8.13e-07 V                   ; 2.35 V              ; -0.00662 V          ; 0.129 V                              ; 0.049 V                              ; 8.55e-10 s                  ; 8.01e-10 s                  ; No                         ; Yes                        ; 2.32 V                      ; 8.13e-07 V                  ; 2.35 V             ; -0.00662 V         ; 0.129 V                             ; 0.049 V                             ; 8.55e-10 s                 ; 8.01e-10 s                 ; No                        ; Yes                       ;
; HEX1[3]       ; 2.5 V        ; 0 s                 ; 0 s                 ; 2.32 V                       ; 8.13e-07 V                   ; 2.35 V              ; -0.00662 V          ; 0.129 V                              ; 0.049 V                              ; 8.55e-10 s                  ; 8.01e-10 s                  ; No                         ; Yes                        ; 2.32 V                      ; 8.13e-07 V                  ; 2.35 V             ; -0.00662 V         ; 0.129 V                             ; 0.049 V                             ; 8.55e-10 s                 ; 8.01e-10 s                 ; No                        ; Yes                       ;
; HEX1[4]       ; 2.5 V        ; 0 s                 ; 0 s                 ; 2.32 V                       ; 8.13e-07 V                   ; 2.35 V              ; -0.00662 V          ; 0.129 V                              ; 0.049 V                              ; 8.55e-10 s                  ; 8.01e-10 s                  ; No                         ; Yes                        ; 2.32 V                      ; 8.13e-07 V                  ; 2.35 V             ; -0.00662 V         ; 0.129 V                             ; 0.049 V                             ; 8.55e-10 s                 ; 8.01e-10 s                 ; No                        ; Yes                       ;
; HEX1[5]       ; 2.5 V        ; 0 s                 ; 0 s                 ; 2.32 V                       ; 8.13e-07 V                   ; 2.35 V              ; -0.00662 V          ; 0.129 V                              ; 0.049 V                              ; 8.55e-10 s                  ; 8.01e-10 s                  ; No                         ; Yes                        ; 2.32 V                      ; 8.13e-07 V                  ; 2.35 V             ; -0.00662 V         ; 0.129 V                             ; 0.049 V                             ; 8.55e-10 s                 ; 8.01e-10 s                 ; No                        ; Yes                       ;
; HEX1[6]       ; 2.5 V        ; 0 s                 ; 0 s                 ; 2.32 V                       ; 8.13e-07 V                   ; 2.36 V              ; -0.00623 V          ; 0.121 V                              ; 0.03 V                               ; 4.4e-10 s                   ; 4.28e-10 s                  ; Yes                        ; Yes                        ; 2.32 V                      ; 8.13e-07 V                  ; 2.36 V             ; -0.00623 V         ; 0.121 V                             ; 0.03 V                              ; 4.4e-10 s                  ; 4.28e-10 s                 ; Yes                       ; Yes                       ;
; HEX0[0]       ; 2.5 V        ; 0 s                 ; 0 s                 ; 2.32 V                       ; 8.13e-07 V                   ; 2.35 V              ; -0.00662 V          ; 0.129 V                              ; 0.049 V                              ; 8.55e-10 s                  ; 8.01e-10 s                  ; No                         ; Yes                        ; 2.32 V                      ; 8.13e-07 V                  ; 2.35 V             ; -0.00662 V         ; 0.129 V                             ; 0.049 V                             ; 8.55e-10 s                 ; 8.01e-10 s                 ; No                        ; Yes                       ;
; HEX0[1]       ; 2.5 V        ; 0 s                 ; 0 s                 ; 2.32 V                       ; 8.13e-07 V                   ; 2.35 V              ; -0.00662 V          ; 0.129 V                              ; 0.049 V                              ; 8.55e-10 s                  ; 8.01e-10 s                  ; No                         ; Yes                        ; 2.32 V                      ; 8.13e-07 V                  ; 2.35 V             ; -0.00662 V         ; 0.129 V                             ; 0.049 V                             ; 8.55e-10 s                 ; 8.01e-10 s                 ; No                        ; Yes                       ;
; HEX0[2]       ; 2.5 V        ; 0 s                 ; 0 s                 ; 2.32 V                       ; 1.21e-06 V                   ; 2.36 V              ; -0.00833 V          ; 0.113 V                              ; 0.035 V                              ; 6.32e-10 s                  ; 5.89e-10 s                  ; No                         ; Yes                        ; 2.32 V                      ; 1.21e-06 V                  ; 2.36 V             ; -0.00833 V         ; 0.113 V                             ; 0.035 V                             ; 6.32e-10 s                 ; 5.89e-10 s                 ; No                        ; Yes                       ;
; HEX0[3]       ; 2.5 V        ; 0 s                 ; 0 s                 ; 2.32 V                       ; 1.21e-06 V                   ; 2.36 V              ; -0.00833 V          ; 0.113 V                              ; 0.035 V                              ; 6.32e-10 s                  ; 5.89e-10 s                  ; No                         ; Yes                        ; 2.32 V                      ; 1.21e-06 V                  ; 2.36 V             ; -0.00833 V         ; 0.113 V                             ; 0.035 V                             ; 6.32e-10 s                 ; 5.89e-10 s                 ; No                        ; Yes                       ;
; HEX0[4]       ; 2.5 V        ; 0 s                 ; 0 s                 ; 2.32 V                       ; 1.21e-06 V                   ; 2.37 V              ; -0.00606 V          ; 0.107 V                              ; 0.021 V                              ; 4.26e-10 s                  ; 4.03e-10 s                  ; Yes                        ; Yes                        ; 2.32 V                      ; 1.21e-06 V                  ; 2.37 V             ; -0.00606 V         ; 0.107 V                             ; 0.021 V                             ; 4.26e-10 s                 ; 4.03e-10 s                 ; Yes                       ; Yes                       ;
; HEX0[5]       ; 2.5 V        ; 0 s                 ; 0 s                 ; 2.32 V                       ; 1.21e-06 V                   ; 2.37 V              ; -0.00606 V          ; 0.107 V                              ; 0.021 V                              ; 4.26e-10 s                  ; 4.03e-10 s                  ; Yes                        ; Yes                        ; 2.32 V                      ; 1.21e-06 V                  ; 2.37 V             ; -0.00606 V         ; 0.107 V                             ; 0.021 V                             ; 4.26e-10 s                 ; 4.03e-10 s                 ; Yes                       ; Yes                       ;
; HEX0[6]       ; 2.5 V        ; 0 s                 ; 0 s                 ; 2.32 V                       ; 8.13e-07 V                   ; 2.35 V              ; -0.00662 V          ; 0.129 V                              ; 0.049 V                              ; 8.55e-10 s                  ; 8.01e-10 s                  ; No                         ; Yes                        ; 2.32 V                      ; 8.13e-07 V                  ; 2.35 V             ; -0.00662 V         ; 0.129 V                             ; 0.049 V                             ; 8.55e-10 s                 ; 8.01e-10 s                 ; No                        ; Yes                       ;
; ~ALTERA_NCEO~ ; 2.5 V        ; 0 s                 ; 0 s                 ; 2.32 V                       ; 7.93e-07 V                   ; 2.37 V              ; -0.0278 V           ; 0.106 V                              ; 0.115 V                              ; 2.69e-10 s                  ; 4.05e-10 s                  ; Yes                        ; Yes                        ; 2.32 V                      ; 7.93e-07 V                  ; 2.37 V             ; -0.0278 V          ; 0.106 V                             ; 0.115 V                             ; 2.69e-10 s                 ; 4.05e-10 s                 ; Yes                       ; Yes                       ;
; ~ALTERA_DCLK~ ; 2.5 V        ; 0 s                 ; 0 s                 ; 2.32 V                       ; 9.76e-07 V                   ; 2.36 V              ; -0.00505 V          ; 0.088 V                              ; 0.006 V                              ; 4.05e-10 s                  ; 3.35e-10 s                  ; Yes                        ; Yes                        ; 2.32 V                      ; 9.76e-07 V                  ; 2.36 V             ; -0.00505 V         ; 0.088 V                             ; 0.006 V                             ; 4.05e-10 s                 ; 3.35e-10 s                 ; Yes                       ; Yes                       ;
+---------------+--------------+---------------------+---------------------+------------------------------+------------------------------+---------------------+---------------------+--------------------------------------+--------------------------------------+-----------------------------+-----------------------------+----------------------------+----------------------------+-----------------------------+-----------------------------+--------------------+--------------------+-------------------------------------+-------------------------------------+----------------------------+----------------------------+---------------------------+---------------------------+


+--------------------------------------------------------------------------------------------------------------------------------------------------------------------------------------------------------------------------------------------------------------------------------------------------------------------------------------------------------------------------------------------------------------------------------------------------------------------------------------------------------------------------------------------------------------------------------------------------------------------------------------------------------------------------------------------+
; Signal Integrity Metrics (Fast 1200mv 0c Model)                                                                                                                                                                                                                                                                                                                                                                                                                                                                                                                                                                                                                                            ;
+---------------+--------------+---------------------+---------------------+------------------------------+------------------------------+---------------------+---------------------+--------------------------------------+--------------------------------------+-----------------------------+-----------------------------+----------------------------+----------------------------+-----------------------------+-----------------------------+--------------------+--------------------+-------------------------------------+-------------------------------------+----------------------------+----------------------------+---------------------------+---------------------------+
; Pin           ; I/O Standard ; Board Delay on Rise ; Board Delay on Fall ; Steady State Voh at FPGA Pin ; Steady State Vol at FPGA Pin ; Voh Max at FPGA Pin ; Vol Min at FPGA Pin ; Ringback Voltage on Rise at FPGA Pin ; Ringback Voltage on Fall at FPGA Pin ; 10-90 Rise Time at FPGA Pin ; 90-10 Fall Time at FPGA Pin ; Monotonic Rise at FPGA Pin ; Monotonic Fall at FPGA Pin ; Steady State Voh at Far-end ; Steady State Vol at Far-end ; Voh Max at Far-end ; Vol Min at Far-end ; Ringback Voltage on Rise at Far-end ; Ringback Voltage on Fall at Far-end ; 10-90 Rise Time at Far-end ; 90-10 Fall Time at Far-end ; Monotonic Rise at Far-end ; Monotonic Fall at Far-end ;
+---------------+--------------+---------------------+---------------------+------------------------------+------------------------------+---------------------+---------------------+--------------------------------------+--------------------------------------+-----------------------------+-----------------------------+----------------------------+----------------------------+-----------------------------+-----------------------------+--------------------+--------------------+-------------------------------------+-------------------------------------+----------------------------+----------------------------+---------------------------+---------------------------+
; HEX7[0]       ; 2.5 V        ; 0 s                 ; 0 s                 ; 2.62 V                       ; 4.66e-08 V                   ; 2.72 V              ; -0.0215 V           ; 0.161 V                              ; 0.061 V                              ; 4.44e-10 s                  ; 4.06e-10 s                  ; No                         ; Yes                        ; 2.62 V                      ; 4.66e-08 V                  ; 2.72 V             ; -0.0215 V          ; 0.161 V                             ; 0.061 V                             ; 4.44e-10 s                 ; 4.06e-10 s                 ; No                        ; Yes                       ;
; HEX7[1]       ; 2.5 V        ; 0 s                 ; 0 s                 ; 2.62 V                       ; 4.66e-08 V                   ; 2.72 V              ; -0.0215 V           ; 0.161 V                              ; 0.061 V                              ; 4.44e-10 s                  ; 4.06e-10 s                  ; No                         ; Yes                        ; 2.62 V                      ; 4.66e-08 V                  ; 2.72 V             ; -0.0215 V          ; 0.161 V                             ; 0.061 V                             ; 4.44e-10 s                 ; 4.06e-10 s                 ; No                        ; Yes                       ;
; HEX7[2]       ; 2.5 V        ; 0 s                 ; 0 s                 ; 2.62 V                       ; 4.66e-08 V                   ; 2.72 V              ; -0.0215 V           ; 0.161 V                              ; 0.061 V                              ; 4.44e-10 s                  ; 4.06e-10 s                  ; No                         ; Yes                        ; 2.62 V                      ; 4.66e-08 V                  ; 2.72 V             ; -0.0215 V          ; 0.161 V                             ; 0.061 V                             ; 4.44e-10 s                 ; 4.06e-10 s                 ; No                        ; Yes                       ;
; HEX7[3]       ; 2.5 V        ; 0 s                 ; 0 s                 ; 2.62 V                       ; 4.66e-08 V                   ; 2.72 V              ; -0.0215 V           ; 0.161 V                              ; 0.061 V                              ; 4.44e-10 s                  ; 4.06e-10 s                  ; No                         ; Yes                        ; 2.62 V                      ; 4.66e-08 V                  ; 2.72 V             ; -0.0215 V          ; 0.161 V                             ; 0.061 V                             ; 4.44e-10 s                 ; 4.06e-10 s                 ; No                        ; Yes                       ;
; HEX7[4]       ; 2.5 V        ; 0 s                 ; 0 s                 ; 2.62 V                       ; 4.66e-08 V                   ; 2.72 V              ; -0.0215 V           ; 0.161 V                              ; 0.061 V                              ; 4.44e-10 s                  ; 4.06e-10 s                  ; No                         ; Yes                        ; 2.62 V                      ; 4.66e-08 V                  ; 2.72 V             ; -0.0215 V          ; 0.161 V                             ; 0.061 V                             ; 4.44e-10 s                 ; 4.06e-10 s                 ; No                        ; Yes                       ;
; HEX7[5]       ; 2.5 V        ; 0 s                 ; 0 s                 ; 2.62 V                       ; 4.66e-08 V                   ; 2.65 V              ; -0.0115 V           ; 0.219 V                              ; 0.115 V                              ; 1.64e-09 s                  ; 1.57e-09 s                  ; No                         ; Yes                        ; 2.62 V                      ; 4.66e-08 V                  ; 2.65 V             ; -0.0115 V          ; 0.219 V                             ; 0.115 V                             ; 1.64e-09 s                 ; 1.57e-09 s                 ; No                        ; Yes                       ;
; HEX7[6]       ; 2.5 V        ; 0 s                 ; 0 s                 ; 2.62 V                       ; 4.66e-08 V                   ; 2.73 V              ; -0.0205 V           ; 0.17 V                               ; 0.027 V                              ; 2.58e-10 s                  ; 2.57e-10 s                  ; Yes                        ; Yes                        ; 2.62 V                      ; 4.66e-08 V                  ; 2.73 V             ; -0.0205 V          ; 0.17 V                              ; 0.027 V                             ; 2.58e-10 s                 ; 2.57e-10 s                 ; Yes                       ; Yes                       ;
; HEX6[0]       ; 2.5 V        ; 0 s                 ; 0 s                 ; 2.62 V                       ; 4.66e-08 V                   ; 2.72 V              ; -0.0215 V           ; 0.161 V                              ; 0.061 V                              ; 4.44e-10 s                  ; 4.06e-10 s                  ; No                         ; Yes                        ; 2.62 V                      ; 4.66e-08 V                  ; 2.72 V             ; -0.0215 V          ; 0.161 V                             ; 0.061 V                             ; 4.44e-10 s                 ; 4.06e-10 s                 ; No                        ; Yes                       ;
; HEX6[1]       ; 2.5 V        ; 0 s                 ; 0 s                 ; 2.62 V                       ; 4.66e-08 V                   ; 2.72 V              ; -0.0215 V           ; 0.161 V                              ; 0.061 V                              ; 4.44e-10 s                  ; 4.06e-10 s                  ; No                         ; Yes                        ; 2.62 V                      ; 4.66e-08 V                  ; 2.72 V             ; -0.0215 V          ; 0.161 V                             ; 0.061 V                             ; 4.44e-10 s                 ; 4.06e-10 s                 ; No                        ; Yes                       ;
; HEX6[2]       ; 2.5 V        ; 0 s                 ; 0 s                 ; 2.62 V                       ; 4.66e-08 V                   ; 2.72 V              ; -0.0215 V           ; 0.161 V                              ; 0.061 V                              ; 4.44e-10 s                  ; 4.06e-10 s                  ; No                         ; Yes                        ; 2.62 V                      ; 4.66e-08 V                  ; 2.72 V             ; -0.0215 V          ; 0.161 V                             ; 0.061 V                             ; 4.44e-10 s                 ; 4.06e-10 s                 ; No                        ; Yes                       ;
; HEX6[3]       ; 2.5 V        ; 0 s                 ; 0 s                 ; 2.62 V                       ; 4.66e-08 V                   ; 2.72 V              ; -0.0215 V           ; 0.161 V                              ; 0.061 V                              ; 4.44e-10 s                  ; 4.06e-10 s                  ; No                         ; Yes                        ; 2.62 V                      ; 4.66e-08 V                  ; 2.72 V             ; -0.0215 V          ; 0.161 V                             ; 0.061 V                             ; 4.44e-10 s                 ; 4.06e-10 s                 ; No                        ; Yes                       ;
; HEX6[4]       ; 2.5 V        ; 0 s                 ; 0 s                 ; 2.62 V                       ; 4.66e-08 V                   ; 2.72 V              ; -0.0215 V           ; 0.161 V                              ; 0.061 V                              ; 4.44e-10 s                  ; 4.06e-10 s                  ; No                         ; Yes                        ; 2.62 V                      ; 4.66e-08 V                  ; 2.72 V             ; -0.0215 V          ; 0.161 V                             ; 0.061 V                             ; 4.44e-10 s                 ; 4.06e-10 s                 ; No                        ; Yes                       ;
; HEX6[5]       ; 2.5 V        ; 0 s                 ; 0 s                 ; 2.62 V                       ; 4.66e-08 V                   ; 2.72 V              ; -0.0215 V           ; 0.161 V                              ; 0.061 V                              ; 4.44e-10 s                  ; 4.06e-10 s                  ; No                         ; Yes                        ; 2.62 V                      ; 4.66e-08 V                  ; 2.72 V             ; -0.0215 V          ; 0.161 V                             ; 0.061 V                             ; 4.44e-10 s                 ; 4.06e-10 s                 ; No                        ; Yes                       ;
; HEX6[6]       ; 2.5 V        ; 0 s                 ; 0 s                 ; 2.62 V                       ; 4.66e-08 V                   ; 2.72 V              ; -0.0215 V           ; 0.161 V                              ; 0.061 V                              ; 4.44e-10 s                  ; 4.06e-10 s                  ; No                         ; Yes                        ; 2.62 V                      ; 4.66e-08 V                  ; 2.72 V             ; -0.0215 V          ; 0.161 V                             ; 0.061 V                             ; 4.44e-10 s                 ; 4.06e-10 s                 ; No                        ; Yes                       ;
; HEX5[0]       ; 2.5 V        ; 0 s                 ; 0 s                 ; 2.62 V                       ; 4.66e-08 V                   ; 2.72 V              ; -0.0215 V           ; 0.161 V                              ; 0.061 V                              ; 4.44e-10 s                  ; 4.06e-10 s                  ; No                         ; Yes                        ; 2.62 V                      ; 4.66e-08 V                  ; 2.72 V             ; -0.0215 V          ; 0.161 V                             ; 0.061 V                             ; 4.44e-10 s                 ; 4.06e-10 s                 ; No                        ; Yes                       ;
; HEX5[1]       ; 2.5 V        ; 0 s                 ; 0 s                 ; 2.62 V                       ; 3.16e-08 V                   ; 2.72 V              ; -0.0199 V           ; 0.186 V                              ; 0.027 V                              ; 2.63e-10 s                  ; 2.76e-10 s                  ; Yes                        ; Yes                        ; 2.62 V                      ; 3.16e-08 V                  ; 2.72 V             ; -0.0199 V          ; 0.186 V                             ; 0.027 V                             ; 2.63e-10 s                 ; 2.76e-10 s                 ; Yes                       ; Yes                       ;
; HEX5[2]       ; 2.5 V        ; 0 s                 ; 0 s                 ; 2.62 V                       ; 3.16e-08 V                   ; 2.71 V              ; -0.0171 V           ; 0.273 V                              ; 0.065 V                              ; 4.95e-10 s                  ; 5.37e-10 s                  ; No                         ; Yes                        ; 2.62 V                      ; 3.16e-08 V                  ; 2.71 V             ; -0.0171 V          ; 0.273 V                             ; 0.065 V                             ; 4.95e-10 s                 ; 5.37e-10 s                 ; No                        ; Yes                       ;
; HEX5[3]       ; 2.5 V        ; 0 s                 ; 0 s                 ; 2.62 V                       ; 3.16e-08 V                   ; 2.71 V              ; -0.0171 V           ; 0.273 V                              ; 0.065 V                              ; 4.95e-10 s                  ; 5.37e-10 s                  ; No                         ; Yes                        ; 2.62 V                      ; 3.16e-08 V                  ; 2.71 V             ; -0.0171 V          ; 0.273 V                             ; 0.065 V                             ; 4.95e-10 s                 ; 5.37e-10 s                 ; No                        ; Yes                       ;
; HEX5[4]       ; 2.5 V        ; 0 s                 ; 0 s                 ; 2.62 V                       ; 3.16e-08 V                   ; 2.71 V              ; -0.0171 V           ; 0.273 V                              ; 0.065 V                              ; 4.95e-10 s                  ; 5.37e-10 s                  ; No                         ; Yes                        ; 2.62 V                      ; 3.16e-08 V                  ; 2.71 V             ; -0.0171 V          ; 0.273 V                             ; 0.065 V                             ; 4.95e-10 s                 ; 5.37e-10 s                 ; No                        ; Yes                       ;
; HEX5[5]       ; 2.5 V        ; 0 s                 ; 0 s                 ; 2.62 V                       ; 3.16e-08 V                   ; 2.71 V              ; -0.0171 V           ; 0.273 V                              ; 0.065 V                              ; 4.95e-10 s                  ; 5.37e-10 s                  ; No                         ; Yes                        ; 2.62 V                      ; 3.16e-08 V                  ; 2.71 V             ; -0.0171 V          ; 0.273 V                             ; 0.065 V                             ; 4.95e-10 s                 ; 5.37e-10 s                 ; No                        ; Yes                       ;
; HEX5[6]       ; 2.5 V        ; 0 s                 ; 0 s                 ; 2.62 V                       ; 3.16e-08 V                   ; 2.71 V              ; -0.0171 V           ; 0.273 V                              ; 0.065 V                              ; 4.95e-10 s                  ; 5.37e-10 s                  ; No                         ; Yes                        ; 2.62 V                      ; 3.16e-08 V                  ; 2.71 V             ; -0.0171 V          ; 0.273 V                             ; 0.065 V                             ; 4.95e-10 s                 ; 5.37e-10 s                 ; No                        ; Yes                       ;
; HEX4[0]       ; 2.5 V        ; 0 s                 ; 0 s                 ; 2.62 V                       ; 3.16e-08 V                   ; 2.71 V              ; -0.0171 V           ; 0.273 V                              ; 0.065 V                              ; 4.95e-10 s                  ; 5.37e-10 s                  ; No                         ; Yes                        ; 2.62 V                      ; 3.16e-08 V                  ; 2.71 V             ; -0.0171 V          ; 0.273 V                             ; 0.065 V                             ; 4.95e-10 s                 ; 5.37e-10 s                 ; No                        ; Yes                       ;
; HEX4[1]       ; 2.5 V        ; 0 s                 ; 0 s                 ; 2.62 V                       ; 3.16e-08 V                   ; 2.71 V              ; -0.0171 V           ; 0.273 V                              ; 0.065 V                              ; 4.95e-10 s                  ; 5.37e-10 s                  ; No                         ; Yes                        ; 2.62 V                      ; 3.16e-08 V                  ; 2.71 V             ; -0.0171 V          ; 0.273 V                             ; 0.065 V                             ; 4.95e-10 s                 ; 5.37e-10 s                 ; No                        ; Yes                       ;
; HEX4[2]       ; 2.5 V        ; 0 s                 ; 0 s                 ; 2.62 V                       ; 3.16e-08 V                   ; 2.65 V              ; -0.0109 V           ; 0.234 V                              ; 0.125 V                              ; 1.64e-09 s                  ; 1.59e-09 s                  ; No                         ; Yes                        ; 2.62 V                      ; 3.16e-08 V                  ; 2.65 V             ; -0.0109 V          ; 0.234 V                             ; 0.125 V                             ; 1.64e-09 s                 ; 1.59e-09 s                 ; No                        ; Yes                       ;
; HEX4[3]       ; 2.5 V        ; 0 s                 ; 0 s                 ; 2.62 V                       ; 3.16e-08 V                   ; 2.71 V              ; -0.0171 V           ; 0.273 V                              ; 0.065 V                              ; 4.95e-10 s                  ; 5.37e-10 s                  ; No                         ; Yes                        ; 2.62 V                      ; 3.16e-08 V                  ; 2.71 V             ; -0.0171 V          ; 0.273 V                             ; 0.065 V                             ; 4.95e-10 s                 ; 5.37e-10 s                 ; No                        ; Yes                       ;
; HEX4[4]       ; 2.5 V        ; 0 s                 ; 0 s                 ; 2.62 V                       ; 3.16e-08 V                   ; 2.71 V              ; -0.0171 V           ; 0.273 V                              ; 0.065 V                              ; 4.95e-10 s                  ; 5.37e-10 s                  ; No                         ; Yes                        ; 2.62 V                      ; 3.16e-08 V                  ; 2.71 V             ; -0.0171 V          ; 0.273 V                             ; 0.065 V                             ; 4.95e-10 s                 ; 5.37e-10 s                 ; No                        ; Yes                       ;
; HEX4[5]       ; 2.5 V        ; 0 s                 ; 0 s                 ; 2.62 V                       ; 3.16e-08 V                   ; 2.71 V              ; -0.0171 V           ; 0.273 V                              ; 0.065 V                              ; 4.95e-10 s                  ; 5.37e-10 s                  ; No                         ; Yes                        ; 2.62 V                      ; 3.16e-08 V                  ; 2.71 V             ; -0.0171 V          ; 0.273 V                             ; 0.065 V                             ; 4.95e-10 s                 ; 5.37e-10 s                 ; No                        ; Yes                       ;
; HEX4[6]       ; 2.5 V        ; 0 s                 ; 0 s                 ; 2.62 V                       ; 3.16e-08 V                   ; 2.71 V              ; -0.0171 V           ; 0.273 V                              ; 0.065 V                              ; 4.95e-10 s                  ; 5.37e-10 s                  ; No                         ; Yes                        ; 2.62 V                      ; 3.16e-08 V                  ; 2.71 V             ; -0.0171 V          ; 0.273 V                             ; 0.065 V                             ; 4.95e-10 s                 ; 5.37e-10 s                 ; No                        ; Yes                       ;
; HEX3[0]       ; 2.5 V        ; 0 s                 ; 0 s                 ; 2.62 V                       ; 4.66e-08 V                   ; 2.73 V              ; -0.0205 V           ; 0.17 V                               ; 0.027 V                              ; 2.58e-10 s                  ; 2.57e-10 s                  ; Yes                        ; Yes                        ; 2.62 V                      ; 4.66e-08 V                  ; 2.73 V             ; -0.0205 V          ; 0.17 V                              ; 0.027 V                             ; 2.58e-10 s                 ; 2.57e-10 s                 ; Yes                       ; Yes                       ;
; HEX3[1]       ; 2.5 V        ; 0 s                 ; 0 s                 ; 2.62 V                       ; 3.16e-08 V                   ; 2.71 V              ; -0.0171 V           ; 0.273 V                              ; 0.065 V                              ; 4.95e-10 s                  ; 5.37e-10 s                  ; No                         ; Yes                        ; 2.62 V                      ; 3.16e-08 V                  ; 2.71 V             ; -0.0171 V          ; 0.273 V                             ; 0.065 V                             ; 4.95e-10 s                 ; 5.37e-10 s                 ; No                        ; Yes                       ;
; HEX3[2]       ; 2.5 V        ; 0 s                 ; 0 s                 ; 2.62 V                       ; 4.66e-08 V                   ; 2.72 V              ; -0.0215 V           ; 0.161 V                              ; 0.061 V                              ; 4.44e-10 s                  ; 4.06e-10 s                  ; No                         ; Yes                        ; 2.62 V                      ; 4.66e-08 V                  ; 2.72 V             ; -0.0215 V          ; 0.161 V                             ; 0.061 V                             ; 4.44e-10 s                 ; 4.06e-10 s                 ; No                        ; Yes                       ;
; HEX3[3]       ; 2.5 V        ; 0 s                 ; 0 s                 ; 2.62 V                       ; 4.66e-08 V                   ; 2.72 V              ; -0.0215 V           ; 0.161 V                              ; 0.061 V                              ; 4.44e-10 s                  ; 4.06e-10 s                  ; No                         ; Yes                        ; 2.62 V                      ; 4.66e-08 V                  ; 2.72 V             ; -0.0215 V          ; 0.161 V                             ; 0.061 V                             ; 4.44e-10 s                 ; 4.06e-10 s                 ; No                        ; Yes                       ;
; HEX3[4]       ; 2.5 V        ; 0 s                 ; 0 s                 ; 2.62 V                       ; 3.16e-08 V                   ; 2.71 V              ; -0.0171 V           ; 0.273 V                              ; 0.065 V                              ; 4.95e-10 s                  ; 5.37e-10 s                  ; No                         ; Yes                        ; 2.62 V                      ; 3.16e-08 V                  ; 2.71 V             ; -0.0171 V          ; 0.273 V                             ; 0.065 V                             ; 4.95e-10 s                 ; 5.37e-10 s                 ; No                        ; Yes                       ;
; HEX3[5]       ; 2.5 V        ; 0 s                 ; 0 s                 ; 2.62 V                       ; 3.16e-08 V                   ; 2.71 V              ; -0.0171 V           ; 0.273 V                              ; 0.065 V                              ; 4.95e-10 s                  ; 5.37e-10 s                  ; No                         ; Yes                        ; 2.62 V                      ; 3.16e-08 V                  ; 2.71 V             ; -0.0171 V          ; 0.273 V                             ; 0.065 V                             ; 4.95e-10 s                 ; 5.37e-10 s                 ; No                        ; Yes                       ;
; HEX3[6]       ; 2.5 V        ; 0 s                 ; 0 s                 ; 2.62 V                       ; 3.16e-08 V                   ; 2.71 V              ; -0.0171 V           ; 0.273 V                              ; 0.065 V                              ; 4.95e-10 s                  ; 5.37e-10 s                  ; No                         ; Yes                        ; 2.62 V                      ; 3.16e-08 V                  ; 2.71 V             ; -0.0171 V          ; 0.273 V                             ; 0.065 V                             ; 4.95e-10 s                 ; 5.37e-10 s                 ; No                        ; Yes                       ;
; HEX2[0]       ; 2.5 V        ; 0 s                 ; 0 s                 ; 2.62 V                       ; 4.66e-08 V                   ; 2.72 V              ; -0.0215 V           ; 0.161 V                              ; 0.061 V                              ; 4.44e-10 s                  ; 4.06e-10 s                  ; No                         ; Yes                        ; 2.62 V                      ; 4.66e-08 V                  ; 2.72 V             ; -0.0215 V          ; 0.161 V                             ; 0.061 V                             ; 4.44e-10 s                 ; 4.06e-10 s                 ; No                        ; Yes                       ;
; HEX2[1]       ; 2.5 V        ; 0 s                 ; 0 s                 ; 2.62 V                       ; 3.16e-08 V                   ; 2.71 V              ; -0.0171 V           ; 0.273 V                              ; 0.065 V                              ; 4.95e-10 s                  ; 5.37e-10 s                  ; No                         ; Yes                        ; 2.62 V                      ; 3.16e-08 V                  ; 2.71 V             ; -0.0171 V          ; 0.273 V                             ; 0.065 V                             ; 4.95e-10 s                 ; 5.37e-10 s                 ; No                        ; Yes                       ;
; HEX2[2]       ; 2.5 V        ; 0 s                 ; 0 s                 ; 2.62 V                       ; 3.16e-08 V                   ; 2.72 V              ; -0.0199 V           ; 0.186 V                              ; 0.027 V                              ; 2.63e-10 s                  ; 2.76e-10 s                  ; Yes                        ; Yes                        ; 2.62 V                      ; 3.16e-08 V                  ; 2.72 V             ; -0.0199 V          ; 0.186 V                             ; 0.027 V                             ; 2.63e-10 s                 ; 2.76e-10 s                 ; Yes                       ; Yes                       ;
; HEX2[3]       ; 2.5 V        ; 0 s                 ; 0 s                 ; 2.62 V                       ; 4.66e-08 V                   ; 2.72 V              ; -0.0215 V           ; 0.161 V                              ; 0.061 V                              ; 4.44e-10 s                  ; 4.06e-10 s                  ; No                         ; Yes                        ; 2.62 V                      ; 4.66e-08 V                  ; 2.72 V             ; -0.0215 V          ; 0.161 V                             ; 0.061 V                             ; 4.44e-10 s                 ; 4.06e-10 s                 ; No                        ; Yes                       ;
; HEX2[4]       ; 2.5 V        ; 0 s                 ; 0 s                 ; 2.62 V                       ; 3.16e-08 V                   ; 2.72 V              ; -0.0199 V           ; 0.186 V                              ; 0.027 V                              ; 2.63e-10 s                  ; 2.76e-10 s                  ; Yes                        ; Yes                        ; 2.62 V                      ; 3.16e-08 V                  ; 2.72 V             ; -0.0199 V          ; 0.186 V                             ; 0.027 V                             ; 2.63e-10 s                 ; 2.76e-10 s                 ; Yes                       ; Yes                       ;
; HEX2[5]       ; 2.5 V        ; 0 s                 ; 0 s                 ; 2.62 V                       ; 3.16e-08 V                   ; 2.71 V              ; -0.0171 V           ; 0.273 V                              ; 0.065 V                              ; 4.95e-10 s                  ; 5.37e-10 s                  ; No                         ; Yes                        ; 2.62 V                      ; 3.16e-08 V                  ; 2.71 V             ; -0.0171 V          ; 0.273 V                             ; 0.065 V                             ; 4.95e-10 s                 ; 5.37e-10 s                 ; No                        ; Yes                       ;
; HEX2[6]       ; 2.5 V        ; 0 s                 ; 0 s                 ; 2.62 V                       ; 3.16e-08 V                   ; 2.71 V              ; -0.0171 V           ; 0.273 V                              ; 0.065 V                              ; 4.95e-10 s                  ; 5.37e-10 s                  ; No                         ; Yes                        ; 2.62 V                      ; 3.16e-08 V                  ; 2.71 V             ; -0.0171 V          ; 0.273 V                             ; 0.065 V                             ; 4.95e-10 s                 ; 5.37e-10 s                 ; No                        ; Yes                       ;
; HEX1[0]       ; 2.5 V        ; 0 s                 ; 0 s                 ; 2.62 V                       ; 3.16e-08 V                   ; 2.65 V              ; -0.0109 V           ; 0.234 V                              ; 0.125 V                              ; 1.64e-09 s                  ; 1.59e-09 s                  ; No                         ; Yes                        ; 2.62 V                      ; 3.16e-08 V                  ; 2.65 V             ; -0.0109 V          ; 0.234 V                             ; 0.125 V                             ; 1.64e-09 s                 ; 1.59e-09 s                 ; No                        ; Yes                       ;
; HEX1[1]       ; 2.5 V        ; 0 s                 ; 0 s                 ; 2.62 V                       ; 3.16e-08 V                   ; 2.71 V              ; -0.0171 V           ; 0.273 V                              ; 0.065 V                              ; 4.95e-10 s                  ; 5.37e-10 s                  ; No                         ; Yes                        ; 2.62 V                      ; 3.16e-08 V                  ; 2.71 V             ; -0.0171 V          ; 0.273 V                             ; 0.065 V                             ; 4.95e-10 s                 ; 5.37e-10 s                 ; No                        ; Yes                       ;
; HEX1[2]       ; 2.5 V        ; 0 s                 ; 0 s                 ; 2.62 V                       ; 3.16e-08 V                   ; 2.71 V              ; -0.0171 V           ; 0.273 V                              ; 0.065 V                              ; 4.95e-10 s                  ; 5.37e-10 s                  ; No                         ; Yes                        ; 2.62 V                      ; 3.16e-08 V                  ; 2.71 V             ; -0.0171 V          ; 0.273 V                             ; 0.065 V                             ; 4.95e-10 s                 ; 5.37e-10 s                 ; No                        ; Yes                       ;
; HEX1[3]       ; 2.5 V        ; 0 s                 ; 0 s                 ; 2.62 V                       ; 3.16e-08 V                   ; 2.71 V              ; -0.0171 V           ; 0.273 V                              ; 0.065 V                              ; 4.95e-10 s                  ; 5.37e-10 s                  ; No                         ; Yes                        ; 2.62 V                      ; 3.16e-08 V                  ; 2.71 V             ; -0.0171 V          ; 0.273 V                             ; 0.065 V                             ; 4.95e-10 s                 ; 5.37e-10 s                 ; No                        ; Yes                       ;
; HEX1[4]       ; 2.5 V        ; 0 s                 ; 0 s                 ; 2.62 V                       ; 3.16e-08 V                   ; 2.71 V              ; -0.0171 V           ; 0.273 V                              ; 0.065 V                              ; 4.95e-10 s                  ; 5.37e-10 s                  ; No                         ; Yes                        ; 2.62 V                      ; 3.16e-08 V                  ; 2.71 V             ; -0.0171 V          ; 0.273 V                             ; 0.065 V                             ; 4.95e-10 s                 ; 5.37e-10 s                 ; No                        ; Yes                       ;
; HEX1[5]       ; 2.5 V        ; 0 s                 ; 0 s                 ; 2.62 V                       ; 3.16e-08 V                   ; 2.71 V              ; -0.0171 V           ; 0.273 V                              ; 0.065 V                              ; 4.95e-10 s                  ; 5.37e-10 s                  ; No                         ; Yes                        ; 2.62 V                      ; 3.16e-08 V                  ; 2.71 V             ; -0.0171 V          ; 0.273 V                             ; 0.065 V                             ; 4.95e-10 s                 ; 5.37e-10 s                 ; No                        ; Yes                       ;
; HEX1[6]       ; 2.5 V        ; 0 s                 ; 0 s                 ; 2.62 V                       ; 3.16e-08 V                   ; 2.72 V              ; -0.0199 V           ; 0.186 V                              ; 0.027 V                              ; 2.63e-10 s                  ; 2.76e-10 s                  ; Yes                        ; Yes                        ; 2.62 V                      ; 3.16e-08 V                  ; 2.72 V             ; -0.0199 V          ; 0.186 V                             ; 0.027 V                             ; 2.63e-10 s                 ; 2.76e-10 s                 ; Yes                       ; Yes                       ;
; HEX0[0]       ; 2.5 V        ; 0 s                 ; 0 s                 ; 2.62 V                       ; 3.16e-08 V                   ; 2.71 V              ; -0.0171 V           ; 0.273 V                              ; 0.065 V                              ; 4.95e-10 s                  ; 5.37e-10 s                  ; No                         ; Yes                        ; 2.62 V                      ; 3.16e-08 V                  ; 2.71 V             ; -0.0171 V          ; 0.273 V                             ; 0.065 V                             ; 4.95e-10 s                 ; 5.37e-10 s                 ; No                        ; Yes                       ;
; HEX0[1]       ; 2.5 V        ; 0 s                 ; 0 s                 ; 2.62 V                       ; 3.16e-08 V                   ; 2.71 V              ; -0.0171 V           ; 0.273 V                              ; 0.065 V                              ; 4.95e-10 s                  ; 5.37e-10 s                  ; No                         ; Yes                        ; 2.62 V                      ; 3.16e-08 V                  ; 2.71 V             ; -0.0171 V          ; 0.273 V                             ; 0.065 V                             ; 4.95e-10 s                 ; 5.37e-10 s                 ; No                        ; Yes                       ;
; HEX0[2]       ; 2.5 V        ; 0 s                 ; 0 s                 ; 2.62 V                       ; 4.66e-08 V                   ; 2.72 V              ; -0.0215 V           ; 0.161 V                              ; 0.061 V                              ; 4.44e-10 s                  ; 4.06e-10 s                  ; No                         ; Yes                        ; 2.62 V                      ; 4.66e-08 V                  ; 2.72 V             ; -0.0215 V          ; 0.161 V                             ; 0.061 V                             ; 4.44e-10 s                 ; 4.06e-10 s                 ; No                        ; Yes                       ;
; HEX0[3]       ; 2.5 V        ; 0 s                 ; 0 s                 ; 2.62 V                       ; 4.66e-08 V                   ; 2.72 V              ; -0.0215 V           ; 0.161 V                              ; 0.061 V                              ; 4.44e-10 s                  ; 4.06e-10 s                  ; No                         ; Yes                        ; 2.62 V                      ; 4.66e-08 V                  ; 2.72 V             ; -0.0215 V          ; 0.161 V                             ; 0.061 V                             ; 4.44e-10 s                 ; 4.06e-10 s                 ; No                        ; Yes                       ;
; HEX0[4]       ; 2.5 V        ; 0 s                 ; 0 s                 ; 2.62 V                       ; 4.66e-08 V                   ; 2.73 V              ; -0.0205 V           ; 0.17 V                               ; 0.027 V                              ; 2.58e-10 s                  ; 2.57e-10 s                  ; Yes                        ; Yes                        ; 2.62 V                      ; 4.66e-08 V                  ; 2.73 V             ; -0.0205 V          ; 0.17 V                              ; 0.027 V                             ; 2.58e-10 s                 ; 2.57e-10 s                 ; Yes                       ; Yes                       ;
; HEX0[5]       ; 2.5 V        ; 0 s                 ; 0 s                 ; 2.62 V                       ; 4.66e-08 V                   ; 2.73 V              ; -0.0205 V           ; 0.17 V                               ; 0.027 V                              ; 2.58e-10 s                  ; 2.57e-10 s                  ; Yes                        ; Yes                        ; 2.62 V                      ; 4.66e-08 V                  ; 2.73 V             ; -0.0205 V          ; 0.17 V                              ; 0.027 V                             ; 2.58e-10 s                 ; 2.57e-10 s                 ; Yes                       ; Yes                       ;
; HEX0[6]       ; 2.5 V        ; 0 s                 ; 0 s                 ; 2.62 V                       ; 3.16e-08 V                   ; 2.71 V              ; -0.0171 V           ; 0.273 V                              ; 0.065 V                              ; 4.95e-10 s                  ; 5.37e-10 s                  ; No                         ; Yes                        ; 2.62 V                      ; 3.16e-08 V                  ; 2.71 V             ; -0.0171 V          ; 0.273 V                             ; 0.065 V                             ; 4.95e-10 s                 ; 5.37e-10 s                 ; No                        ; Yes                       ;
; ~ALTERA_NCEO~ ; 2.5 V        ; 0 s                 ; 0 s                 ; 2.62 V                       ; 3.06e-08 V                   ; 2.86 V              ; -0.0341 V           ; 0.364 V                              ; 0.046 V                              ; 1.17e-10 s                  ; 2.6e-10 s                   ; No                         ; Yes                        ; 2.62 V                      ; 3.06e-08 V                  ; 2.86 V             ; -0.0341 V          ; 0.364 V                             ; 0.046 V                             ; 1.17e-10 s                 ; 2.6e-10 s                  ; No                        ; Yes                       ;
; ~ALTERA_DCLK~ ; 2.5 V        ; 0 s                 ; 0 s                 ; 2.62 V                       ; 3.81e-08 V                   ; 2.72 V              ; -0.0548 V           ; 0.144 V                              ; 0.087 V                              ; 2.55e-10 s                  ; 2.14e-10 s                  ; Yes                        ; Yes                        ; 2.62 V                      ; 3.81e-08 V                  ; 2.72 V             ; -0.0548 V          ; 0.144 V                             ; 0.087 V                             ; 2.55e-10 s                 ; 2.14e-10 s                 ; Yes                       ; Yes                       ;
+---------------+--------------+---------------------+---------------------+------------------------------+------------------------------+---------------------+---------------------+--------------------------------------+--------------------------------------+-----------------------------+-----------------------------+----------------------------+----------------------------+-----------------------------+-----------------------------+--------------------+--------------------+-------------------------------------+-------------------------------------+----------------------------+----------------------------+---------------------------+---------------------------+


+-------------------------------------------------------------------+
; Setup Transfers                                                   ;
+------------+----------+----------+----------+----------+----------+
; From Clock ; To Clock ; RR Paths ; FR Paths ; RF Paths ; FF Paths ;
+------------+----------+----------+----------+----------+----------+
; clk_50M    ; clk_50M  ; 6915     ; 0        ; 0        ; 0        ;
+------------+----------+----------+----------+----------+----------+
Entries labeled "false path" only account for clock-to-clock false paths and not path-based false paths. As a result, actual path counts may be lower than reported.


+-------------------------------------------------------------------+
; Hold Transfers                                                    ;
+------------+----------+----------+----------+----------+----------+
; From Clock ; To Clock ; RR Paths ; FR Paths ; RF Paths ; FF Paths ;
+------------+----------+----------+----------+----------+----------+
; clk_50M    ; clk_50M  ; 6915     ; 0        ; 0        ; 0        ;
+------------+----------+----------+----------+----------+----------+
Entries labeled "false path" only account for clock-to-clock false paths and not path-based false paths. As a result, actual path counts may be lower than reported.


---------------
; Report TCCS ;
---------------
No dedicated SERDES Transmitter circuitry present in device or used in design


---------------
; Report RSKM ;
---------------
No non-DPA dedicated SERDES Receiver circuitry present in device or used in design


+------------------------------------------------+
; Unconstrained Paths Summary                    ;
+---------------------------------+-------+------+
; Property                        ; Setup ; Hold ;
+---------------------------------+-------+------+
; Illegal Clocks                  ; 0     ; 0    ;
; Unconstrained Clocks            ; 0     ; 0    ;
; Unconstrained Input Ports       ; 5     ; 5    ;
; Unconstrained Input Port Paths  ; 195   ; 195  ;
; Unconstrained Output Ports      ; 56    ; 56   ;
; Unconstrained Output Port Paths ; 781   ; 781  ;
+---------------------------------+-------+------+


+----------------------------------------+
; Clock Status Summary                   ;
+---------+---------+------+-------------+
; Target  ; Clock   ; Type ; Status      ;
+---------+---------+------+-------------+
; clk_50M ; clk_50M ; Base ; Constrained ;
+---------+---------+------+-------------+


+----------------------------------------------------------------------------------------------------+
; Unconstrained Input Ports                                                                          ;
+-------------+--------------------------------------------------------------------------------------+
; Input Port  ; Comment                                                                              ;
+-------------+--------------------------------------------------------------------------------------+
; key_dec     ; No input delay, min/max delays, false-path exceptions, or max skew assignments found ;
; key_inc     ; No input delay, min/max delays, false-path exceptions, or max skew assignments found ;
; key_mode    ; No input delay, min/max delays, false-path exceptions, or max skew assignments found ;
; key_rst_n   ; No input delay, min/max delays, false-path exceptions, or max skew assignments found ;
; key_rst_num ; No input delay, min/max delays, false-path exceptions, or max skew assignments found ;
+-------------+--------------------------------------------------------------------------------------+


+-----------------------------------------------------------------------------------------------------+
; Unconstrained Output Ports                                                                          ;
+-------------+---------------------------------------------------------------------------------------+
; Output Port ; Comment                                                                               ;
+-------------+---------------------------------------------------------------------------------------+
; HEX0[0]     ; No output delay, min/max delays, false-path exceptions, or max skew assignments found ;
; HEX0[1]     ; No output delay, min/max delays, false-path exceptions, or max skew assignments found ;
; HEX0[2]     ; No output delay, min/max delays, false-path exceptions, or max skew assignments found ;
; HEX0[3]     ; No output delay, min/max delays, false-path exceptions, or max skew assignments found ;
; HEX0[4]     ; No output delay, min/max delays, false-path exceptions, or max skew assignments found ;
; HEX0[5]     ; No output delay, min/max delays, false-path exceptions, or max skew assignments found ;
; HEX0[6]     ; No output delay, min/max delays, false-path exceptions, or max skew assignments found ;
; HEX1[0]     ; No output delay, min/max delays, false-path exceptions, or max skew assignments found ;
; HEX1[1]     ; No output delay, min/max delays, false-path exceptions, or max skew assignments found ;
; HEX1[2]     ; No output delay, min/max delays, false-path exceptions, or max skew assignments found ;
; HEX1[3]     ; No output delay, min/max delays, false-path exceptions, or max skew assignments found ;
; HEX1[4]     ; No output delay, min/max delays, false-path exceptions, or max skew assignments found ;
; HEX1[5]     ; No output delay, min/max delays, false-path exceptions, or max skew assignments found ;
; HEX1[6]     ; No output delay, min/max delays, false-path exceptions, or max skew assignments found ;
; HEX2[0]     ; No output delay, min/max delays, false-path exceptions, or max skew assignments found ;
; HEX2[1]     ; No output delay, min/max delays, false-path exceptions, or max skew assignments found ;
; HEX2[2]     ; No output delay, min/max delays, false-path exceptions, or max skew assignments found ;
; HEX2[3]     ; No output delay, min/max delays, false-path exceptions, or max skew assignments found ;
; HEX2[4]     ; No output delay, min/max delays, false-path exceptions, or max skew assignments found ;
; HEX2[5]     ; No output delay, min/max delays, false-path exceptions, or max skew assignments found ;
; HEX2[6]     ; No output delay, min/max delays, false-path exceptions, or max skew assignments found ;
; HEX3[0]     ; No output delay, min/max delays, false-path exceptions, or max skew assignments found ;
; HEX3[1]     ; No output delay, min/max delays, false-path exceptions, or max skew assignments found ;
; HEX3[2]     ; No output delay, min/max delays, false-path exceptions, or max skew assignments found ;
; HEX3[3]     ; No output delay, min/max delays, false-path exceptions, or max skew assignments found ;
; HEX3[4]     ; No output delay, min/max delays, false-path exceptions, or max skew assignments found ;
; HEX3[5]     ; No output delay, min/max delays, false-path exceptions, or max skew assignments found ;
; HEX3[6]     ; No output delay, min/max delays, false-path exceptions, or max skew assignments found ;
; HEX4[0]     ; No output delay, min/max delays, false-path exceptions, or max skew assignments found ;
; HEX4[1]     ; No output delay, min/max delays, false-path exceptions, or max skew assignments found ;
; HEX4[2]     ; No output delay, min/max delays, false-path exceptions, or max skew assignments found ;
; HEX4[3]     ; No output delay, min/max delays, false-path exceptions, or max skew assignments found ;
; HEX4[4]     ; No output delay, min/max delays, false-path exceptions, or max skew assignments found ;
; HEX4[5]     ; No output delay, min/max delays, false-path exceptions, or max skew assignments found ;
; HEX4[6]     ; No output delay, min/max delays, false-path exceptions, or max skew assignments found ;
; HEX5[0]     ; No output delay, min/max delays, false-path exceptions, or max skew assignments found ;
; HEX5[1]     ; No output delay, min/max delays, false-path exceptions, or max skew assignments found ;
; HEX5[2]     ; No output delay, min/max delays, false-path exceptions, or max skew assignments found ;
; HEX5[3]     ; No output delay, min/max delays, false-path exceptions, or max skew assignments found ;
; HEX5[4]     ; No output delay, min/max delays, false-path exceptions, or max skew assignments found ;
; HEX5[5]     ; No output delay, min/max delays, false-path exceptions, or max skew assignments found ;
; HEX5[6]     ; No output delay, min/max delays, false-path exceptions, or max skew assignments found ;
; HEX6[0]     ; No output delay, min/max delays, false-path exceptions, or max skew assignments found ;
; HEX6[1]     ; No output delay, min/max delays, false-path exceptions, or max skew assignments found ;
; HEX6[2]     ; No output delay, min/max delays, false-path exceptions, or max skew assignments found ;
; HEX6[3]     ; No output delay, min/max delays, false-path exceptions, or max skew assignments found ;
; HEX6[4]     ; No output delay, min/max delays, false-path exceptions, or max skew assignments found ;
; HEX6[5]     ; No output delay, min/max delays, false-path exceptions, or max skew assignments found ;
; HEX6[6]     ; No output delay, min/max delays, false-path exceptions, or max skew assignments found ;
; HEX7[0]     ; No output delay, min/max delays, false-path exceptions, or max skew assignments found ;
; HEX7[1]     ; No output delay, min/max delays, false-path exceptions, or max skew assignments found ;
; HEX7[2]     ; No output delay, min/max delays, false-path exceptions, or max skew assignments found ;
; HEX7[3]     ; No output delay, min/max delays, false-path exceptions, or max skew assignments found ;
; HEX7[4]     ; No output delay, min/max delays, false-path exceptions, or max skew assignments found ;
; HEX7[5]     ; No output delay, min/max delays, false-path exceptions, or max skew assignments found ;
; HEX7[6]     ; No output delay, min/max delays, false-path exceptions, or max skew assignments found ;
+-------------+---------------------------------------------------------------------------------------+


+----------------------------------------------------------------------------------------------------+
; Unconstrained Input Ports                                                                          ;
+-------------+--------------------------------------------------------------------------------------+
; Input Port  ; Comment                                                                              ;
+-------------+--------------------------------------------------------------------------------------+
; key_dec     ; No input delay, min/max delays, false-path exceptions, or max skew assignments found ;
; key_inc     ; No input delay, min/max delays, false-path exceptions, or max skew assignments found ;
; key_mode    ; No input delay, min/max delays, false-path exceptions, or max skew assignments found ;
; key_rst_n   ; No input delay, min/max delays, false-path exceptions, or max skew assignments found ;
; key_rst_num ; No input delay, min/max delays, false-path exceptions, or max skew assignments found ;
+-------------+--------------------------------------------------------------------------------------+


+-----------------------------------------------------------------------------------------------------+
; Unconstrained Output Ports                                                                          ;
+-------------+---------------------------------------------------------------------------------------+
; Output Port ; Comment                                                                               ;
+-------------+---------------------------------------------------------------------------------------+
; HEX0[0]     ; No output delay, min/max delays, false-path exceptions, or max skew assignments found ;
; HEX0[1]     ; No output delay, min/max delays, false-path exceptions, or max skew assignments found ;
; HEX0[2]     ; No output delay, min/max delays, false-path exceptions, or max skew assignments found ;
; HEX0[3]     ; No output delay, min/max delays, false-path exceptions, or max skew assignments found ;
; HEX0[4]     ; No output delay, min/max delays, false-path exceptions, or max skew assignments found ;
; HEX0[5]     ; No output delay, min/max delays, false-path exceptions, or max skew assignments found ;
; HEX0[6]     ; No output delay, min/max delays, false-path exceptions, or max skew assignments found ;
; HEX1[0]     ; No output delay, min/max delays, false-path exceptions, or max skew assignments found ;
; HEX1[1]     ; No output delay, min/max delays, false-path exceptions, or max skew assignments found ;
; HEX1[2]     ; No output delay, min/max delays, false-path exceptions, or max skew assignments found ;
; HEX1[3]     ; No output delay, min/max delays, false-path exceptions, or max skew assignments found ;
; HEX1[4]     ; No output delay, min/max delays, false-path exceptions, or max skew assignments found ;
; HEX1[5]     ; No output delay, min/max delays, false-path exceptions, or max skew assignments found ;
; HEX1[6]     ; No output delay, min/max delays, false-path exceptions, or max skew assignments found ;
; HEX2[0]     ; No output delay, min/max delays, false-path exceptions, or max skew assignments found ;
; HEX2[1]     ; No output delay, min/max delays, false-path exceptions, or max skew assignments found ;
; HEX2[2]     ; No output delay, min/max delays, false-path exceptions, or max skew assignments found ;
; HEX2[3]     ; No output delay, min/max delays, false-path exceptions, or max skew assignments found ;
; HEX2[4]     ; No output delay, min/max delays, false-path exceptions, or max skew assignments found ;
; HEX2[5]     ; No output delay, min/max delays, false-path exceptions, or max skew assignments found ;
; HEX2[6]     ; No output delay, min/max delays, false-path exceptions, or max skew assignments found ;
; HEX3[0]     ; No output delay, min/max delays, false-path exceptions, or max skew assignments found ;
; HEX3[1]     ; No output delay, min/max delays, false-path exceptions, or max skew assignments found ;
; HEX3[2]     ; No output delay, min/max delays, false-path exceptions, or max skew assignments found ;
; HEX3[3]     ; No output delay, min/max delays, false-path exceptions, or max skew assignments found ;
; HEX3[4]     ; No output delay, min/max delays, false-path exceptions, or max skew assignments found ;
; HEX3[5]     ; No output delay, min/max delays, false-path exceptions, or max skew assignments found ;
; HEX3[6]     ; No output delay, min/max delays, false-path exceptions, or max skew assignments found ;
; HEX4[0]     ; No output delay, min/max delays, false-path exceptions, or max skew assignments found ;
; HEX4[1]     ; No output delay, min/max delays, false-path exceptions, or max skew assignments found ;
; HEX4[2]     ; No output delay, min/max delays, false-path exceptions, or max skew assignments found ;
; HEX4[3]     ; No output delay, min/max delays, false-path exceptions, or max skew assignments found ;
; HEX4[4]     ; No output delay, min/max delays, false-path exceptions, or max skew assignments found ;
; HEX4[5]     ; No output delay, min/max delays, false-path exceptions, or max skew assignments found ;
; HEX4[6]     ; No output delay, min/max delays, false-path exceptions, or max skew assignments found ;
; HEX5[0]     ; No output delay, min/max delays, false-path exceptions, or max skew assignments found ;
; HEX5[1]     ; No output delay, min/max delays, false-path exceptions, or max skew assignments found ;
; HEX5[2]     ; No output delay, min/max delays, false-path exceptions, or max skew assignments found ;
; HEX5[3]     ; No output delay, min/max delays, false-path exceptions, or max skew assignments found ;
; HEX5[4]     ; No output delay, min/max delays, false-path exceptions, or max skew assignments found ;
; HEX5[5]     ; No output delay, min/max delays, false-path exceptions, or max skew assignments found ;
; HEX5[6]     ; No output delay, min/max delays, false-path exceptions, or max skew assignments found ;
; HEX6[0]     ; No output delay, min/max delays, false-path exceptions, or max skew assignments found ;
; HEX6[1]     ; No output delay, min/max delays, false-path exceptions, or max skew assignments found ;
; HEX6[2]     ; No output delay, min/max delays, false-path exceptions, or max skew assignments found ;
; HEX6[3]     ; No output delay, min/max delays, false-path exceptions, or max skew assignments found ;
; HEX6[4]     ; No output delay, min/max delays, false-path exceptions, or max skew assignments found ;
; HEX6[5]     ; No output delay, min/max delays, false-path exceptions, or max skew assignments found ;
; HEX6[6]     ; No output delay, min/max delays, false-path exceptions, or max skew assignments found ;
; HEX7[0]     ; No output delay, min/max delays, false-path exceptions, or max skew assignments found ;
; HEX7[1]     ; No output delay, min/max delays, false-path exceptions, or max skew assignments found ;
; HEX7[2]     ; No output delay, min/max delays, false-path exceptions, or max skew assignments found ;
; HEX7[3]     ; No output delay, min/max delays, false-path exceptions, or max skew assignments found ;
; HEX7[4]     ; No output delay, min/max delays, false-path exceptions, or max skew assignments found ;
; HEX7[5]     ; No output delay, min/max delays, false-path exceptions, or max skew assignments found ;
; HEX7[6]     ; No output delay, min/max delays, false-path exceptions, or max skew assignments found ;
+-------------+---------------------------------------------------------------------------------------+


+--------------------------+
; Timing Analyzer Messages ;
+--------------------------+
Info: *******************************************************************
Info: Running Quartus Prime Timing Analyzer
    Info: Version 25.1std.0 Build 1129 10/21/2025 SC Lite Edition
    Info: Processing started: Thu Aug 27 17:00:31 2026
Info: Command: quartus_sta century_clock_top -c century_clock_top
Info: qsta_default_script.tcl version: #1
Warning (18236): Number of processors has not been specified which may cause overloading on shared machines.  Set the global assignment NUM_PARALLEL_PROCESSORS in your QSF to an appropriate value for best performance.
Info (20030): Parallel compilation is enabled and will use 16 of the 16 processors detected
Info (21076): High junction temperature operating condition is not set. Assuming a default value of '85'.
Info (21076): Low junction temperature operating condition is not set. Assuming a default value of '0'.
Critical Warning (332012): Synopsys Design Constraints File file not found: 'century_clock_top.sdc'. A Synopsys Design Constraints File is required by the Timing Analyzer to get proper timing constraints. Without it, the Compiler will not properly optimize the design.
Info (332142): No user constrained base clocks found in the design. Calling "derive_clocks -period 1.0"
Info (332105): Deriving Clocks
    Info (332105): create_clock -period 1.000 -name clk_50M clk_50M
Info (332143): No user constrained clock uncertainty found in the design. Calling "derive_clock_uncertainty"
Info (332123): Deriving Clock Uncertainty. Please refer to report_sdc in the Timing Analyzer to see clock uncertainties.
Info: Found TIMING_ANALYZER_REPORT_SCRIPT_INCLUDE_DEFAULT_ANALYSIS = ON
Info: Analyzing Slow 1200mV 85C Model
Critical Warning (332148): Timing requirements not met
    Info (11105): For recommendations on closing timing, run Report Timing Closure Recommendations in the Timing Analyzer.
Info (332146): Worst-case setup slack is -3.354
    Info (332119):     Slack       End Point TNS Clock 
    Info (332119): ========= =================== =====================
    Info (332119):    -3.354            -364.434 clk_50M 
Info (332146): Worst-case hold slack is 0.355
    Info (332119):     Slack       End Point TNS Clock 
    Info (332119): ========= =================== =====================
    Info (332119):     0.355               0.000 clk_50M 
Info (332140): No Recovery paths to report
Info (332140): No Removal paths to report
Info (332146): Worst-case minimum pulse width slack is -3.000
    Info (332119):     Slack       End Point TNS Clock 
    Info (332119): ========= =================== =====================
    Info (332119):    -3.000            -194.000 clk_50M 
Info (332114): Report Metastability: Found 4 synchronizer chains.
    Info (332114): Design MTBF is not calculated because the design doesn't meet its timing requirements.
Info: Analyzing Slow 1200mV 0C Model
Info (334003): Started post-fitting delay annotation
Info (334004): Delay annotation completed successfully
Info (332123): Deriving Clock Uncertainty. Please refer to report_sdc in the Timing Analyzer to see clock uncertainties.
Critical Warning (332148): Timing requirements not met
    Info (11105): For recommendations on closing timing, run Report Timing Closure Recommendations in the Timing Analyzer.
Info (332146): Worst-case setup slack is -2.917
    Info (332119):     Slack       End Point TNS Clock 
    Info (332119): ========= =================== =====================
    Info (332119):    -2.917            -309.880 clk_50M 
Info (332146): Worst-case hold slack is 0.309
    Info (332119):     Slack       End Point TNS Clock 
    Info (332119): ========= =================== =====================
    Info (332119):     0.309               0.000 clk_50M 
Info (332140): No Recovery paths to report
Info (332140): No Removal paths to report
Info (332146): Worst-case minimum pulse width slack is -3.000
    Info (332119):     Slack       End Point TNS Clock 
    Info (332119): ========= =================== =====================
    Info (332119):    -3.000            -194.000 clk_50M 
Info (332114): Report Metastability: Found 4 synchronizer chains.
    Info (332114): Design MTBF is not calculated because the design doesn't meet its timing requirements.
Info: Analyzing Fast 1200mV 0C Model
Info (332123): Deriving Clock Uncertainty. Please refer to report_sdc in the Timing Analyzer to see clock uncertainties.
Critical Warning (332148): Timing requirements not met
    Info (11105): For recommendations on closing timing, run Report Timing Closure Recommendations in the Timing Analyzer.
Info (332146): Worst-case setup slack is -1.410
    Info (332119):     Slack       End Point TNS Clock 
    Info (332119): ========= =================== =====================
    Info (332119):    -1.410            -123.263 clk_50M 
Info (332146): Worst-case hold slack is 0.185
    Info (332119):     Slack       End Point TNS Clock 
    Info (332119): ========= =================== =====================
    Info (332119):     0.185               0.000 clk_50M 
Info (332140): No Recovery paths to report
Info (332140): No Removal paths to report
Info (332146): Worst-case minimum pulse width slack is -3.000
    Info (332119):     Slack       End Point TNS Clock 
    Info (332119): ========= =================== =====================
    Info (332119):    -3.000            -199.611 clk_50M 
Info (332114): Report Metastability: Found 4 synchronizer chains.
    Info (332114): Design MTBF is not calculated because the design doesn't meet its timing requirements.
Info (332102): Design is not fully constrained for setup requirements
Info (332102): Design is not fully constrained for hold requirements
Info: Quartus Prime Timing Analyzer was successful. 0 errors, 5 warnings
    Info: Peak virtual memory: 605 megabytes
    Info: Processing ended: Thu Aug 27 17:00:32 2026
    Info: Elapsed time: 00:00:01
    Info: Total CPU time (on all processors): 00:00:01


