Fitter report for century_clock_top
Thu Aug 27 17:00:28 2026
Quartus Prime Version 25.1std.0 Build 1129 10/21/2025 SC Lite Edition


---------------------
; Table of Contents ;
---------------------
  1. Legal Notice
  2. Fitter Summary
  3. Fitter Settings
  4. Parallel Compilation
  5. Incremental Compilation Preservation Summary
  6. Incremental Compilation Partition Settings
  7. Incremental Compilation Placement Preservation
  8. Pin-Out File
  9. Fitter Resource Usage Summary
 10. Fitter Partition Statistics
 11. Input Pins
 12. Output Pins
 13. Dual Purpose and Dedicated Pins
 14. I/O Bank Usage
 15. All Package Pins
 16. I/O Assignment Warnings
 17. Fitter Resource Utilization by Entity
 18. Delay Chain Summary
 19. Pad To Core Delay Chain Fanout
 20. Control Signals
 21. Global & Other Fast Signals
 22. Routing Usage Summary
 23. LAB Logic Elements
 24. LAB-wide Signals
 25. LAB Signals Sourced
 26. LAB Signals Sourced Out
 27. LAB Distinct Inputs
 28. I/O Rules Summary
 29. I/O Rules Details
 30. I/O Rules Matrix
 31. Fitter Device Options
 32. Operating Settings and Conditions
 33. Fitter Messages
 34. Fitter Suppressed Messages



----------------
; Legal Notice ;
----------------
Copyright (C) 2025  Altera Corporation. All rights reserved.
Your use of Altera Corporation's design tools, logic functions 
and other software and tools, and any partner logic 
functions, and any output files from any of the foregoing 
(including device programming or simulation files), and any 
associated documentation or information are expressly subject 
to the terms and conditions of the Altera Program License 
Subscription Agreement, the Altera Quartus Prime License Agreement,
the Altera IP License Agreement, or other applicable license
agreement, including, without limitation, that your use is for
the sole purpose of programming logic devices manufactured by
Altera and sold by Altera or its authorized distributors.  Please
refer to the Altera Software License Subscription Agreements 
on the Quartus Prime software download page.



+--------------------------------------------------------------------------------------+
; Fitter Summary                                                                       ;
+------------------------------------+-------------------------------------------------+
; Fitter Status                      ; Successful - Thu Aug 27 17:00:28 2026           ;
; Quartus Prime Version              ; 25.1std.0 Build 1129 10/21/2025 SC Lite Edition ;
; Revision Name                      ; century_clock_top                               ;
; Top-level Entity Name              ; century_clock_top                               ;
; Family                             ; Cyclone IV GX                                   ;
; Device                             ; EP4CGX22CF19C6                                  ;
; Timing Models                      ; Final                                           ;
; Total logic elements               ; 588 / 21,280 ( 3 % )                            ;
;     Total combinational functions  ; 576 / 21,280 ( 3 % )                            ;
;     Dedicated logic registers      ; 191 / 21,280 ( < 1 % )                          ;
; Total registers                    ; 191                                             ;
; Total pins                         ; 62 / 167 ( 37 % )                               ;
; Total virtual pins                 ; 0                                               ;
; Total memory bits                  ; 0 / 774,144 ( 0 % )                             ;
; Embedded Multiplier 9-bit elements ; 0 / 80 ( 0 % )                                  ;
; Total GXB Receiver Channel PCS     ; 0 / 4 ( 0 % )                                   ;
; Total GXB Receiver Channel PMA     ; 0 / 4 ( 0 % )                                   ;
; Total GXB Transmitter Channel PCS  ; 0 / 4 ( 0 % )                                   ;
; Total GXB Transmitter Channel PMA  ; 0 / 4 ( 0 % )                                   ;
; Total PLLs                         ; 0 / 4 ( 0 % )                                   ;
+------------------------------------+-------------------------------------------------+


+----------------------------------------------------------------------------------------------------------------------------------------------------+
; Fitter Settings                                                                                                                                    ;
+--------------------------------------------------------------------+---------------------------------------+---------------------------------------+
; Option                                                             ; Setting                               ; Default Value                         ;
+--------------------------------------------------------------------+---------------------------------------+---------------------------------------+
; Device                                                             ; AUTO                                  ;                                       ;
; Fit Attempts to Skip                                               ; 0                                     ; 0.0                                   ;
; Use smart compilation                                              ; Off                                   ; Off                                   ;
; Enable parallel Assembler and Timing Analyzer during compilation   ; On                                    ; On                                    ;
; Enable compact report table                                        ; Off                                   ; Off                                   ;
; Auto Merge PLLs                                                    ; On                                    ; On                                    ;
; Router Timing Optimization Level                                   ; Normal                                ; Normal                                ;
; Perform Clocking Topology Analysis During Routing                  ; Off                                   ; Off                                   ;
; Placement Effort Multiplier                                        ; 1.0                                   ; 1.0                                   ;
; Router Effort Multiplier                                           ; 1.0                                   ; 1.0                                   ;
; Optimize Hold Timing                                               ; All Paths                             ; All Paths                             ;
; Optimize Multi-Corner Timing                                       ; On                                    ; On                                    ;
; Power Optimization During Fitting                                  ; Normal compilation                    ; Normal compilation                    ;
; SSN Optimization                                                   ; Off                                   ; Off                                   ;
; Optimize Timing                                                    ; Normal compilation                    ; Normal compilation                    ;
; Optimize Timing for ECOs                                           ; Off                                   ; Off                                   ;
; Regenerate Full Fit Report During ECO Compiles                     ; Off                                   ; Off                                   ;
; Optimize IOC Register Placement for Timing                         ; Normal                                ; Normal                                ;
; Limit to One Fitting Attempt                                       ; Off                                   ; Off                                   ;
; Final Placement Optimizations                                      ; Automatically                         ; Automatically                         ;
; Fitter Aggressive Routability Optimizations                        ; Automatically                         ; Automatically                         ;
; Fitter Initial Placement Seed                                      ; 1                                     ; 1                                     ;
; Periphery to Core Placement and Routing Optimization               ; Off                                   ; Off                                   ;
; PCI I/O                                                            ; Off                                   ; Off                                   ;
; Weak Pull-Up Resistor                                              ; Off                                   ; Off                                   ;
; Enable Bus-Hold Circuitry                                          ; Off                                   ; Off                                   ;
; Auto Packed Registers                                              ; Auto                                  ; Auto                                  ;
; Auto Delay Chains                                                  ; On                                    ; On                                    ;
; Auto Delay Chains for High Fanout Input Pins                       ; Off                                   ; Off                                   ;
; Allow Single-ended Buffer for Differential-XSTL Input              ; Off                                   ; Off                                   ;
; Treat Bidirectional Pin as Output Pin                              ; Off                                   ; Off                                   ;
; Perform Physical Synthesis for Combinational Logic for Fitting     ; Off                                   ; Off                                   ;
; Perform Physical Synthesis for Combinational Logic for Performance ; Off                                   ; Off                                   ;
; Perform Register Duplication for Performance                       ; Off                                   ; Off                                   ;
; Perform Logic to Memory Mapping for Fitting                        ; Off                                   ; Off                                   ;
; Perform Register Retiming for Performance                          ; Off                                   ; Off                                   ;
; Perform Asynchronous Signal Pipelining                             ; Off                                   ; Off                                   ;
; Fitter Effort                                                      ; Auto Fit                              ; Auto Fit                              ;
; Physical Synthesis Effort Level                                    ; Normal                                ; Normal                                ;
; Logic Cell Insertion - Logic Duplication                           ; Auto                                  ; Auto                                  ;
; Auto Register Duplication                                          ; Auto                                  ; Auto                                  ;
; Auto Global Clock                                                  ; On                                    ; On                                    ;
; Auto Global Register Control Signals                               ; On                                    ; On                                    ;
; Generate GXB Reconfig MIF                                          ; Off                                   ; Off                                   ;
; Reserve all unused pins                                            ; As input tri-stated with weak pull-up ; As input tri-stated with weak pull-up ;
; Synchronizer Identification                                        ; Auto                                  ; Auto                                  ;
; Enable Beneficial Skew Optimization                                ; On                                    ; On                                    ;
; Optimize Design for Metastability                                  ; On                                    ; On                                    ;
; Active Serial clock source                                         ; FREQ_40MHz                            ; FREQ_40MHz                            ;
; Force Fitter to Avoid Periphery Placement Warnings                 ; Off                                   ; Off                                   ;
; Enable input tri-state on active configuration pins in user mode   ; Off                                   ; Off                                   ;
+--------------------------------------------------------------------+---------------------------------------+---------------------------------------+


+------------------------------------------+
; Parallel Compilation                     ;
+----------------------------+-------------+
; Processors                 ; Number      ;
+----------------------------+-------------+
; Number detected on machine ; 16          ;
; Maximum allowed            ; 16          ;
;                            ;             ;
; Average used               ; 1.07        ;
; Maximum used               ; 16          ;
;                            ;             ;
; Usage by Processor         ; % Time Used ;
;     Processor 1            ; 100.0%      ;
;     Processors 2-16        ;   0.5%      ;
+----------------------------+-------------+


+--------------------------------------------------------------------------------------------------+
; Incremental Compilation Preservation Summary                                                     ;
+---------------------+--------------------+----------------------------+--------------------------+
; Type                ; Total [A + B]      ; From Design Partitions [A] ; From Rapid Recompile [B] ;
+---------------------+--------------------+----------------------------+--------------------------+
; Placement (by node) ;                    ;                            ;                          ;
;     -- Requested    ; 0.00 % ( 0 / 903 ) ; 0.00 % ( 0 / 903 )         ; 0.00 % ( 0 / 903 )       ;
;     -- Achieved     ; 0.00 % ( 0 / 903 ) ; 0.00 % ( 0 / 903 )         ; 0.00 % ( 0 / 903 )       ;
;                     ;                    ;                            ;                          ;
; Routing (by net)    ;                    ;                            ;                          ;
;     -- Requested    ; 0.00 % ( 0 / 0 )   ; 0.00 % ( 0 / 0 )           ; 0.00 % ( 0 / 0 )         ;
;     -- Achieved     ; 0.00 % ( 0 / 0 )   ; 0.00 % ( 0 / 0 )           ; 0.00 % ( 0 / 0 )         ;
+---------------------+--------------------+----------------------------+--------------------------+


+----------------------------------------------------------------------------------------------------------------------------------------------------------------------------------------+
; Incremental Compilation Partition Settings                                                                                                                                             ;
+--------------------------------+----------------+-------------------+-------------------------+------------------------+------------------------------+--------------------------------+
; Partition Name                 ; Partition Type ; Netlist Type Used ; Preservation Level Used ; Netlist Type Requested ; Preservation Level Requested ; Contents                       ;
+--------------------------------+----------------+-------------------+-------------------------+------------------------+------------------------------+--------------------------------+
; Top                            ; User-created   ; Source File       ; N/A                     ; Source File            ; N/A                          ;                                ;
; hard_block:auto_generated_inst ; Auto-generated ; Source File       ; N/A                     ; Source File            ; N/A                          ; hard_block:auto_generated_inst ;
+--------------------------------+----------------+-------------------+-------------------------+------------------------+------------------------------+--------------------------------+


+------------------------------------------------------------------------------------------------------------------------------------+
; Incremental Compilation Placement Preservation                                                                                     ;
+--------------------------------+-----------------------+-------------------------+-------------------+---------------------+-------+
; Partition Name                 ; Preservation Achieved ; Preservation Level Used ; Netlist Type Used ; Preservation Method ; Notes ;
+--------------------------------+-----------------------+-------------------------+-------------------+---------------------+-------+
; Top                            ; 0.00 % ( 0 / 893 )    ; N/A                     ; Source File       ; N/A                 ;       ;
; hard_block:auto_generated_inst ; 0.00 % ( 0 / 10 )     ; N/A                     ; Source File       ; N/A                 ;       ;
+--------------------------------+-----------------------+-------------------------+-------------------+---------------------+-------+


+--------------+
; Pin-Out File ;
+--------------+
The pin-out file can be found in /home/numb/EDABK_Verilog/century_clock/output_files/century_clock_top.pin.


+----------------------------------------------------------------------+
; Fitter Resource Usage Summary                                        ;
+---------------------------------------------+------------------------+
; Resource                                    ; Usage                  ;
+---------------------------------------------+------------------------+
; Total logic elements                        ; 588 / 21,280 ( 3 % )   ;
;     -- Combinational with no register       ; 397                    ;
;     -- Register only                        ; 12                     ;
;     -- Combinational with a register        ; 179                    ;
;                                             ;                        ;
; Logic element usage by number of LUT inputs ;                        ;
;     -- 4 input functions                    ; 225                    ;
;     -- 3 input functions                    ; 70                     ;
;     -- <=2 input functions                  ; 281                    ;
;     -- Register only                        ; 12                     ;
;                                             ;                        ;
; Logic elements by mode                      ;                        ;
;     -- normal mode                          ; 394                    ;
;     -- arithmetic mode                      ; 182                    ;
;                                             ;                        ;
; Total registers*                            ; 191 / 22,031 ( < 1 % ) ;
;     -- Dedicated logic registers            ; 191 / 21,280 ( < 1 % ) ;
;     -- I/O registers                        ; 0 / 751 ( 0 % )        ;
;                                             ;                        ;
; Total LABs:  partially or completely used   ; 46 / 1,330 ( 3 % )     ;
; Virtual pins                                ; 0                      ;
; I/O pins                                    ; 62 / 167 ( 37 % )      ;
;     -- Clock pins                           ; 2 / 6 ( 33 % )         ;
;     -- Dedicated input pins                 ; 0 / 16 ( 0 % )         ;
;                                             ;                        ;
; M9Ks                                        ; 0 / 84 ( 0 % )         ;
; Total block memory bits                     ; 0 / 774,144 ( 0 % )    ;
; Total block memory implementation bits      ; 0 / 774,144 ( 0 % )    ;
; Embedded Multiplier 9-bit elements          ; 0 / 80 ( 0 % )         ;
; PLLs                                        ; 0 / 4 ( 0 % )          ;
; Global signals                              ; 2                      ;
;     -- Global clocks                        ; 2 / 20 ( 10 % )        ;
; JTAGs                                       ; 0 / 1 ( 0 % )          ;
; CRC blocks                                  ; 0 / 1 ( 0 % )          ;
; ASMI blocks                                 ; 0 / 1 ( 0 % )          ;
; Oscillator blocks                           ; 0 / 1 ( 0 % )          ;
; GXB Receiver channel PCSs                   ; 0 / 4 ( 0 % )          ;
; GXB Receiver channel PMAs                   ; 0 / 4 ( 0 % )          ;
; GXB Transmitter channel PCSs                ; 0 / 4 ( 0 % )          ;
; GXB Transmitter channel PMAs                ; 0 / 4 ( 0 % )          ;
; Impedance control blocks                    ; 0 / 3 ( 0 % )          ;
; Average interconnect usage (total/H/V)      ; 0.3% / 0.3% / 0.5%     ;
; Peak interconnect usage (total/H/V)         ; 3.2% / 3.0% / 3.6%     ;
; Maximum fan-out                             ; 191                    ;
; Highest non-global fan-out                  ; 38                     ;
; Total fan-out                               ; 2526                   ;
; Average fan-out                             ; 2.76                   ;
+---------------------------------------------+------------------------+
*  Register count does not include registers inside RAM blocks or DSP blocks.



+------------------------------------------------------------------------------------------------------+
; Fitter Partition Statistics                                                                          ;
+---------------------------------------------+-----------------------+--------------------------------+
; Statistic                                   ; Top                   ; hard_block:auto_generated_inst ;
+---------------------------------------------+-----------------------+--------------------------------+
; Difficulty Clustering Region                ; Low                   ; Low                            ;
;                                             ;                       ;                                ;
; Total logic elements                        ; 588 / 21280 ( 3 % )   ; 0 / 21280 ( 0 % )              ;
;     -- Combinational with no register       ; 397                   ; 0                              ;
;     -- Register only                        ; 12                    ; 0                              ;
;     -- Combinational with a register        ; 179                   ; 0                              ;
;                                             ;                       ;                                ;
; Logic element usage by number of LUT inputs ;                       ;                                ;
;     -- 4 input functions                    ; 225                   ; 0                              ;
;     -- 3 input functions                    ; 70                    ; 0                              ;
;     -- <=2 input functions                  ; 281                   ; 0                              ;
;     -- Register only                        ; 12                    ; 0                              ;
;                                             ;                       ;                                ;
; Logic elements by mode                      ;                       ;                                ;
;     -- normal mode                          ; 394                   ; 0                              ;
;     -- arithmetic mode                      ; 182                   ; 0                              ;
;                                             ;                       ;                                ;
; Total registers                             ; 191                   ; 0                              ;
;     -- Dedicated logic registers            ; 191 / 21280 ( < 1 % ) ; 0 / 21280 ( 0 % )              ;
;     -- I/O registers                        ; 0                     ; 0                              ;
;                                             ;                       ;                                ;
; Total LABs:  partially or completely used   ; 46 / 1330 ( 3 % )     ; 0 / 1330 ( 0 % )               ;
;                                             ;                       ;                                ;
; Virtual pins                                ; 0                     ; 0                              ;
; I/O pins                                    ; 62                    ; 0                              ;
; Embedded Multiplier 9-bit elements          ; 0 / 80 ( 0 % )        ; 0 / 80 ( 0 % )                 ;
; Total memory bits                           ; 0                     ; 0                              ;
; Total RAM block bits                        ; 0                     ; 0                              ;
; Clock control block                         ; 2 / 24 ( 8 % )        ; 0 / 24 ( 0 % )                 ;
;                                             ;                       ;                                ;
; Connections                                 ;                       ;                                ;
;     -- Input Connections                    ; 0                     ; 0                              ;
;     -- Registered Input Connections         ; 0                     ; 0                              ;
;     -- Output Connections                   ; 0                     ; 0                              ;
;     -- Registered Output Connections        ; 0                     ; 0                              ;
;                                             ;                       ;                                ;
; Internal Connections                        ;                       ;                                ;
;     -- Total Connections                    ; 2521                  ; 5                              ;
;     -- Registered Connections               ; 584                   ; 0                              ;
;                                             ;                       ;                                ;
; External Connections                        ;                       ;                                ;
;     -- Top                                  ; 0                     ; 0                              ;
;     -- hard_block:auto_generated_inst       ; 0                     ; 0                              ;
;                                             ;                       ;                                ;
; Partition Interface                         ;                       ;                                ;
;     -- Input Ports                          ; 6                     ; 0                              ;
;     -- Output Ports                         ; 56                    ; 0                              ;
;     -- Bidir Ports                          ; 0                     ; 0                              ;
;                                             ;                       ;                                ;
; Registered Ports                            ;                       ;                                ;
;     -- Registered Input Ports               ; 0                     ; 0                              ;
;     -- Registered Output Ports              ; 0                     ; 0                              ;
;                                             ;                       ;                                ;
; Port Connectivity                           ;                       ;                                ;
;     -- Input Ports driven by GND            ; 0                     ; 0                              ;
;     -- Output Ports driven by GND           ; 0                     ; 0                              ;
;     -- Input Ports driven by VCC            ; 0                     ; 0                              ;
;     -- Output Ports driven by VCC           ; 0                     ; 0                              ;
;     -- Input Ports with no Source           ; 0                     ; 0                              ;
;     -- Output Ports with no Source          ; 0                     ; 0                              ;
;     -- Input Ports with no Fanout           ; 0                     ; 0                              ;
;     -- Output Ports with no Fanout          ; 0                     ; 0                              ;
+---------------------------------------------+-----------------------+--------------------------------+


+------------------------------------------------------------------------------------------------------------------------------------------------------------------------------------------------------------------------------------------------------------------------------------------------------------+
; Input Pins                                                                                                                                                                                                                                                                                                 ;
+-------------+-------+----------+--------------+--------------+--------------+-----------------------+--------------------+--------+----------------+---------------+-----------------+----------+--------------+--------------+-------------+---------------------------+----------------------+-----------+
; Name        ; Pin # ; I/O Bank ; X coordinate ; Y coordinate ; Z coordinate ; Combinational Fan-Out ; Registered Fan-Out ; Global ; Input Register ; Power Up High ; PCI I/O Enabled ; Bus Hold ; Weak Pull Up ; I/O Standard ; Termination ; Termination Control Block ; Location assigned by ; Slew Rate ;
+-------------+-------+----------+--------------+--------------+--------------+-----------------------+--------------------+--------+----------------+---------------+-----------------+----------+--------------+--------------+-------------+---------------------------+----------------------+-----------+
; clk_50M     ; M10   ; 3A       ; 27           ; 0            ; 14           ; 191                   ; 0                  ; yes    ; no             ; no            ; yes             ; no       ; Off          ; 2.5 V        ; Off         ; --                        ; Fitter               ; no        ;
; key_dec     ; M16   ; 5        ; 52           ; 15           ; 0            ; 1                     ; 0                  ; no     ; no             ; no            ; yes             ; no       ; Off          ; 2.5 V        ; Off         ; --                        ; Fitter               ; no        ;
; key_inc     ; H18   ; 6        ; 52           ; 21           ; 7            ; 1                     ; 0                  ; no     ; no             ; no            ; yes             ; no       ; Off          ; 2.5 V        ; Off         ; --                        ; Fitter               ; no        ;
; key_mode    ; M18   ; 5        ; 52           ; 19           ; 0            ; 1                     ; 0                  ; no     ; no             ; no            ; yes             ; no       ; Off          ; 2.5 V        ; Off         ; --                        ; Fitter               ; no        ;
; key_rst_n   ; M9    ; 3A       ; 27           ; 0            ; 21           ; 191                   ; 0                  ; yes    ; no             ; no            ; yes             ; no       ; Off          ; 2.5 V        ; Off         ; --                        ; Fitter               ; no        ;
; key_rst_num ; J18   ; 6        ; 52           ; 21           ; 0            ; 1                     ; 0                  ; no     ; no             ; no            ; yes             ; no       ; Off          ; 2.5 V        ; Off         ; --                        ; Fitter               ; no        ;
+-------------+-------+----------+--------------+--------------+--------------+-----------------------+--------------------+--------+----------------+---------------+-----------------+----------+--------------+--------------+-------------+---------------------------+----------------------+-----------+


+----------------------------------------------------------------------------------------------------------------------------------------------------------------------------------------------------------------------------------------------------------------------------------------------------------------------------------------------------------------------------------------------------------------------------------------------------------+
; Output Pins                                                                                                                                                                                                                                                                                                                                                                                                                                              ;
+---------+-------+----------+--------------+--------------+--------------+-----------------+------------------------+---------------+-----------+-----------------+------------+---------------+----------+--------------+--------------+------------------+-----------------------------------+---------------------------+----------------------------+-----------------------------+----------------------+----------------------+---------------------+
; Name    ; Pin # ; I/O Bank ; X coordinate ; Y coordinate ; Z coordinate ; Output Register ; Output Enable Register ; Power Up High ; Slew Rate ; PCI I/O Enabled ; Open Drain ; TRI Primitive ; Bus Hold ; Weak Pull Up ; I/O Standard ; Current Strength ; Termination                       ; Termination Control Block ; Output Buffer Pre-emphasis ; Voltage Output Differential ; Location assigned by ; Output Enable Source ; Output Enable Group ;
+---------+-------+----------+--------------+--------------+--------------+-----------------+------------------------+---------------+-----------+-----------------+------------+---------------+----------+--------------+--------------+------------------+-----------------------------------+---------------------------+----------------------------+-----------------------------+----------------------+----------------------+---------------------+
; HEX0[0] ; E18   ; 6        ; 52           ; 30           ; 7            ; no              ; no                     ; no            ; 2         ; no              ; no         ; no            ; no       ; Off          ; 2.5 V        ; Default          ; Series 50 Ohm without Calibration ; --                        ; no                         ; no                          ; Fitter               ; -                    ; -                   ;
; HEX0[1] ; F15   ; 6        ; 52           ; 32           ; 0            ; no              ; no                     ; no            ; 2         ; no              ; no         ; no            ; no       ; Off          ; 2.5 V        ; Default          ; Series 50 Ohm without Calibration ; --                        ; no                         ; no                          ; Fitter               ; -                    ; -                   ;
; HEX0[2] ; D14   ; 7        ; 43           ; 41           ; 7            ; no              ; no                     ; no            ; 2         ; no              ; no         ; no            ; no       ; Off          ; 2.5 V        ; Default          ; Series 50 Ohm without Calibration ; --                        ; no                         ; no                          ; Fitter               ; -                    ; -                   ;
; HEX0[3] ; A18   ; 7        ; 46           ; 41           ; 21           ; no              ; no                     ; no            ; 2         ; no              ; no         ; no            ; no       ; Off          ; 2.5 V        ; Default          ; Series 50 Ohm without Calibration ; --                        ; no                         ; no                          ; Fitter               ; -                    ; -                   ;
; HEX0[4] ; C16   ; 7        ; 48           ; 41           ; 0            ; no              ; no                     ; no            ; 2         ; no              ; no         ; no            ; no       ; Off          ; 2.5 V        ; Default          ; Series 50 Ohm without Calibration ; --                        ; no                         ; no                          ; Fitter               ; -                    ; -                   ;
; HEX0[5] ; C18   ; 7        ; 50           ; 41           ; 0            ; no              ; no                     ; no            ; 2         ; no              ; no         ; no            ; no       ; Off          ; 2.5 V        ; Default          ; Series 50 Ohm without Calibration ; --                        ; no                         ; no                          ; Fitter               ; -                    ; -                   ;
; HEX0[6] ; F18   ; 6        ; 52           ; 30           ; 0            ; no              ; no                     ; no            ; 2         ; no              ; no         ; no            ; no       ; Off          ; 2.5 V        ; Default          ; Series 50 Ohm without Calibration ; --                        ; no                         ; no                          ; Fitter               ; -                    ; -                   ;
; HEX1[0] ; G15   ; 6        ; 52           ; 28           ; 7            ; no              ; no                     ; no            ; 2         ; no              ; no         ; no            ; no       ; Off          ; 2.5 V        ; Default          ; Series 50 Ohm without Calibration ; --                        ; no                         ; no                          ; Fitter               ; -                    ; -                   ;
; HEX1[1] ; E15   ; 6        ; 52           ; 32           ; 7            ; no              ; no                     ; no            ; 2         ; no              ; no         ; no            ; no       ; Off          ; 2.5 V        ; Default          ; Series 50 Ohm without Calibration ; --                        ; no                         ; no                          ; Fitter               ; -                    ; -                   ;
; HEX1[2] ; T18   ; 5        ; 52           ; 11           ; 7            ; no              ; no                     ; no            ; 2         ; no              ; no         ; no            ; no       ; Off          ; 2.5 V        ; Default          ; Series 50 Ohm without Calibration ; --                        ; no                         ; no                          ; Fitter               ; -                    ; -                   ;
; HEX1[3] ; E16   ; 6        ; 52           ; 32           ; 21           ; no              ; no                     ; no            ; 2         ; no              ; no         ; no            ; no       ; Off          ; 2.5 V        ; Default          ; Series 50 Ohm without Calibration ; --                        ; no                         ; no                          ; Fitter               ; -                    ; -                   ;
; HEX1[4] ; F16   ; 6        ; 52           ; 32           ; 14           ; no              ; no                     ; no            ; 2         ; no              ; no         ; no            ; no       ; Off          ; 2.5 V        ; Default          ; Series 50 Ohm without Calibration ; --                        ; no                         ; no                          ; Fitter               ; -                    ; -                   ;
; HEX1[5] ; R17   ; 5        ; 52           ; 11           ; 0            ; no              ; no                     ; no            ; 2         ; no              ; no         ; no            ; no       ; Off          ; 2.5 V        ; Default          ; Series 50 Ohm without Calibration ; --                        ; no                         ; no                          ; Fitter               ; -                    ; -                   ;
; HEX1[6] ; H16   ; 6        ; 52           ; 28           ; 0            ; no              ; no                     ; no            ; 2         ; no              ; no         ; no            ; no       ; Off          ; 2.5 V        ; Default          ; Series 50 Ohm without Calibration ; --                        ; no                         ; no                          ; Fitter               ; -                    ; -                   ;
; HEX2[0] ; A17   ; 7        ; 46           ; 41           ; 14           ; no              ; no                     ; no            ; 2         ; no              ; no         ; no            ; no       ; Off          ; 2.5 V        ; Default          ; Series 50 Ohm without Calibration ; --                        ; no                         ; no                          ; Fitter               ; -                    ; -                   ;
; HEX2[1] ; K16   ; 5        ; 52           ; 18           ; 7            ; no              ; no                     ; no            ; 2         ; no              ; no         ; no            ; no       ; Off          ; 2.5 V        ; Default          ; Series 50 Ohm without Calibration ; --                        ; no                         ; no                          ; Fitter               ; -                    ; -                   ;
; HEX2[2] ; N15   ; 5        ; 52           ; 9            ; 7            ; no              ; no                     ; no            ; 2         ; no              ; no         ; no            ; no       ; Off          ; 2.5 V        ; Default          ; Series 50 Ohm without Calibration ; --                        ; no                         ; no                          ; Fitter               ; -                    ; -                   ;
; HEX2[3] ; T16   ; 4        ; 46           ; 0            ; 7            ; no              ; no                     ; no            ; 2         ; no              ; no         ; no            ; no       ; Off          ; 2.5 V        ; Default          ; Series 50 Ohm without Calibration ; --                        ; no                         ; no                          ; Fitter               ; -                    ; -                   ;
; HEX2[4] ; N16   ; 5        ; 52           ; 9            ; 0            ; no              ; no                     ; no            ; 2         ; no              ; no         ; no            ; no       ; Off          ; 2.5 V        ; Default          ; Series 50 Ohm without Calibration ; --                        ; no                         ; no                          ; Fitter               ; -                    ; -                   ;
; HEX2[5] ; F17   ; 6        ; 52           ; 25           ; 0            ; no              ; no                     ; no            ; 2         ; no              ; no         ; no            ; no       ; Off          ; 2.5 V        ; Default          ; Series 50 Ohm without Calibration ; --                        ; no                         ; no                          ; Fitter               ; -                    ; -                   ;
; HEX2[6] ; G18   ; 6        ; 52           ; 25           ; 7            ; no              ; no                     ; no            ; 2         ; no              ; no         ; no            ; no       ; Off          ; 2.5 V        ; Default          ; Series 50 Ohm without Calibration ; --                        ; no                         ; no                          ; Fitter               ; -                    ; -                   ;
; HEX3[0] ; C17   ; 7        ; 48           ; 41           ; 7            ; no              ; no                     ; no            ; 2         ; no              ; no         ; no            ; no       ; Off          ; 2.5 V        ; Default          ; Series 50 Ohm without Calibration ; --                        ; no                         ; no                          ; Fitter               ; -                    ; -                   ;
; HEX3[1] ; G16   ; 6        ; 52           ; 27           ; 0            ; no              ; no                     ; no            ; 2         ; no              ; no         ; no            ; no       ; Off          ; 2.5 V        ; Default          ; Series 50 Ohm without Calibration ; --                        ; no                         ; no                          ; Fitter               ; -                    ; -                   ;
; HEX3[2] ; D15   ; 7        ; 46           ; 41           ; 0            ; no              ; no                     ; no            ; 2         ; no              ; no         ; no            ; no       ; Off          ; 2.5 V        ; Default          ; Series 50 Ohm without Calibration ; --                        ; no                         ; no                          ; Fitter               ; -                    ; -                   ;
; HEX3[3] ; D16   ; 7        ; 46           ; 41           ; 7            ; no              ; no                     ; no            ; 2         ; no              ; no         ; no            ; no       ; Off          ; 2.5 V        ; Default          ; Series 50 Ohm without Calibration ; --                        ; no                         ; no                          ; Fitter               ; -                    ; -                   ;
; HEX3[4] ; D18   ; 6        ; 52           ; 31           ; 7            ; no              ; no                     ; no            ; 2         ; no              ; no         ; no            ; no       ; Off          ; 2.5 V        ; Default          ; Series 50 Ohm without Calibration ; --                        ; no                         ; no                          ; Fitter               ; -                    ; -                   ;
; HEX3[5] ; D17   ; 6        ; 52           ; 31           ; 0            ; no              ; no                     ; no            ; 2         ; no              ; no         ; no            ; no       ; Off          ; 2.5 V        ; Default          ; Series 50 Ohm without Calibration ; --                        ; no                         ; no                          ; Fitter               ; -                    ; -                   ;
; HEX3[6] ; G17   ; 6        ; 52           ; 27           ; 7            ; no              ; no                     ; no            ; 2         ; no              ; no         ; no            ; no       ; Off          ; 2.5 V        ; Default          ; Series 50 Ohm without Calibration ; --                        ; no                         ; no                          ; Fitter               ; -                    ; -                   ;
; HEX4[0] ; P18   ; 5        ; 52           ; 12           ; 7            ; no              ; no                     ; no            ; 2         ; no              ; no         ; no            ; no       ; Off          ; 2.5 V        ; Default          ; Series 50 Ohm without Calibration ; --                        ; no                         ; no                          ; Fitter               ; -                    ; -                   ;
; HEX4[1] ; M17   ; 5        ; 52           ; 15           ; 7            ; no              ; no                     ; no            ; 2         ; no              ; no         ; no            ; no       ; Off          ; 2.5 V        ; Default          ; Series 50 Ohm without Calibration ; --                        ; no                         ; no                          ; Fitter               ; -                    ; -                   ;
; HEX4[2] ; L16   ; 5        ; 52           ; 13           ; 7            ; no              ; no                     ; no            ; 2         ; no              ; no         ; no            ; no       ; Off          ; 2.5 V        ; Default          ; Series 50 Ohm without Calibration ; --                        ; no                         ; no                          ; Fitter               ; -                    ; -                   ;
; HEX4[3] ; R18   ; 5        ; 52           ; 12           ; 0            ; no              ; no                     ; no            ; 2         ; no              ; no         ; no            ; no       ; Off          ; 2.5 V        ; Default          ; Series 50 Ohm without Calibration ; --                        ; no                         ; no                          ; Fitter               ; -                    ; -                   ;
; HEX4[4] ; N17   ; 5        ; 52           ; 16           ; 0            ; no              ; no                     ; no            ; 2         ; no              ; no         ; no            ; no       ; Off          ; 2.5 V        ; Default          ; Series 50 Ohm without Calibration ; --                        ; no                         ; no                          ; Fitter               ; -                    ; -                   ;
; HEX4[5] ; N18   ; 5        ; 52           ; 16           ; 7            ; no              ; no                     ; no            ; 2         ; no              ; no         ; no            ; no       ; Off          ; 2.5 V        ; Default          ; Series 50 Ohm without Calibration ; --                        ; no                         ; no                          ; Fitter               ; -                    ; -                   ;
; HEX4[6] ; J16   ; 6        ; 52           ; 23           ; 0            ; no              ; no                     ; no            ; 2         ; no              ; no         ; no            ; no       ; Off          ; 2.5 V        ; Default          ; Series 50 Ohm without Calibration ; --                        ; no                         ; no                          ; Fitter               ; -                    ; -                   ;
; HEX5[0] ; T17   ; 4        ; 46           ; 0            ; 0            ; no              ; no                     ; no            ; 2         ; no              ; no         ; no            ; no       ; Off          ; 2.5 V        ; Default          ; Series 50 Ohm without Calibration ; --                        ; no                         ; no                          ; Fitter               ; -                    ; -                   ;
; HEX5[1] ; L15   ; 5        ; 52           ; 13           ; 0            ; no              ; no                     ; no            ; 2         ; no              ; no         ; no            ; no       ; Off          ; 2.5 V        ; Default          ; Series 50 Ohm without Calibration ; --                        ; no                         ; no                          ; Fitter               ; -                    ; -                   ;
; HEX5[2] ; J17   ; 6        ; 52           ; 23           ; 7            ; no              ; no                     ; no            ; 2         ; no              ; no         ; no            ; no       ; Off          ; 2.5 V        ; Default          ; Series 50 Ohm without Calibration ; --                        ; no                         ; no                          ; Fitter               ; -                    ; -                   ;
; HEX5[3] ; P16   ; 5        ; 52           ; 10           ; 7            ; no              ; no                     ; no            ; 2         ; no              ; no         ; no            ; no       ; Off          ; 2.5 V        ; Default          ; Series 50 Ohm without Calibration ; --                        ; no                         ; no                          ; Fitter               ; -                    ; -                   ;
; HEX5[4] ; R16   ; 5        ; 52           ; 10           ; 0            ; no              ; no                     ; no            ; 2         ; no              ; no         ; no            ; no       ; Off          ; 2.5 V        ; Default          ; Series 50 Ohm without Calibration ; --                        ; no                         ; no                          ; Fitter               ; -                    ; -                   ;
; HEX5[5] ; L18   ; 5        ; 52           ; 19           ; 7            ; no              ; no                     ; no            ; 2         ; no              ; no         ; no            ; no       ; Off          ; 2.5 V        ; Default          ; Series 50 Ohm without Calibration ; --                        ; no                         ; no                          ; Fitter               ; -                    ; -                   ;
; HEX5[6] ; K15   ; 5        ; 52           ; 18           ; 0            ; no              ; no                     ; no            ; 2         ; no              ; no         ; no            ; no       ; Off          ; 2.5 V        ; Default          ; Series 50 Ohm without Calibration ; --                        ; no                         ; no                          ; Fitter               ; -                    ; -                   ;
; HEX6[0] ; A14   ; 7        ; 34           ; 41           ; 0            ; no              ; no                     ; no            ; 2         ; no              ; no         ; no            ; no       ; Off          ; 2.5 V        ; Default          ; Series 50 Ohm without Calibration ; --                        ; no                         ; no                          ; Fitter               ; -                    ; -                   ;
; HEX6[1] ; A15   ; 7        ; 34           ; 41           ; 7            ; no              ; no                     ; no            ; 2         ; no              ; no         ; no            ; no       ; Off          ; 2.5 V        ; Default          ; Series 50 Ohm without Calibration ; --                        ; no                         ; no                          ; Fitter               ; -                    ; -                   ;
; HEX6[2] ; D12   ; 7        ; 31           ; 41           ; 7            ; no              ; no                     ; no            ; 2         ; no              ; no         ; no            ; no       ; Off          ; 2.5 V        ; Default          ; Series 50 Ohm without Calibration ; --                        ; no                         ; no                          ; Fitter               ; -                    ; -                   ;
; HEX6[3] ; C12   ; 7        ; 36           ; 41           ; 0            ; no              ; no                     ; no            ; 2         ; no              ; no         ; no            ; no       ; Off          ; 2.5 V        ; Default          ; Series 50 Ohm without Calibration ; --                        ; no                         ; no                          ; Fitter               ; -                    ; -                   ;
; HEX6[4] ; B16   ; 7        ; 38           ; 41           ; 7            ; no              ; no                     ; no            ; 2         ; no              ; no         ; no            ; no       ; Off          ; 2.5 V        ; Default          ; Series 50 Ohm without Calibration ; --                        ; no                         ; no                          ; Fitter               ; -                    ; -                   ;
; HEX6[5] ; C13   ; 7        ; 36           ; 41           ; 7            ; no              ; no                     ; no            ; 2         ; no              ; no         ; no            ; no       ; Off          ; 2.5 V        ; Default          ; Series 50 Ohm without Calibration ; --                        ; no                         ; no                          ; Fitter               ; -                    ; -                   ;
; HEX6[6] ; A16   ; 7        ; 38           ; 41           ; 0            ; no              ; no                     ; no            ; 2         ; no              ; no         ; no            ; no       ; Off          ; 2.5 V        ; Default          ; Series 50 Ohm without Calibration ; --                        ; no                         ; no                          ; Fitter               ; -                    ; -                   ;
; HEX7[0] ; A13   ; 7        ; 31           ; 41           ; 14           ; no              ; no                     ; no            ; 2         ; no              ; no         ; no            ; no       ; Off          ; 2.5 V        ; Default          ; Series 50 Ohm without Calibration ; --                        ; no                         ; no                          ; Fitter               ; -                    ; -                   ;
; HEX7[1] ; C14   ; 7        ; 43           ; 41           ; 0            ; no              ; no                     ; no            ; 2         ; no              ; no         ; no            ; no       ; Off          ; 2.5 V        ; Default          ; Series 50 Ohm without Calibration ; --                        ; no                         ; no                          ; Fitter               ; -                    ; -                   ;
; HEX7[2] ; C15   ; 7        ; 41           ; 41           ; 7            ; no              ; no                     ; no            ; 2         ; no              ; no         ; no            ; no       ; Off          ; 2.5 V        ; Default          ; Series 50 Ohm without Calibration ; --                        ; no                         ; no                          ; Fitter               ; -                    ; -                   ;
; HEX7[3] ; B13   ; 7        ; 31           ; 41           ; 21           ; no              ; no                     ; no            ; 2         ; no              ; no         ; no            ; no       ; Off          ; 2.5 V        ; Default          ; Series 50 Ohm without Calibration ; --                        ; no                         ; no                          ; Fitter               ; -                    ; -                   ;
; HEX7[4] ; B15   ; 7        ; 41           ; 41           ; 0            ; no              ; no                     ; no            ; 2         ; no              ; no         ; no            ; no       ; Off          ; 2.5 V        ; Default          ; Series 50 Ohm without Calibration ; --                        ; no                         ; no                          ; Fitter               ; -                    ; -                   ;
; HEX7[5] ; E12   ; 7        ; 41           ; 41           ; 21           ; no              ; no                     ; no            ; 2         ; no              ; no         ; no            ; no       ; Off          ; 2.5 V        ; Default          ; Series 50 Ohm without Calibration ; --                        ; no                         ; no                          ; Fitter               ; -                    ; -                   ;
; HEX7[6] ; D13   ; 7        ; 41           ; 41           ; 14           ; no              ; no                     ; no            ; 2         ; no              ; no         ; no            ; no       ; Off          ; 2.5 V        ; Default          ; Series 50 Ohm without Calibration ; --                        ; no                         ; no                          ; Fitter               ; -                    ; -                   ;
+---------+-------+----------+--------------+--------------+--------------+-----------------+------------------------+---------------+-----------+-----------------+------------+---------------+----------+--------------+--------------+------------------+-----------------------------------+---------------------------+----------------------------+-----------------------------+----------------------+----------------------+---------------------+


+-----------------------------------------------------------------------------------------------------------+
; Dual Purpose and Dedicated Pins                                                                           ;
+----------+----------------------+--------------------------+------------------+---------------------------+
; Location ; Pin Name             ; Reserved As              ; User Signal Name ; Pin Type                  ;
+----------+----------------------+--------------------------+------------------+---------------------------+
; P4       ; MSEL2                ; -                        ; -                ; Dedicated Programming Pin ;
; R5       ; MSEL1                ; -                        ; -                ; Dedicated Programming Pin ;
; T5       ; MSEL0                ; -                        ; -                ; Dedicated Programming Pin ;
; U4       ; CONF_DONE            ; -                        ; -                ; Dedicated Programming Pin ;
; V4       ; nSTATUS              ; -                        ; -                ; Dedicated Programming Pin ;
; R6       ; DIFFIO_B1n, NCEO     ; Use as programming pin   ; ~ALTERA_NCEO~    ; Dual Purpose Pin          ;
; G18      ; DIFFIO_R6n, DEV_OE   ; Use as regular IO        ; HEX2[6]          ; Dual Purpose Pin          ;
; E18      ; DIFFIO_R4n, DEV_CLRn ; Use as regular IO        ; HEX0[0]          ; Dual Purpose Pin          ;
; A4       ; DATA0                ; As input tri-stated      ; ~ALTERA_DATA0~   ; Dual Purpose Pin          ;
; B4       ; ASDO                 ; As input tri-stated      ; ~ALTERA_ASDO~    ; Dual Purpose Pin          ;
; C5       ; NCSO                 ; As input tri-stated      ; ~ALTERA_NCSO~    ; Dual Purpose Pin          ;
; D5       ; DCLK                 ; As output driving ground ; ~ALTERA_DCLK~    ; Dual Purpose Pin          ;
; C4       ; nCONFIG              ; -                        ; -                ; Dedicated Programming Pin ;
; D3       ; nCE                  ; -                        ; -                ; Dedicated Programming Pin ;
+----------+----------------------+--------------------------+------------------+---------------------------+


+--------------------------------------------------------------------------------+
; I/O Bank Usage                                                                 ;
+----------+-------------------+---------------+--------------+------------------+
; I/O Bank ; Usage             ; VCCIO Voltage ; VREF Voltage ; VCCCLKIN Voltage ;
+----------+-------------------+---------------+--------------+------------------+
; QL0      ; 0 / 16 ( 0 % )    ; --            ; --           ; --               ;
; 3        ; 1 / 26 ( 4 % )    ; 2.5V          ; --           ; --               ;
; 3A       ; 2 / 2 ( 100 % )   ; --            ; --           ; 2.5V             ;
; 4        ; 2 / 28 ( 7 % )    ; 2.5V          ; --           ; --               ;
; 5        ; 18 / 20 ( 90 % )  ; 2.5V          ; --           ; --               ;
; 6        ; 18 / 18 ( 100 % ) ; 2.5V          ; --           ; --               ;
; 7        ; 22 / 28 ( 79 % )  ; 2.5V          ; --           ; --               ;
; 8A       ; 0 / 2 ( 0 % )     ; --            ; --           ; 2.5V             ;
; 8        ; 0 / 23 ( 0 % )    ; 2.5V          ; --           ; --               ;
; 9        ; 4 / 4 ( 100 % )   ; 2.5V          ; --           ; --               ;
+----------+-------------------+---------------+--------------+------------------+


+--------------------------------------------------------------------------------------------------------------------------------------------------------------------------------+
; All Package Pins                                                                                                                                                               ;
+----------+------------+----------+--------------------------------------------------+--------+--------------+---------+------------+-----------------+----------+--------------+
; Location ; Pad Number ; I/O Bank ; Pin Name/Usage                                   ; Dir.   ; I/O Standard ; Voltage ; I/O Type   ; User Assignment ; Bus Hold ; Weak Pull Up ;
+----------+------------+----------+--------------------------------------------------+--------+--------------+---------+------------+-----------------+----------+--------------+
; A1       ;            ;          ; GND                                              ; gnd    ;              ;         ; --         ;                 ; --       ; --           ;
; A2       ;            ;          ; GND                                              ; gnd    ;              ;         ; --         ;                 ; --       ; --           ;
; A3       ;            ;          ; GND                                              ; gnd    ;              ;         ; --         ;                 ; --       ; --           ;
; A4       ; 168        ; 9        ; ~ALTERA_DATA0~ / RESERVED_INPUT_WITH_WEAK_PULLUP ; input  ; 2.5 V        ;         ; Column I/O ; N               ; no       ; On           ;
; A5       ; 165        ; 8        ; RESERVED_INPUT_WITH_WEAK_PULLUP                  ;        ;              ;         ; Column I/O ;                 ; no       ; On           ;
; A6       ; 161        ; 8        ; RESERVED_INPUT_WITH_WEAK_PULLUP                  ;        ;              ;         ; Column I/O ;                 ; no       ; On           ;
; A7       ; 157        ; 8        ; RESERVED_INPUT_WITH_WEAK_PULLUP                  ;        ;              ;         ; Column I/O ;                 ; no       ; On           ;
; A8       ; 153        ; 8        ; RESERVED_INPUT_WITH_WEAK_PULLUP                  ;        ;              ;         ; Column I/O ;                 ; no       ; On           ;
; A9       ; 154        ; 8        ; RESERVED_INPUT_WITH_WEAK_PULLUP                  ;        ;              ;         ; Column I/O ;                 ; no       ; On           ;
; A10      ; 147        ; 8        ; RESERVED_INPUT_WITH_WEAK_PULLUP                  ;        ;              ;         ; Column I/O ;                 ; no       ; On           ;
; A11      ; 148        ; 8        ; RESERVED_INPUT_WITH_WEAK_PULLUP                  ;        ;              ;         ; Column I/O ;                 ; no       ; On           ;
; A12      ; 141        ; 7        ; GND+                                             ;        ;              ;         ; Column I/O ;                 ; --       ; --           ;
; A13      ; 137        ; 7        ; HEX7[0]                                          ; output ; 2.5 V        ;         ; Column I/O ; N               ; no       ; Off          ;
; A14      ; 133        ; 7        ; HEX6[0]                                          ; output ; 2.5 V        ;         ; Column I/O ; N               ; no       ; Off          ;
; A15      ; 134        ; 7        ; HEX6[1]                                          ; output ; 2.5 V        ;         ; Column I/O ; N               ; no       ; Off          ;
; A16      ; 129        ; 7        ; HEX6[6]                                          ; output ; 2.5 V        ;         ; Column I/O ; N               ; no       ; Off          ;
; A17      ; 121        ; 7        ; HEX2[0]                                          ; output ; 2.5 V        ;         ; Column I/O ; N               ; no       ; Off          ;
; A18      ; 122        ; 7        ; HEX0[3]                                          ; output ; 2.5 V        ;         ; Column I/O ; N               ; no       ; Off          ;
; B1       ; 1          ; QL0      ; GXB_NC                                           ;        ;              ;         ; --         ;                 ; --       ; --           ;
; B2       ; 0          ; QL0      ; GXB_NC                                           ;        ;              ;         ; --         ;                 ; --       ; --           ;
; B3       ;            ;          ; GND                                              ; gnd    ;              ;         ; --         ;                 ; --       ; --           ;
; B4       ; 169        ; 9        ; ~ALTERA_ASDO~ / RESERVED_INPUT_WITH_WEAK_PULLUP  ; input  ; 2.5 V        ;         ; Column I/O ; N               ; no       ; On           ;
; B5       ; 166        ; 8        ; RESERVED_INPUT_WITH_WEAK_PULLUP                  ;        ;              ;         ; Column I/O ;                 ; no       ; On           ;
; B6       ; 162        ; 8        ; RESERVED_INPUT_WITH_WEAK_PULLUP                  ;        ;              ;         ; Column I/O ;                 ; no       ; On           ;
; B7       ; 158        ; 8        ; RESERVED_INPUT_WITH_WEAK_PULLUP                  ;        ;              ;         ; Column I/O ;                 ; no       ; On           ;
; B8       ;            ;          ; GND                                              ; gnd    ;              ;         ; --         ;                 ; --       ; --           ;
; B9       ; 149        ; 8        ; RESERVED_INPUT_WITH_WEAK_PULLUP                  ;        ;              ;         ; Column I/O ;                 ; no       ; On           ;
; B10      ; 150        ; 8        ; RESERVED_INPUT_WITH_WEAK_PULLUP                  ;        ;              ;         ; Column I/O ;                 ; no       ; On           ;
; B11      ;            ;          ; GND                                              ; gnd    ;              ;         ; --         ;                 ; --       ; --           ;
; B12      ; 142        ; 7        ; GND+                                             ;        ;              ;         ; Column I/O ;                 ; --       ; --           ;
; B13      ; 138        ; 7        ; HEX7[3]                                          ; output ; 2.5 V        ;         ; Column I/O ; N               ; no       ; Off          ;
; B14      ;            ;          ; GND                                              ; gnd    ;              ;         ; --         ;                 ; --       ; --           ;
; B15      ; 125        ; 7        ; HEX7[4]                                          ; output ; 2.5 V        ;         ; Column I/O ; N               ; no       ; Off          ;
; B16      ; 130        ; 7        ; HEX6[4]                                          ; output ; 2.5 V        ;         ; Column I/O ; N               ; no       ; Off          ;
; B17      ;            ;          ; GND                                              ; gnd    ;              ;         ; --         ;                 ; --       ; --           ;
; B18      ; 116        ; 7        ; RESERVED_INPUT_WITH_WEAK_PULLUP                  ;        ;              ;         ; Column I/O ;                 ; no       ; On           ;
; C1       ;            ;          ; GND                                              ; gnd    ;              ;         ; --         ;                 ; --       ; --           ;
; C2       ;            ;          ; GND                                              ; gnd    ;              ;         ; --         ;                 ; --       ; --           ;
; C3       ;            ;          ; GND                                              ; gnd    ;              ;         ; --         ;                 ; --       ; --           ;
; C4       ; 172        ; 9        ; ^nCONFIG                                         ;        ;              ;         ; --         ;                 ; --       ; --           ;
; C5       ; 170        ; 9        ; ~ALTERA_NCSO~ / RESERVED_INPUT_WITH_WEAK_PULLUP  ; input  ; 2.5 V        ;         ; Column I/O ; N               ; no       ; On           ;
; C6       ; 163        ; 8        ; RESERVED_INPUT_WITH_WEAK_PULLUP                  ;        ;              ;         ; Column I/O ;                 ; no       ; On           ;
; C7       ; 159        ; 8        ; RESERVED_INPUT_WITH_WEAK_PULLUP                  ;        ;              ;         ; Column I/O ;                 ; no       ; On           ;
; C8       ; 156        ; 8        ; RESERVED_INPUT_WITH_WEAK_PULLUP                  ;        ;              ;         ; Column I/O ;                 ; no       ; On           ;
; C9       ; 151        ; 8        ; RESERVED_INPUT_WITH_WEAK_PULLUP                  ;        ;              ;         ; Column I/O ;                 ; no       ; On           ;
; C10      ; 145        ; 8        ; RESERVED_INPUT_WITH_WEAK_PULLUP                  ;        ;              ;         ; Column I/O ;                 ; no       ; On           ;
; C11      ; 146        ; 8        ; RESERVED_INPUT_WITH_WEAK_PULLUP                  ;        ;              ;         ; Column I/O ;                 ; no       ; On           ;
; C12      ; 131        ; 7        ; HEX6[3]                                          ; output ; 2.5 V        ;         ; Column I/O ; N               ; no       ; Off          ;
; C13      ; 132        ; 7        ; HEX6[5]                                          ; output ; 2.5 V        ;         ; Column I/O ; N               ; no       ; Off          ;
; C14      ; 123        ; 7        ; HEX7[1]                                          ; output ; 2.5 V        ;         ; Column I/O ; N               ; no       ; Off          ;
; C15      ; 126        ; 7        ; HEX7[2]                                          ; output ; 2.5 V        ;         ; Column I/O ; N               ; no       ; Off          ;
; C16      ; 117        ; 7        ; HEX0[4]                                          ; output ; 2.5 V        ;         ; Column I/O ; N               ; no       ; Off          ;
; C17      ; 118        ; 7        ; HEX3[0]                                          ; output ; 2.5 V        ;         ; Column I/O ; N               ; no       ; Off          ;
; C18      ; 115        ; 7        ; HEX0[5]                                          ; output ; 2.5 V        ;         ; Column I/O ; N               ; no       ; Off          ;
; D1       ; 3          ; QL0      ; GXB_GND*                                         ;        ;              ;         ; --         ;                 ; --       ; --           ;
; D2       ; 2          ; QL0      ; GXB_GND*                                         ;        ;              ;         ; --         ;                 ; --       ; --           ;
; D3       ; 173        ; 9        ; ^nCE                                             ;        ;              ;         ; --         ;                 ; --       ; --           ;
; D4       ; 174        ; 9        ; #TDI                                             ; input  ;              ;         ; --         ;                 ; --       ; --           ;
; D5       ; 171        ; 9        ; ~ALTERA_DCLK~                                    ; output ; 2.5 V        ;         ; Column I/O ; N               ; no       ; On           ;
; D6       ; 164        ; 8        ; RESERVED_INPUT_WITH_WEAK_PULLUP                  ;        ;              ;         ; Column I/O ;                 ; no       ; On           ;
; D7       ; 160        ; 8        ; RESERVED_INPUT_WITH_WEAK_PULLUP                  ;        ;              ;         ; Column I/O ;                 ; no       ; On           ;
; D8       ; 155        ; 8        ; RESERVED_INPUT_WITH_WEAK_PULLUP                  ;        ;              ;         ; Column I/O ;                 ; --       ; --           ;
; D9       ; 152        ; 8        ; RESERVED_INPUT_WITH_WEAK_PULLUP                  ;        ;              ;         ; Column I/O ;                 ; no       ; On           ;
; D10      ; 139        ; 7        ; RESERVED_INPUT_WITH_WEAK_PULLUP                  ;        ;              ;         ; Column I/O ;                 ; no       ; On           ;
; D11      ; 135        ; 7        ; RESERVED_INPUT_WITH_WEAK_PULLUP                  ;        ;              ;         ; Column I/O ;                 ; no       ; On           ;
; D12      ; 136        ; 7        ; HEX6[2]                                          ; output ; 2.5 V        ;         ; Column I/O ; N               ; no       ; Off          ;
; D13      ; 127        ; 7        ; HEX7[6]                                          ; output ; 2.5 V        ;         ; Column I/O ; N               ; no       ; Off          ;
; D14      ; 124        ; 7        ; HEX0[2]                                          ; output ; 2.5 V        ;         ; Column I/O ; N               ; no       ; Off          ;
; D15      ; 119        ; 7        ; HEX3[2]                                          ; output ; 2.5 V        ;         ; Column I/O ; N               ; no       ; Off          ;
; D16      ; 120        ; 7        ; HEX3[3]                                          ; output ; 2.5 V        ;         ; Column I/O ; N               ; no       ; Off          ;
; D17      ; 110        ; 6        ; HEX3[5]                                          ; output ; 2.5 V        ;         ; Row I/O    ; N               ; no       ; Off          ;
; D18      ; 109        ; 6        ; HEX3[4]                                          ; output ; 2.5 V        ;         ; Row I/O    ; N               ; no       ; Off          ;
; E1       ;            ;          ; GND                                              ; gnd    ;              ;         ; --         ;                 ; --       ; --           ;
; E2       ;            ;          ; GND                                              ; gnd    ;              ;         ; --         ;                 ; --       ; --           ;
; E3       ; 176        ; 9        ; #TMS                                             ; input  ;              ;         ; --         ;                 ; --       ; --           ;
; E4       ; 177        ; 9        ; #TDO                                             ; output ;              ;         ; --         ;                 ; --       ; --           ;
; E5       ; 175        ; 9        ; #TCK                                             ; input  ;              ;         ; --         ;                 ; --       ; --           ;
; E6       ; 167        ; 8        ; RESERVED_INPUT_WITH_WEAK_PULLUP                  ;        ;              ;         ; Column I/O ;                 ; no       ; On           ;
; E7       ;            ; 8        ; VCCIO8                                           ; power  ;              ; 2.5V    ; --         ;                 ; --       ; --           ;
; E8       ;            ;          ; GND                                              ; gnd    ;              ;         ; --         ;                 ; --       ; --           ;
; E9       ;            ; 8        ; VCCIO8                                           ; power  ;              ; 2.5V    ; --         ;                 ; --       ; --           ;
; E10      ; 140        ; 7        ; RESERVED_INPUT_WITH_WEAK_PULLUP                  ;        ;              ;         ; Column I/O ;                 ; no       ; On           ;
; E11      ;            ;          ; GND                                              ; gnd    ;              ;         ; --         ;                 ; --       ; --           ;
; E12      ; 128        ; 7        ; HEX7[5]                                          ; output ; 2.5 V        ;         ; Column I/O ; N               ; no       ; Off          ;
; E13      ;            ; 7        ; VCCIO7                                           ; power  ;              ; 2.5V    ; --         ;                 ; --       ; --           ;
; E14      ;            ;          ; GND                                              ; gnd    ;              ;         ; --         ;                 ; --       ; --           ;
; E15      ; 113        ; 6        ; HEX1[1]                                          ; output ; 2.5 V        ;         ; Row I/O    ; N               ; no       ; Off          ;
; E16      ; 111        ; 6        ; HEX1[3]                                          ; output ; 2.5 V        ;         ; Row I/O    ; N               ; no       ; Off          ;
; E17      ;            ;          ; GND                                              ; gnd    ;              ;         ; --         ;                 ; --       ; --           ;
; E18      ; 107        ; 6        ; HEX0[0]                                          ; output ; 2.5 V        ;         ; Row I/O    ; N               ; no       ; Off          ;
; F1       ; 5          ; QL0      ; GXB_NC                                           ;        ;              ;         ; --         ;                 ; --       ; --           ;
; F2       ; 4          ; QL0      ; GXB_NC                                           ;        ;              ;         ; --         ;                 ; --       ; --           ;
; F3       ;            ; --       ; VCCL_GXB                                         ; power  ;              ; 1.2V    ; --         ;                 ; --       ; --           ;
; F4       ;            ; 9        ; VCCIO9                                           ; power  ;              ; 2.5V    ; --         ;                 ; --       ; --           ;
; F5       ;            ;          ; GND                                              ; gnd    ;              ;         ; --         ;                 ; --       ; --           ;
; F6       ;            ;          ; VCCD_PLL                                         ; power  ;              ; 1.2V    ; --         ;                 ; --       ; --           ;
; F7       ;            ;          ; VCCINT                                           ; power  ;              ; 1.2V    ; --         ;                 ; --       ; --           ;
; F8       ;            ; 8        ; VCCIO8                                           ; power  ;              ; 2.5V    ; --         ;                 ; --       ; --           ;
; F9       ;            ; 8A       ; VCC_CLKIN8A                                      ; power  ;              ; 2.5V    ; --         ;                 ; --       ; --           ;
; F10      ;            ; 7        ; VCCIO7                                           ; power  ;              ; 2.5V    ; --         ;                 ; --       ; --           ;
; F11      ;            ; 7        ; VCCIO7                                           ; power  ;              ; 2.5V    ; --         ;                 ; --       ; --           ;
; F12      ;            ; 7        ; VCCIO7                                           ; power  ;              ; 2.5V    ; --         ;                 ; --       ; --           ;
; F13      ;            ;          ; GND                                              ; gnd    ;              ;         ; --         ;                 ; --       ; --           ;
; F14      ;            ;          ; VCCD_PLL                                         ; power  ;              ; 1.2V    ; --         ;                 ; --       ; --           ;
; F15      ; 114        ; 6        ; HEX0[1]                                          ; output ; 2.5 V        ;         ; Row I/O    ; N               ; no       ; Off          ;
; F16      ; 112        ; 6        ; HEX1[4]                                          ; output ; 2.5 V        ;         ; Row I/O    ; N               ; no       ; Off          ;
; F17      ; 102        ; 6        ; HEX2[5]                                          ; output ; 2.5 V        ;         ; Row I/O    ; N               ; no       ; Off          ;
; F18      ; 108        ; 6        ; HEX0[6]                                          ; output ; 2.5 V        ;         ; Row I/O    ; N               ; no       ; Off          ;
; G1       ;            ;          ; GND                                              ; gnd    ;              ;         ; --         ;                 ; --       ; --           ;
; G2       ;            ;          ; GND                                              ; gnd    ;              ;         ; --         ;                 ; --       ; --           ;
; G3       ;            ; --       ; VCCH_GXB                                         ; power  ;              ; 2.5V    ; --         ;                 ; --       ; --           ;
; G4       ;            ;          ; VCCINT                                           ; power  ;              ; 1.2V    ; --         ;                 ; --       ; --           ;
; G5       ;            ; --       ; VCCA                                             ; power  ;              ; 2.5V    ; --         ;                 ; --       ; --           ;
; G6       ;            ;          ; VCCINT                                           ; power  ;              ; 1.2V    ; --         ;                 ; --       ; --           ;
; G7       ;            ;          ; GND                                              ; gnd    ;              ;         ; --         ;                 ; --       ; --           ;
; G8       ;            ;          ; VCCINT                                           ; power  ;              ; 1.2V    ; --         ;                 ; --       ; --           ;
; G9       ; 143        ; 8A       ; GXB_GND*                                         ;        ;              ;         ; Column I/O ;                 ; --       ; --           ;
; G10      ; 144        ; 8A       ; GXB_GND*                                         ;        ;              ;         ; Column I/O ;                 ; --       ; --           ;
; G11      ;            ;          ; GND                                              ; gnd    ;              ;         ; --         ;                 ; --       ; --           ;
; G12      ;            ;          ; VCCINT                                           ; power  ;              ; 1.2V    ; --         ;                 ; --       ; --           ;
; G13      ;            ; --       ; VCCA                                             ; power  ;              ; 2.5V    ; --         ;                 ; --       ; --           ;
; G14      ;            ; 6        ; VCCIO6                                           ; power  ;              ; 2.5V    ; --         ;                 ; --       ; --           ;
; G15      ; 105        ; 6        ; HEX1[0]                                          ; output ; 2.5 V        ;         ; Row I/O    ; N               ; no       ; Off          ;
; G16      ; 104        ; 6        ; HEX3[1]                                          ; output ; 2.5 V        ;         ; Row I/O    ; N               ; no       ; Off          ;
; G17      ; 103        ; 6        ; HEX3[6]                                          ; output ; 2.5 V        ;         ; Row I/O    ; N               ; no       ; Off          ;
; G18      ; 101        ; 6        ; HEX2[6]                                          ; output ; 2.5 V        ;         ; Row I/O    ; N               ; no       ; Off          ;
; H1       ; 7          ; QL0      ; GXB_GND*                                         ;        ;              ;         ; --         ;                 ; --       ; --           ;
; H2       ; 6          ; QL0      ; GXB_GND*                                         ;        ;              ;         ; --         ;                 ; --       ; --           ;
; H3       ;            ; --       ; VCCL_GXB                                         ; power  ;              ; 1.2V    ; --         ;                 ; --       ; --           ;
; H4       ;            ;          ; GND                                              ; gnd    ;              ;         ; --         ;                 ; --       ; --           ;
; H5       ;            ;          ; VCCINT                                           ; power  ;              ; 1.2V    ; --         ;                 ; --       ; --           ;
; H6       ;            ;          ; GND                                              ; gnd    ;              ;         ; --         ;                 ; --       ; --           ;
; H7       ;            ;          ; VCCINT                                           ; power  ;              ; 1.2V    ; --         ;                 ; --       ; --           ;
; H8       ;            ;          ; GND                                              ; gnd    ;              ;         ; --         ;                 ; --       ; --           ;
; H9       ;            ;          ; VCCINT                                           ; power  ;              ; 1.2V    ; --         ;                 ; --       ; --           ;
; H10      ;            ;          ; GND                                              ; gnd    ;              ;         ; --         ;                 ; --       ; --           ;
; H11      ;            ;          ; VCCINT                                           ; power  ;              ; 1.2V    ; --         ;                 ; --       ; --           ;
; H12      ;            ;          ; GND                                              ; gnd    ;              ;         ; --         ;                 ; --       ; --           ;
; H13      ;            ;          ; VCCINT                                           ; power  ;              ; 1.2V    ; --         ;                 ; --       ; --           ;
; H14      ;            ;          ; GND                                              ; gnd    ;              ;         ; --         ;                 ; --       ; --           ;
; H15      ;            ; 6        ; VCCIO6                                           ; power  ;              ; 2.5V    ; --         ;                 ; --       ; --           ;
; H16      ; 106        ; 6        ; HEX1[6]                                          ; output ; 2.5 V        ;         ; Row I/O    ; N               ; no       ; Off          ;
; H17      ;            ;          ; GND                                              ; gnd    ;              ;         ; --         ;                 ; --       ; --           ;
; H18      ; 97         ; 6        ; key_inc                                          ; input  ; 2.5 V        ;         ; Row I/O    ; N               ; no       ; Off          ;
; J1       ;            ;          ; GND                                              ; gnd    ;              ;         ; --         ;                 ; --       ; --           ;
; J2       ;            ;          ; GND                                              ; gnd    ;              ;         ; --         ;                 ; --       ; --           ;
; J3       ;            ; --       ; VCCA_GXB                                         ; power  ;              ; 2.5V    ; --         ;                 ; --       ; --           ;
; J4       ;            ;          ; VCCINT                                           ; power  ;              ; 1.2V    ; --         ;                 ; --       ; --           ;
; J5       ;            ;          ; GND                                              ; gnd    ;              ;         ; --         ;                 ; --       ; --           ;
; J6       ;            ;          ; VCCINT                                           ; power  ;              ; 1.2V    ; --         ;                 ; --       ; --           ;
; J7       ;            ;          ; GND                                              ; gnd    ;              ;         ; --         ;                 ; --       ; --           ;
; J8       ;            ;          ; VCCINT                                           ; power  ;              ; 1.2V    ; --         ;                 ; --       ; --           ;
; J9       ;            ;          ; GND                                              ; gnd    ;              ;         ; --         ;                 ; --       ; --           ;
; J10      ;            ;          ; VCCINT                                           ; power  ;              ; 1.2V    ; --         ;                 ; --       ; --           ;
; J11      ;            ;          ; GND                                              ; gnd    ;              ;         ; --         ;                 ; --       ; --           ;
; J12      ;            ;          ; VCCINT                                           ; power  ;              ; 1.2V    ; --         ;                 ; --       ; --           ;
; J13      ;            ;          ; GND                                              ; gnd    ;              ;         ; --         ;                 ; --       ; --           ;
; J14      ;            ;          ; VCCINT                                           ; power  ;              ; 1.2V    ; --         ;                 ; --       ; --           ;
; J15      ;            ; 6        ; VCCIO6                                           ; power  ;              ; 2.5V    ; --         ;                 ; --       ; --           ;
; J16      ; 100        ; 6        ; HEX4[6]                                          ; output ; 2.5 V        ;         ; Row I/O    ; N               ; no       ; Off          ;
; J17      ; 99         ; 6        ; HEX5[2]                                          ; output ; 2.5 V        ;         ; Row I/O    ; N               ; no       ; Off          ;
; J18      ; 98         ; 6        ; key_rst_num                                      ; input  ; 2.5 V        ;         ; Row I/O    ; N               ; no       ; Off          ;
; K1       ; 9          ; QL0      ; GXB_NC                                           ;        ;              ;         ; --         ;                 ; --       ; --           ;
; K2       ; 8          ; QL0      ; GXB_NC                                           ;        ;              ;         ; --         ;                 ; --       ; --           ;
; K3       ;            ; --       ; VCCL_GXB                                         ; power  ;              ; 1.2V    ; --         ;                 ; --       ; --           ;
; K4       ;            ;          ; GND                                              ; gnd    ;              ;         ; --         ;                 ; --       ; --           ;
; K5       ;            ;          ; VCCINT                                           ; power  ;              ; 1.2V    ; --         ;                 ; --       ; --           ;
; K6       ;            ;          ; GND                                              ; gnd    ;              ;         ; --         ;                 ; --       ; --           ;
; K7       ;            ;          ; VCCINT                                           ; power  ;              ; 1.2V    ; --         ;                 ; --       ; --           ;
; K8       ;            ;          ; GND                                              ; gnd    ;              ;         ; --         ;                 ; --       ; --           ;
; K9       ;            ;          ; VCCINT                                           ; power  ;              ; 1.2V    ; --         ;                 ; --       ; --           ;
; K10      ;            ;          ; GND                                              ; gnd    ;              ;         ; --         ;                 ; --       ; --           ;
; K11      ;            ;          ; VCCINT                                           ; power  ;              ; 1.2V    ; --         ;                 ; --       ; --           ;
; K12      ;            ;          ; GND                                              ; gnd    ;              ;         ; --         ;                 ; --       ; --           ;
; K13      ;            ;          ; VCCINT                                           ; power  ;              ; 1.2V    ; --         ;                 ; --       ; --           ;
; K14      ;            ; 5        ; VCCIO5                                           ; power  ;              ; 2.5V    ; --         ;                 ; --       ; --           ;
; K15      ; 92         ; 5        ; HEX5[6]                                          ; output ; 2.5 V        ;         ; Row I/O    ; N               ; no       ; Off          ;
; K16      ; 91         ; 5        ; HEX2[1]                                          ; output ; 2.5 V        ;         ; Row I/O    ; N               ; no       ; Off          ;
; K17      ; 96         ; 5        ; GND+                                             ;        ;              ;         ; Row I/O    ;                 ; --       ; --           ;
; K18      ; 95         ; 5        ; GND+                                             ;        ;              ;         ; Row I/O    ;                 ; --       ; --           ;
; L1       ;            ;          ; GND                                              ; gnd    ;              ;         ; --         ;                 ; --       ; --           ;
; L2       ;            ;          ; GND                                              ; gnd    ;              ;         ; --         ;                 ; --       ; --           ;
; L3       ;            ; --       ; VCCH_GXB                                         ; power  ;              ; 2.5V    ; --         ;                 ; --       ; --           ;
; L4       ;            ;          ; VCCINT                                           ; power  ;              ; 1.2V    ; --         ;                 ; --       ; --           ;
; L5       ;            ;          ; GND                                              ; gnd    ;              ;         ; --         ;                 ; --       ; --           ;
; L6       ;            ; --       ; VCCA                                             ; power  ;              ; 2.5V    ; --         ;                 ; --       ; --           ;
; L7       ;            ;          ; GND                                              ; gnd    ;              ;         ; --         ;                 ; --       ; --           ;
; L8       ;            ;          ; VCCINT                                           ; power  ;              ; 1.2V    ; --         ;                 ; --       ; --           ;
; L9       ;            ;          ; GND                                              ; gnd    ;              ;         ; --         ;                 ; --       ; --           ;
; L10      ;            ;          ; VCCINT                                           ; power  ;              ; 1.2V    ; --         ;                 ; --       ; --           ;
; L11      ;            ;          ; GND                                              ; gnd    ;              ;         ; --         ;                 ; --       ; --           ;
; L12      ;            ;          ; VCCINT                                           ; power  ;              ; 1.2V    ; --         ;                 ; --       ; --           ;
; L13      ;            ; --       ; VCCA                                             ; power  ;              ; 2.5V    ; --         ;                 ; --       ; --           ;
; L14      ;            ;          ; GND                                              ; gnd    ;              ;         ; --         ;                 ; --       ; --           ;
; L15      ; 86         ; 5        ; HEX5[1]                                          ; output ; 2.5 V        ;         ; Row I/O    ; N               ; no       ; Off          ;
; L16      ; 85         ; 5        ; HEX4[2]                                          ; output ; 2.5 V        ;         ; Row I/O    ; N               ; no       ; Off          ;
; L17      ;            ;          ; GND                                              ; gnd    ;              ;         ; --         ;                 ; --       ; --           ;
; L18      ; 93         ; 5        ; HEX5[5]                                          ; output ; 2.5 V        ;         ; Row I/O    ; N               ; no       ; Off          ;
; M1       ; 11         ; QL0      ; GXB_GND*                                         ;        ;              ;         ; --         ;                 ; --       ; --           ;
; M2       ; 10         ; QL0      ; GXB_GND*                                         ;        ;              ;         ; --         ;                 ; --       ; --           ;
; M3       ;            ; --       ; VCCL_GXB                                         ; power  ;              ; 1.2V    ; --         ;                 ; --       ; --           ;
; M4       ;            ;          ; GND                                              ; gnd    ;              ;         ; --         ;                 ; --       ; --           ;
; M5       ;            ;          ; VCCD_PLL                                         ; power  ;              ; 1.2V    ; --         ;                 ; --       ; --           ;
; M6       ;            ;          ; GND                                              ; gnd    ;              ;         ; --         ;                 ; --       ; --           ;
; M7       ; 31         ; 3        ; RESERVED_INPUT_WITH_WEAK_PULLUP                  ;        ;              ;         ; Column I/O ;                 ; no       ; On           ;
; M8       ;            ;          ; GND                                              ; gnd    ;              ;         ; --         ;                 ; --       ; --           ;
; M9       ; 47         ; 3A       ; key_rst_n                                        ; input  ; 2.5 V        ;         ; Column I/O ; N               ; no       ; Off          ;
; M10      ; 48         ; 3A       ; clk_50M                                          ; input  ; 2.5 V        ;         ; Column I/O ; N               ; no       ; Off          ;
; M11      ;            ;          ; VCCINT                                           ; power  ;              ; 1.2V    ; --         ;                 ; --       ; --           ;
; M12      ;            ;          ; GND                                              ; gnd    ;              ;         ; --         ;                 ; --       ; --           ;
; M13      ;            ;          ; GND                                              ; gnd    ;              ;         ; --         ;                 ; --       ; --           ;
; M14      ;            ;          ; VCCD_PLL                                         ; power  ;              ; 1.2V    ; --         ;                 ; --       ; --           ;
; M15      ;            ; 5        ; VCCIO5                                           ; power  ;              ; 2.5V    ; --         ;                 ; --       ; --           ;
; M16      ; 88         ; 5        ; key_dec                                          ; input  ; 2.5 V        ;         ; Row I/O    ; N               ; no       ; Off          ;
; M17      ; 87         ; 5        ; HEX4[1]                                          ; output ; 2.5 V        ;         ; Row I/O    ; N               ; no       ; Off          ;
; M18      ; 94         ; 5        ; key_mode                                         ; input  ; 2.5 V        ;         ; Row I/O    ; N               ; no       ; Off          ;
; N1       ;            ;          ; GND                                              ; gnd    ;              ;         ; --         ;                 ; --       ; --           ;
; N2       ;            ;          ; GND                                              ; gnd    ;              ;         ; --         ;                 ; --       ; --           ;
; N3       ;            ; --       ; VCCA_GXB                                         ; power  ;              ; 2.5V    ; --         ;                 ; --       ; --           ;
; N4       ;            ;          ; VCCINT                                           ; power  ;              ; 1.2V    ; --         ;                 ; --       ; --           ;
; N5       ; 21         ; 3        ; RESERVED_INPUT_WITH_WEAK_PULLUP                  ;        ;              ;         ; Column I/O ;                 ; no       ; On           ;
; N6       ; 22         ; 3        ; RESERVED_INPUT_WITH_WEAK_PULLUP                  ;        ;              ;         ; Column I/O ;                 ; no       ; On           ;
; N7       ; 32         ; 3        ; RESERVED_INPUT_WITH_WEAK_PULLUP                  ;        ;              ;         ; Column I/O ;                 ; no       ; On           ;
; N8       ;            ; 3        ; VCCIO3                                           ; power  ;              ; 2.5V    ; --         ;                 ; --       ; --           ;
; N9       ;            ; 3A       ; VCC_CLKIN3A                                      ; power  ;              ; 2.5V    ; --         ;                 ; --       ; --           ;
; N10      ;            ;          ; GND                                              ; gnd    ;              ;         ; --         ;                 ; --       ; --           ;
; N11      ;            ; 4        ; VCCIO4                                           ; power  ;              ; 2.5V    ; --         ;                 ; --       ; --           ;
; N12      ;            ; 4        ; VCCIO4                                           ; power  ;              ; 2.5V    ; --         ;                 ; --       ; --           ;
; N13      ;            ; 4        ; VCCIO4                                           ; power  ;              ; 2.5V    ; --         ;                 ; --       ; --           ;
; N14      ;            ; 4        ; VCCIO4                                           ; power  ;              ; 2.5V    ; --         ;                 ; --       ; --           ;
; N15      ; 77         ; 5        ; HEX2[2]                                          ; output ; 2.5 V        ;         ; Row I/O    ; N               ; no       ; Off          ;
; N16      ; 78         ; 5        ; HEX2[4]                                          ; output ; 2.5 V        ;         ; Row I/O    ; N               ; no       ; Off          ;
; N17      ; 90         ; 5        ; HEX4[4]                                          ; output ; 2.5 V        ;         ; Row I/O    ; N               ; no       ; Off          ;
; N18      ; 89         ; 5        ; HEX4[5]                                          ; output ; 2.5 V        ;         ; Row I/O    ; N               ; no       ; Off          ;
; P1       ; 13         ; QL0      ; GXB_NC                                           ;        ;              ;         ; --         ;                 ; --       ; --           ;
; P2       ; 12         ; QL0      ; GXB_NC                                           ;        ;              ;         ; --         ;                 ; --       ; --           ;
; P3       ;            ;          ; GND                                              ; gnd    ;              ;         ; --         ;                 ; --       ; --           ;
; P4       ; 16         ; 3        ; ^MSEL2                                           ;        ;              ;         ; --         ;                 ; --       ; --           ;
; P5       ;            ;          ; GND                                              ; gnd    ;              ;         ; --         ;                 ; --       ; --           ;
; P6       ; 23         ; 3        ; RESERVED_INPUT_WITH_WEAK_PULLUP                  ;        ;              ;         ; Column I/O ;                 ; no       ; On           ;
; P7       ;            ; 3        ; VCCIO3                                           ; power  ;              ; 2.5V    ; --         ;                 ; --       ; --           ;
; P8       ;            ;          ; GND                                              ; gnd    ;              ;         ; --         ;                 ; --       ; --           ;
; P9       ;            ; 3        ; VCCIO3                                           ; power  ;              ; 2.5V    ; --         ;                 ; --       ; --           ;
; P10      ; 45         ; 3        ; RESERVED_INPUT_WITH_WEAK_PULLUP                  ;        ;              ;         ; Column I/O ;                 ; no       ; On           ;
; P11      ;            ;          ; GND                                              ; gnd    ;              ;         ; --         ;                 ; --       ; --           ;
; P12      ; 61         ; 4        ; RESERVED_INPUT_WITH_WEAK_PULLUP                  ;        ;              ;         ; Column I/O ;                 ; --       ; --           ;
; P13      ; 62         ; 4        ; RESERVED_INPUT_WITH_WEAK_PULLUP                  ;        ;              ;         ; Column I/O ;                 ; no       ; On           ;
; P14      ;            ;          ; GND                                              ; gnd    ;              ;         ; --         ;                 ; --       ; --           ;
; P15      ; 75         ; 4        ; RESERVED_INPUT_WITH_WEAK_PULLUP                  ;        ;              ;         ; Column I/O ;                 ; no       ; On           ;
; P16      ; 79         ; 5        ; HEX5[3]                                          ; output ; 2.5 V        ;         ; Row I/O    ; N               ; no       ; Off          ;
; P17      ;            ;          ; GND                                              ; gnd    ;              ;         ; --         ;                 ; --       ; --           ;
; P18      ; 83         ; 5        ; HEX4[0]                                          ; output ; 2.5 V        ;         ; Row I/O    ; N               ; no       ; Off          ;
; R1       ;            ;          ; GND                                              ; gnd    ;              ;         ; --         ;                 ; --       ; --           ;
; R2       ;            ;          ; GND                                              ; gnd    ;              ;         ; --         ;                 ; --       ; --           ;
; R3       ;            ;          ; GND                                              ; gnd    ;              ;         ; --         ;                 ; --       ; --           ;
; R4       ;            ; --       ; VCCL_GXB                                         ; power  ;              ; 1.2V    ; --         ;                 ; --       ; --           ;
; R5       ; 17         ; 3        ; ^MSEL1                                           ;        ;              ;         ; --         ;                 ; --       ; --           ;
; R6       ; 24         ; 3        ; ~ALTERA_NCEO~ / RESERVED_OUTPUT_OPEN_DRAIN       ; output ; 2.5 V        ;         ; Column I/O ; N               ; no       ; Off          ;
; R7       ; 29         ; 3        ; RESERVED_INPUT_WITH_WEAK_PULLUP                  ;        ;              ;         ; Column I/O ;                 ; no       ; On           ;
; R8       ; 36         ; 3        ; RESERVED_INPUT_WITH_WEAK_PULLUP                  ;        ;              ;         ; Column I/O ;                 ; --       ; --           ;
; R9       ; 39         ; 3        ; RESERVED_INPUT_WITH_WEAK_PULLUP                  ;        ;              ;         ; Column I/O ;                 ; no       ; On           ;
; R10      ; 46         ; 3        ; RESERVED_INPUT_WITH_WEAK_PULLUP                  ;        ;              ;         ; Column I/O ;                 ; no       ; On           ;
; R11      ; 53         ; 4        ; RESERVED_INPUT_WITH_WEAK_PULLUP                  ;        ;              ;         ; Column I/O ;                 ; no       ; On           ;
; R12      ; 59         ; 4        ; RESERVED_INPUT_WITH_WEAK_PULLUP                  ;        ;              ;         ; Column I/O ;                 ; no       ; On           ;
; R13      ; 60         ; 4        ; RESERVED_INPUT_WITH_WEAK_PULLUP                  ;        ;              ;         ; Column I/O ;                 ; no       ; On           ;
; R14      ; 73         ; 4        ; RESERVED_INPUT_WITH_WEAK_PULLUP                  ;        ;              ;         ; Column I/O ;                 ; no       ; On           ;
; R15      ; 76         ; 4        ; RESERVED_INPUT_WITH_WEAK_PULLUP                  ;        ;              ;         ; Column I/O ;                 ; no       ; On           ;
; R16      ; 80         ; 5        ; HEX5[4]                                          ; output ; 2.5 V        ;         ; Row I/O    ; N               ; no       ; Off          ;
; R17      ; 82         ; 5        ; HEX1[5]                                          ; output ; 2.5 V        ;         ; Row I/O    ; N               ; no       ; Off          ;
; R18      ; 84         ; 5        ; HEX4[3]                                          ; output ; 2.5 V        ;         ; Row I/O    ; N               ; no       ; Off          ;
; T1       ; 15         ; QL0      ; GXB_GND*                                         ;        ;              ;         ; --         ;                 ; --       ; --           ;
; T2       ; 14         ; QL0      ; GXB_GND*                                         ;        ;              ;         ; --         ;                 ; --       ; --           ;
; T3       ;            ;          ; GND                                              ; gnd    ;              ;         ; --         ;                 ; --       ; --           ;
; T4       ;            ; --       ; VCCA_GXB                                         ; power  ;              ; 2.5V    ; --         ;                 ; --       ; --           ;
; T5       ; 18         ; 3        ; ^MSEL0                                           ;        ;              ;         ; --         ;                 ; --       ; --           ;
; T6       ; 25         ; 3        ; RESERVED_INPUT_WITH_WEAK_PULLUP                  ;        ;              ;         ; Column I/O ;                 ; no       ; On           ;
; T7       ; 30         ; 3        ; RESERVED_INPUT_WITH_WEAK_PULLUP                  ;        ;              ;         ; Column I/O ;                 ; no       ; On           ;
; T8       ; 35         ; 3        ; RESERVED_INPUT_WITH_WEAK_PULLUP                  ;        ;              ;         ; Column I/O ;                 ; no       ; On           ;
; T9       ; 40         ; 3        ; RESERVED_INPUT_WITH_WEAK_PULLUP                  ;        ;              ;         ; Column I/O ;                 ; no       ; On           ;
; T10      ; 43         ; 3        ; RESERVED_INPUT_WITH_WEAK_PULLUP                  ;        ;              ;         ; Column I/O ;                 ; no       ; On           ;
; T11      ; 54         ; 4        ; RESERVED_INPUT_WITH_WEAK_PULLUP                  ;        ;              ;         ; Column I/O ;                 ; no       ; On           ;
; T12      ; 55         ; 4        ; RESERVED_INPUT_WITH_WEAK_PULLUP                  ;        ;              ;         ; Column I/O ;                 ; no       ; On           ;
; T13      ; 63         ; 4        ; RESERVED_INPUT_WITH_WEAK_PULLUP                  ;        ;              ;         ; Column I/O ;                 ; no       ; On           ;
; T14      ; 64         ; 4        ; RESERVED_INPUT_WITH_WEAK_PULLUP                  ;        ;              ;         ; Column I/O ;                 ; no       ; On           ;
; T15      ; 74         ; 4        ; RESERVED_INPUT_WITH_WEAK_PULLUP                  ;        ;              ;         ; Column I/O ;                 ; no       ; On           ;
; T16      ; 71         ; 4        ; HEX2[3]                                          ; output ; 2.5 V        ;         ; Column I/O ; N               ; no       ; Off          ;
; T17      ; 72         ; 4        ; HEX5[0]                                          ; output ; 2.5 V        ;         ; Column I/O ; N               ; no       ; Off          ;
; T18      ; 81         ; 5        ; HEX1[2]                                          ; output ; 2.5 V        ;         ; Row I/O    ; N               ; no       ; Off          ;
; U1       ;            ;          ; GND                                              ; gnd    ;              ;         ; --         ;                 ; --       ; --           ;
; U2       ;            ;          ; GND                                              ; gnd    ;              ;         ; --         ;                 ; --       ; --           ;
; U3       ;            ;          ; NC                                               ;        ;              ;         ; --         ;                 ; --       ; --           ;
; U4       ; 19         ; 3        ; ^CONF_DONE                                       ;        ;              ;         ; --         ;                 ; --       ; --           ;
; U5       ;            ;          ; GND                                              ; gnd    ;              ;         ; --         ;                 ; --       ; --           ;
; U6       ; 26         ; 3        ; RESERVED_INPUT_WITH_WEAK_PULLUP                  ;        ;              ;         ; Column I/O ;                 ; no       ; On           ;
; U7       ; 33         ; 3        ; RESERVED_INPUT_WITH_WEAK_PULLUP                  ;        ;              ;         ; Column I/O ;                 ; no       ; On           ;
; U8       ;            ;          ; GND                                              ; gnd    ;              ;         ; --         ;                 ; --       ; --           ;
; U9       ; 37         ; 3        ; RESERVED_INPUT_WITH_WEAK_PULLUP                  ;        ;              ;         ; Column I/O ;                 ; no       ; On           ;
; U10      ; 44         ; 3        ; RESERVED_INPUT_WITH_WEAK_PULLUP                  ;        ;              ;         ; Column I/O ;                 ; no       ; On           ;
; U11      ;            ;          ; GND                                              ; gnd    ;              ;         ; --         ;                 ; --       ; --           ;
; U12      ; 56         ; 4        ; RESERVED_INPUT_WITH_WEAK_PULLUP                  ;        ;              ;         ; Column I/O ;                 ; no       ; On           ;
; U13      ; 51         ; 4        ; RESERVED_INPUT_WITH_WEAK_PULLUP                  ;        ;              ;         ; Column I/O ;                 ; no       ; On           ;
; U14      ;            ;          ; GND                                              ; gnd    ;              ;         ; --         ;                 ; --       ; --           ;
; U15      ; 65         ; 4        ; RESERVED_INPUT_WITH_WEAK_PULLUP                  ;        ;              ;         ; Column I/O ;                 ; no       ; On           ;
; U16      ; 66         ; 4        ; RESERVED_INPUT_WITH_WEAK_PULLUP                  ;        ;              ;         ; Column I/O ;                 ; no       ; On           ;
; U17      ;            ;          ; GND                                              ; gnd    ;              ;         ; --         ;                 ; --       ; --           ;
; U18      ; 69         ; 4        ; RESERVED_INPUT_WITH_WEAK_PULLUP                  ;        ;              ;         ; Column I/O ;                 ; no       ; On           ;
; V1       ;            ;          ; RREF                                             ;        ;              ;         ; --         ;                 ; --       ; --           ;
; V2       ;            ;          ; GND                                              ; gnd    ;              ;         ; --         ;                 ; --       ; --           ;
; V3       ;            ;          ; NC                                               ;        ;              ;         ; --         ;                 ; --       ; --           ;
; V4       ; 20         ; 3        ; ^nSTATUS                                         ;        ;              ;         ; --         ;                 ; --       ; --           ;
; V5       ; 27         ; 3        ; RESERVED_INPUT_WITH_WEAK_PULLUP                  ;        ;              ;         ; Column I/O ;                 ; no       ; On           ;
; V6       ; 28         ; 3        ; RESERVED_INPUT_WITH_WEAK_PULLUP                  ;        ;              ;         ; Column I/O ;                 ; no       ; On           ;
; V7       ; 34         ; 3        ; RESERVED_INPUT_WITH_WEAK_PULLUP                  ;        ;              ;         ; Column I/O ;                 ; no       ; On           ;
; V8       ; 38         ; 3        ; RESERVED_INPUT_WITH_WEAK_PULLUP                  ;        ;              ;         ; Column I/O ;                 ; no       ; On           ;
; V9       ; 41         ; 3        ; RESERVED_INPUT_WITH_WEAK_PULLUP                  ;        ;              ;         ; Column I/O ;                 ; no       ; On           ;
; V10      ; 42         ; 3        ; RESERVED_INPUT_WITH_WEAK_PULLUP                  ;        ;              ;         ; Column I/O ;                 ; no       ; On           ;
; V11      ; 49         ; 4        ; GND+                                             ;        ;              ;         ; Column I/O ;                 ; --       ; --           ;
; V12      ; 50         ; 4        ; GND+                                             ;        ;              ;         ; Column I/O ;                 ; --       ; --           ;
; V13      ; 52         ; 4        ; RESERVED_INPUT_WITH_WEAK_PULLUP                  ;        ;              ;         ; Column I/O ;                 ; no       ; On           ;
; V14      ; 57         ; 4        ; RESERVED_INPUT_WITH_WEAK_PULLUP                  ;        ;              ;         ; Column I/O ;                 ; no       ; On           ;
; V15      ; 58         ; 4        ; RESERVED_INPUT_WITH_WEAK_PULLUP                  ;        ;              ;         ; Column I/O ;                 ; no       ; On           ;
; V16      ; 67         ; 4        ; RESERVED_INPUT_WITH_WEAK_PULLUP                  ;        ;              ;         ; Column I/O ;                 ; no       ; On           ;
; V17      ; 68         ; 4        ; RESERVED_INPUT_WITH_WEAK_PULLUP                  ;        ;              ;         ; Column I/O ;                 ; no       ; On           ;
; V18      ; 70         ; 4        ; RESERVED_INPUT_WITH_WEAK_PULLUP                  ;        ;              ;         ; Column I/O ;                 ; no       ; On           ;
+----------+------------+----------+--------------------------------------------------+--------+--------------+---------+------------+-----------------+----------+--------------+
Note: Pin directions (input, output or bidir) are based on device operating in user mode.


+---------------------------------------------+
; I/O Assignment Warnings                     ;
+-------------+-------------------------------+
; Pin Name    ; Reason                        ;
+-------------+-------------------------------+
; HEX7[0]     ; Incomplete set of assignments ;
; HEX7[1]     ; Incomplete set of assignments ;
; HEX7[2]     ; Incomplete set of assignments ;
; HEX7[3]     ; Incomplete set of assignments ;
; HEX7[4]     ; Incomplete set of assignments ;
; HEX7[5]     ; Incomplete set of assignments ;
; HEX7[6]     ; Incomplete set of assignments ;
; HEX6[0]     ; Incomplete set of assignments ;
; HEX6[1]     ; Incomplete set of assignments ;
; HEX6[2]     ; Incomplete set of assignments ;
; HEX6[3]     ; Incomplete set of assignments ;
; HEX6[4]     ; Incomplete set of assignments ;
; HEX6[5]     ; Incomplete set of assignments ;
; HEX6[6]     ; Incomplete set of assignments ;
; HEX5[0]     ; Incomplete set of assignments ;
; HEX5[1]     ; Incomplete set of assignments ;
; HEX5[2]     ; Incomplete set of assignments ;
; HEX5[3]     ; Incomplete set of assignments ;
; HEX5[4]     ; Incomplete set of assignments ;
; HEX5[5]     ; Incomplete set of assignments ;
; HEX5[6]     ; Incomplete set of assignments ;
; HEX4[0]     ; Incomplete set of assignments ;
; HEX4[1]     ; Incomplete set of assignments ;
; HEX4[2]     ; Incomplete set of assignments ;
; HEX4[3]     ; Incomplete set of assignments ;
; HEX4[4]     ; Incomplete set of assignments ;
; HEX4[5]     ; Incomplete set of assignments ;
; HEX4[6]     ; Incomplete set of assignments ;
; HEX3[0]     ; Incomplete set of assignments ;
; HEX3[1]     ; Incomplete set of assignments ;
; HEX3[2]     ; Incomplete set of assignments ;
; HEX3[3]     ; Incomplete set of assignments ;
; HEX3[4]     ; Incomplete set of assignments ;
; HEX3[5]     ; Incomplete set of assignments ;
; HEX3[6]     ; Incomplete set of assignments ;
; HEX2[0]     ; Incomplete set of assignments ;
; HEX2[1]     ; Incomplete set of assignments ;
; HEX2[2]     ; Incomplete set of assignments ;
; HEX2[3]     ; Incomplete set of assignments ;
; HEX2[4]     ; Incomplete set of assignments ;
; HEX2[5]     ; Incomplete set of assignments ;
; HEX2[6]     ; Incomplete set of assignments ;
; HEX1[0]     ; Incomplete set of assignments ;
; HEX1[1]     ; Incomplete set of assignments ;
; HEX1[2]     ; Incomplete set of assignments ;
; HEX1[3]     ; Incomplete set of assignments ;
; HEX1[4]     ; Incomplete set of assignments ;
; HEX1[5]     ; Incomplete set of assignments ;
; HEX1[6]     ; Incomplete set of assignments ;
; HEX0[0]     ; Incomplete set of assignments ;
; HEX0[1]     ; Incomplete set of assignments ;
; HEX0[2]     ; Incomplete set of assignments ;
; HEX0[3]     ; Incomplete set of assignments ;
; HEX0[4]     ; Incomplete set of assignments ;
; HEX0[5]     ; Incomplete set of assignments ;
; HEX0[6]     ; Incomplete set of assignments ;
; clk_50M     ; Incomplete set of assignments ;
; key_rst_n   ; Incomplete set of assignments ;
; key_inc     ; Incomplete set of assignments ;
; key_rst_num ; Incomplete set of assignments ;
; key_dec     ; Incomplete set of assignments ;
; key_mode    ; Incomplete set of assignments ;
; HEX7[0]     ; Missing location assignment   ;
; HEX7[1]     ; Missing location assignment   ;
; HEX7[2]     ; Missing location assignment   ;
; HEX7[3]     ; Missing location assignment   ;
; HEX7[4]     ; Missing location assignment   ;
; HEX7[5]     ; Missing location assignment   ;
; HEX7[6]     ; Missing location assignment   ;
; HEX6[0]     ; Missing location assignment   ;
; HEX6[1]     ; Missing location assignment   ;
; HEX6[2]     ; Missing location assignment   ;
; HEX6[3]     ; Missing location assignment   ;
; HEX6[4]     ; Missing location assignment   ;
; HEX6[5]     ; Missing location assignment   ;
; HEX6[6]     ; Missing location assignment   ;
; HEX5[0]     ; Missing location assignment   ;
; HEX5[1]     ; Missing location assignment   ;
; HEX5[2]     ; Missing location assignment   ;
; HEX5[3]     ; Missing location assignment   ;
; HEX5[4]     ; Missing location assignment   ;
; HEX5[5]     ; Missing location assignment   ;
; HEX5[6]     ; Missing location assignment   ;
; HEX4[0]     ; Missing location assignment   ;
; HEX4[1]     ; Missing location assignment   ;
; HEX4[2]     ; Missing location assignment   ;
; HEX4[3]     ; Missing location assignment   ;
; HEX4[4]     ; Missing location assignment   ;
; HEX4[5]     ; Missing location assignment   ;
; HEX4[6]     ; Missing location assignment   ;
; HEX3[0]     ; Missing location assignment   ;
; HEX3[1]     ; Missing location assignment   ;
; HEX3[2]     ; Missing location assignment   ;
; HEX3[3]     ; Missing location assignment   ;
; HEX3[4]     ; Missing location assignment   ;
; HEX3[5]     ; Missing location assignment   ;
; HEX3[6]     ; Missing location assignment   ;
; HEX2[0]     ; Missing location assignment   ;
; HEX2[1]     ; Missing location assignment   ;
; HEX2[2]     ; Missing location assignment   ;
; HEX2[3]     ; Missing location assignment   ;
; HEX2[4]     ; Missing location assignment   ;
; HEX2[5]     ; Missing location assignment   ;
; HEX2[6]     ; Missing location assignment   ;
; HEX1[0]     ; Missing location assignment   ;
; HEX1[1]     ; Missing location assignment   ;
; HEX1[2]     ; Missing location assignment   ;
; HEX1[3]     ; Missing location assignment   ;
; HEX1[4]     ; Missing location assignment   ;
; HEX1[5]     ; Missing location assignment   ;
; HEX1[6]     ; Missing location assignment   ;
; HEX0[0]     ; Missing location assignment   ;
; HEX0[1]     ; Missing location assignment   ;
; HEX0[2]     ; Missing location assignment   ;
; HEX0[3]     ; Missing location assignment   ;
; HEX0[4]     ; Missing location assignment   ;
; HEX0[5]     ; Missing location assignment   ;
; HEX0[6]     ; Missing location assignment   ;
; clk_50M     ; Missing location assignment   ;
; key_rst_n   ; Missing location assignment   ;
; key_inc     ; Missing location assignment   ;
; key_rst_num ; Missing location assignment   ;
; key_dec     ; Missing location assignment   ;
; key_mode    ; Missing location assignment   ;
+-------------+-------------------------------+


+----------------------------------------------------------------------------------------------------------------------------------------------------------------------------------------------------------------------------------------------------------------------------------------------------------------------------------------------------------+
; Fitter Resource Utilization by Entity                                                                                                                                                                                                                                                                                                                    ;
+-----------------------------------+-------------+---------------------------+---------------+-------------+------+--------------+---------+-----------+-----------+------+--------------+--------------+-------------------+------------------+----------------------------------------------------------------------+--------------------+--------------+
; Compilation Hierarchy Node        ; Logic Cells ; Dedicated Logic Registers ; I/O Registers ; Memory Bits ; M9Ks ; DSP Elements ; DSP 9x9 ; DSP 18x18 ; DSP 36x36 ; Pins ; Virtual Pins ; LUT-Only LCs ; Register-Only LCs ; LUT/Register LCs ; Full Hierarchy Name                                                  ; Entity Name        ; Library Name ;
+-----------------------------------+-------------+---------------------------+---------------+-------------+------+--------------+---------+-----------+-----------+------+--------------+--------------+-------------------+------------------+----------------------------------------------------------------------+--------------------+--------------+
; |century_clock_top                ; 588 (1)     ; 191 (0)                   ; 0 (0)         ; 0           ; 0    ; 0            ; 0       ; 0         ; 0         ; 62   ; 0            ; 397 (1)      ; 12 (0)            ; 179 (0)          ; |century_clock_top                                                   ; century_clock_top  ; work         ;
;    |date_core:date_inst|          ; 119 (1)     ; 23 (0)                    ; 0 (0)         ; 0           ; 0    ; 0            ; 0       ; 0         ; 0         ; 0    ; 0            ; 96 (1)       ; 0 (0)             ; 23 (0)           ; |century_clock_top|date_core:date_inst                               ; date_core          ; work         ;
;       |day_counter:inst_day|      ; 30 (30)     ; 5 (5)                     ; 0 (0)         ; 0           ; 0    ; 0            ; 0       ; 0         ; 0         ; 0    ; 0            ; 25 (25)      ; 0 (0)             ; 5 (5)            ; |century_clock_top|date_core:date_inst|day_counter:inst_day          ; day_counter        ; work         ;
;       |day_in_month:dim|          ; 5 (5)       ; 0 (0)                     ; 0 (0)         ; 0           ; 0    ; 0            ; 0       ; 0         ; 0         ; 0    ; 0            ; 5 (5)        ; 0 (0)             ; 0 (0)            ; |century_clock_top|date_core:date_inst|day_in_month:dim              ; day_in_month       ; work         ;
;       |leap_year_check:leap_year| ; 2 (2)       ; 0 (0)                     ; 0 (0)         ; 0           ; 0    ; 0            ; 0       ; 0         ; 0         ; 0    ; 0            ; 2 (2)        ; 0 (0)             ; 0 (0)            ; |century_clock_top|date_core:date_inst|leap_year_check:leap_year     ; leap_year_check    ; work         ;
;       |month_counter:inst_month|  ; 15 (15)     ; 4 (4)                     ; 0 (0)         ; 0           ; 0    ; 0            ; 0       ; 0         ; 0         ; 0    ; 0            ; 11 (11)      ; 0 (0)             ; 4 (4)            ; |century_clock_top|date_core:date_inst|month_counter:inst_month      ; month_counter      ; work         ;
;       |year_counter:inst_year|    ; 66 (66)     ; 14 (14)                   ; 0 (0)         ; 0           ; 0    ; 0            ; 0       ; 0         ; 0         ; 0    ; 0            ; 52 (52)      ; 0 (0)             ; 14 (14)          ; |century_clock_top|date_core:date_inst|year_counter:inst_year        ; year_counter       ; work         ;
;    |debounce:debounce_dec|        ; 28 (28)     ; 23 (23)                   ; 0 (0)         ; 0           ; 0    ; 0            ; 0       ; 0         ; 0         ; 0    ; 0            ; 5 (5)        ; 2 (2)             ; 21 (21)          ; |century_clock_top|debounce:debounce_dec                             ; debounce           ; work         ;
;    |debounce:debounce_inc|        ; 28 (28)     ; 23 (23)                   ; 0 (0)         ; 0           ; 0    ; 0            ; 0       ; 0         ; 0         ; 0    ; 0            ; 5 (5)        ; 2 (2)             ; 21 (21)          ; |century_clock_top|debounce:debounce_inc                             ; debounce           ; work         ;
;    |debounce:debounce_mode|       ; 28 (28)     ; 23 (23)                   ; 0 (0)         ; 0           ; 0    ; 0            ; 0       ; 0         ; 0         ; 0    ; 0            ; 5 (5)        ; 2 (2)             ; 21 (21)          ; |century_clock_top|debounce:debounce_mode                            ; debounce           ; work         ;
;    |debounce:debounce_rst_num|    ; 27 (27)     ; 23 (23)                   ; 0 (0)         ; 0           ; 0    ; 0            ; 0       ; 0         ; 0         ; 0    ; 0            ; 4 (4)        ; 1 (1)             ; 22 (22)          ; |century_clock_top|debounce:debounce_rst_num                         ; debounce           ; work         ;
;    |display_control:inst_display| ; 185 (26)    ; 1 (1)                     ; 0 (0)         ; 0           ; 0    ; 0            ; 0       ; 0         ; 0         ; 0    ; 0            ; 184 (25)     ; 0 (0)             ; 1 (1)            ; |century_clock_top|display_control:inst_display                      ; display_control    ; work         ;
;       |bin2bcd:bcd0|              ; 17 (17)     ; 0 (0)                     ; 0 (0)         ; 0           ; 0    ; 0            ; 0       ; 0         ; 0         ; 0    ; 0            ; 17 (17)      ; 0 (0)             ; 0 (0)            ; |century_clock_top|display_control:inst_display|bin2bcd:bcd0         ; bin2bcd            ; work         ;
;       |bin2bcd:bcd1|              ; 24 (24)     ; 0 (0)                     ; 0 (0)         ; 0           ; 0    ; 0            ; 0       ; 0         ; 0         ; 0    ; 0            ; 24 (24)      ; 0 (0)             ; 0 (0)            ; |century_clock_top|display_control:inst_display|bin2bcd:bcd1         ; bin2bcd            ; work         ;
;       |bin2bcd:bcd2|              ; 14 (14)     ; 0 (0)                     ; 0 (0)         ; 0           ; 0    ; 0            ; 0       ; 0         ; 0         ; 0    ; 0            ; 14 (14)      ; 0 (0)             ; 0 (0)            ; |century_clock_top|display_control:inst_display|bin2bcd:bcd2         ; bin2bcd            ; work         ;
;       |bin2bcd:bcd3|              ; 11 (11)     ; 0 (0)                     ; 0 (0)         ; 0           ; 0    ; 0            ; 0       ; 0         ; 0         ; 0    ; 0            ; 11 (11)      ; 0 (0)             ; 0 (0)            ; |century_clock_top|display_control:inst_display|bin2bcd:bcd3         ; bin2bcd            ; work         ;
;       |hex_to7seg:inst_hex0|      ; 14 (14)     ; 0 (0)                     ; 0 (0)         ; 0           ; 0    ; 0            ; 0       ; 0         ; 0         ; 0    ; 0            ; 14 (14)      ; 0 (0)             ; 0 (0)            ; |century_clock_top|display_control:inst_display|hex_to7seg:inst_hex0 ; hex_to7seg         ; work         ;
;       |hex_to7seg:inst_hex1|      ; 12 (12)     ; 0 (0)                     ; 0 (0)         ; 0           ; 0    ; 0            ; 0       ; 0         ; 0         ; 0    ; 0            ; 12 (12)      ; 0 (0)             ; 0 (0)            ; |century_clock_top|display_control:inst_display|hex_to7seg:inst_hex1 ; hex_to7seg         ; work         ;
;       |hex_to7seg:inst_hex2|      ; 14 (14)     ; 0 (0)                     ; 0 (0)         ; 0           ; 0    ; 0            ; 0       ; 0         ; 0         ; 0    ; 0            ; 14 (14)      ; 0 (0)             ; 0 (0)            ; |century_clock_top|display_control:inst_display|hex_to7seg:inst_hex2 ; hex_to7seg         ; work         ;
;       |hex_to7seg:inst_hex3|      ; 12 (12)     ; 0 (0)                     ; 0 (0)         ; 0           ; 0    ; 0            ; 0       ; 0         ; 0         ; 0    ; 0            ; 12 (12)      ; 0 (0)             ; 0 (0)            ; |century_clock_top|display_control:inst_display|hex_to7seg:inst_hex3 ; hex_to7seg         ; work         ;
;       |hex_to7seg:inst_hex4|      ; 14 (14)     ; 0 (0)                     ; 0 (0)         ; 0           ; 0    ; 0            ; 0       ; 0         ; 0         ; 0    ; 0            ; 14 (14)      ; 0 (0)             ; 0 (0)            ; |century_clock_top|display_control:inst_display|hex_to7seg:inst_hex4 ; hex_to7seg         ; work         ;
;       |hex_to7seg:inst_hex5|      ; 7 (7)       ; 0 (0)                     ; 0 (0)         ; 0           ; 0    ; 0            ; 0       ; 0         ; 0         ; 0    ; 0            ; 7 (7)        ; 0 (0)             ; 0 (0)            ; |century_clock_top|display_control:inst_display|hex_to7seg:inst_hex5 ; hex_to7seg         ; work         ;
;       |hex_to7seg:inst_hex6|      ; 14 (14)     ; 0 (0)                     ; 0 (0)         ; 0           ; 0    ; 0            ; 0       ; 0         ; 0         ; 0    ; 0            ; 14 (14)      ; 0 (0)             ; 0 (0)            ; |century_clock_top|display_control:inst_display|hex_to7seg:inst_hex6 ; hex_to7seg         ; work         ;
;       |hex_to7seg:inst_hex7|      ; 6 (6)       ; 0 (0)                     ; 0 (0)         ; 0           ; 0    ; 0            ; 0       ; 0         ; 0         ; 0    ; 0            ; 6 (6)        ; 0 (0)             ; 0 (0)            ; |century_clock_top|display_control:inst_display|hex_to7seg:inst_hex7 ; hex_to7seg         ; work         ;
;    |edge_detector:ed_dec|         ; 2 (2)       ; 1 (1)                     ; 0 (0)         ; 0           ; 0    ; 0            ; 0       ; 0         ; 0         ; 0    ; 0            ; 1 (1)        ; 1 (1)             ; 0 (0)            ; |century_clock_top|edge_detector:ed_dec                              ; edge_detector      ; work         ;
;    |edge_detector:ed_inc|         ; 2 (2)       ; 1 (1)                     ; 0 (0)         ; 0           ; 0    ; 0            ; 0       ; 0         ; 0         ; 0    ; 0            ; 1 (1)        ; 1 (1)             ; 0 (0)            ; |century_clock_top|edge_detector:ed_inc                              ; edge_detector      ; work         ;
;    |edge_detector:ed_mode|        ; 1 (1)       ; 1 (1)                     ; 0 (0)         ; 0           ; 0    ; 0            ; 0       ; 0         ; 0         ; 0    ; 0            ; 0 (0)        ; 1 (1)             ; 0 (0)            ; |century_clock_top|edge_detector:ed_mode                             ; edge_detector      ; work         ;
;    |edge_detector:ed_rst_num|     ; 2 (2)       ; 1 (1)                     ; 0 (0)         ; 0           ; 0    ; 0            ; 0       ; 0         ; 0         ; 0    ; 0            ; 1 (1)        ; 1 (1)             ; 0 (0)            ; |century_clock_top|edge_detector:ed_rst_num                          ; edge_detector      ; work         ;
;    |mode_control:mode_fsm|        ; 9 (9)       ; 3 (3)                     ; 0 (0)         ; 0           ; 0    ; 0            ; 0       ; 0         ; 0         ; 0    ; 0            ; 6 (6)        ; 0 (0)             ; 3 (3)            ; |century_clock_top|mode_control:mode_fsm                             ; mode_control       ; work         ;
;    |tick_generator_1hz:tick_gen|  ; 93 (93)     ; 51 (51)                   ; 0 (0)         ; 0           ; 0    ; 0            ; 0       ; 0         ; 0         ; 0    ; 0            ; 42 (42)      ; 1 (1)             ; 50 (50)          ; |century_clock_top|tick_generator_1hz:tick_gen                       ; tick_generator_1hz ; work         ;
;    |time_core:time_inst|          ; 63 (0)      ; 17 (0)                    ; 0 (0)         ; 0           ; 0    ; 0            ; 0       ; 0         ; 0         ; 0    ; 0            ; 46 (0)       ; 0 (0)             ; 17 (0)           ; |century_clock_top|time_core:time_inst                               ; time_core          ; work         ;
;       |counter_24:inst_hour|      ; 26 (26)     ; 5 (5)                     ; 0 (0)         ; 0           ; 0    ; 0            ; 0       ; 0         ; 0         ; 0    ; 0            ; 21 (21)      ; 0 (0)             ; 5 (5)            ; |century_clock_top|time_core:time_inst|counter_24:inst_hour          ; counter_24         ; work         ;
;       |counter_60:inst_minute|    ; 26 (26)     ; 6 (6)                     ; 0 (0)         ; 0           ; 0    ; 0            ; 0       ; 0         ; 0         ; 0    ; 0            ; 20 (20)      ; 0 (0)             ; 6 (6)            ; |century_clock_top|time_core:time_inst|counter_60:inst_minute        ; counter_60         ; work         ;
;       |counter_60:inst_second|    ; 11 (11)     ; 6 (6)                     ; 0 (0)         ; 0           ; 0    ; 0            ; 0       ; 0         ; 0         ; 0    ; 0            ; 5 (5)        ; 0 (0)             ; 6 (6)            ; |century_clock_top|time_core:time_inst|counter_60:inst_second        ; counter_60         ; work         ;
+-----------------------------------+-------------+---------------------------+---------------+-------------+------+--------------+---------+-----------+-----------+------+--------------+--------------+-------------------+------------------+----------------------------------------------------------------------+--------------------+--------------+
Note: For table entries with two numbers listed, the numbers in parentheses indicate the number of resources of the given type used by the specific entity alone. The numbers listed outside of parentheses indicate the total resources of the given type used by the specific entity and all of its sub-entities in the hierarchy.


+---------------------------------------------------------------------------------------------+
; Delay Chain Summary                                                                         ;
+-------------+----------+---------------+---------------+-----------------------+-----+------+
; Name        ; Pin Type ; Pad to Core 0 ; Pad to Core 1 ; Pad to Input Register ; TCO ; TCOE ;
+-------------+----------+---------------+---------------+-----------------------+-----+------+
; HEX7[0]     ; Output   ; --            ; --            ; --                    ; --  ; --   ;
; HEX7[1]     ; Output   ; --            ; --            ; --                    ; --  ; --   ;
; HEX7[2]     ; Output   ; --            ; --            ; --                    ; --  ; --   ;
; HEX7[3]     ; Output   ; --            ; --            ; --                    ; --  ; --   ;
; HEX7[4]     ; Output   ; --            ; --            ; --                    ; --  ; --   ;
; HEX7[5]     ; Output   ; --            ; --            ; --                    ; --  ; --   ;
; HEX7[6]     ; Output   ; --            ; --            ; --                    ; --  ; --   ;
; HEX6[0]     ; Output   ; --            ; --            ; --                    ; --  ; --   ;
; HEX6[1]     ; Output   ; --            ; --            ; --                    ; --  ; --   ;
; HEX6[2]     ; Output   ; --            ; --            ; --                    ; --  ; --   ;
; HEX6[3]     ; Output   ; --            ; --            ; --                    ; --  ; --   ;
; HEX6[4]     ; Output   ; --            ; --            ; --                    ; --  ; --   ;
; HEX6[5]     ; Output   ; --            ; --            ; --                    ; --  ; --   ;
; HEX6[6]     ; Output   ; --            ; --            ; --                    ; --  ; --   ;
; HEX5[0]     ; Output   ; --            ; --            ; --                    ; --  ; --   ;
; HEX5[1]     ; Output   ; --            ; --            ; --                    ; --  ; --   ;
; HEX5[2]     ; Output   ; --            ; --            ; --                    ; --  ; --   ;
; HEX5[3]     ; Output   ; --            ; --            ; --                    ; --  ; --   ;
; HEX5[4]     ; Output   ; --            ; --            ; --                    ; --  ; --   ;
; HEX5[5]     ; Output   ; --            ; --            ; --                    ; --  ; --   ;
; HEX5[6]     ; Output   ; --            ; --            ; --                    ; --  ; --   ;
; HEX4[0]     ; Output   ; --            ; --            ; --                    ; --  ; --   ;
; HEX4[1]     ; Output   ; --            ; --            ; --                    ; --  ; --   ;
; HEX4[2]     ; Output   ; --            ; --            ; --                    ; --  ; --   ;
; HEX4[3]     ; Output   ; --            ; --            ; --                    ; --  ; --   ;
; HEX4[4]     ; Output   ; --            ; --            ; --                    ; --  ; --   ;
; HEX4[5]     ; Output   ; --            ; --            ; --                    ; --  ; --   ;
; HEX4[6]     ; Output   ; --            ; --            ; --                    ; --  ; --   ;
; HEX3[0]     ; Output   ; --            ; --            ; --                    ; --  ; --   ;
; HEX3[1]     ; Output   ; --            ; --            ; --                    ; --  ; --   ;
; HEX3[2]     ; Output   ; --            ; --            ; --                    ; --  ; --   ;
; HEX3[3]     ; Output   ; --            ; --            ; --                    ; --  ; --   ;
; HEX3[4]     ; Output   ; --            ; --            ; --                    ; --  ; --   ;
; HEX3[5]     ; Output   ; --            ; --            ; --                    ; --  ; --   ;
; HEX3[6]     ; Output   ; --            ; --            ; --                    ; --  ; --   ;
; HEX2[0]     ; Output   ; --            ; --            ; --                    ; --  ; --   ;
; HEX2[1]     ; Output   ; --            ; --            ; --                    ; --  ; --   ;
; HEX2[2]     ; Output   ; --            ; --            ; --                    ; --  ; --   ;
; HEX2[3]     ; Output   ; --            ; --            ; --                    ; --  ; --   ;
; HEX2[4]     ; Output   ; --            ; --            ; --                    ; --  ; --   ;
; HEX2[5]     ; Output   ; --            ; --            ; --                    ; --  ; --   ;
; HEX2[6]     ; Output   ; --            ; --            ; --                    ; --  ; --   ;
; HEX1[0]     ; Output   ; --            ; --            ; --                    ; --  ; --   ;
; HEX1[1]     ; Output   ; --            ; --            ; --                    ; --  ; --   ;
; HEX1[2]     ; Output   ; --            ; --            ; --                    ; --  ; --   ;
; HEX1[3]     ; Output   ; --            ; --            ; --                    ; --  ; --   ;
; HEX1[4]     ; Output   ; --            ; --            ; --                    ; --  ; --   ;
; HEX1[5]     ; Output   ; --            ; --            ; --                    ; --  ; --   ;
; HEX1[6]     ; Output   ; --            ; --            ; --                    ; --  ; --   ;
; HEX0[0]     ; Output   ; --            ; --            ; --                    ; --  ; --   ;
; HEX0[1]     ; Output   ; --            ; --            ; --                    ; --  ; --   ;
; HEX0[2]     ; Output   ; --            ; --            ; --                    ; --  ; --   ;
; HEX0[3]     ; Output   ; --            ; --            ; --                    ; --  ; --   ;
; HEX0[4]     ; Output   ; --            ; --            ; --                    ; --  ; --   ;
; HEX0[5]     ; Output   ; --            ; --            ; --                    ; --  ; --   ;
; HEX0[6]     ; Output   ; --            ; --            ; --                    ; --  ; --   ;
; clk_50M     ; Input    ; (0) 0 ps      ; --            ; --                    ; --  ; --   ;
; key_rst_n   ; Input    ; (0) 0 ps      ; --            ; --                    ; --  ; --   ;
; key_inc     ; Input    ; (0) 0 ps      ; --            ; --                    ; --  ; --   ;
; key_rst_num ; Input    ; (0) 0 ps      ; --            ; --                    ; --  ; --   ;
; key_dec     ; Input    ; (6) 1314 ps   ; --            ; --                    ; --  ; --   ;
; key_mode    ; Input    ; (6) 1314 ps   ; --            ; --                    ; --  ; --   ;
+-------------+----------+---------------+---------------+-----------------------+-----+------+


+----------------------------------------------------------------------------------+
; Pad To Core Delay Chain Fanout                                                   ;
+----------------------------------------------------+-------------------+---------+
; Source Pin / Fanout                                ; Pad To Core Index ; Setting ;
+----------------------------------------------------+-------------------+---------+
; clk_50M                                            ;                   ;         ;
; key_rst_n                                          ;                   ;         ;
; key_inc                                            ;                   ;         ;
; key_rst_num                                        ;                   ;         ;
; key_dec                                            ;                   ;         ;
;      - debounce:debounce_dec|button_sync_0~feeder  ; 0                 ; 6       ;
; key_mode                                           ;                   ;         ;
;      - debounce:debounce_mode|button_sync_0~feeder ; 0                 ; 6       ;
+----------------------------------------------------+-------------------+---------+


+---------------------------------------------------------------------------------------------------------------------------------------------------------------------------------------+
; Control Signals                                                                                                                                                                       ;
+----------------------------------------------------------+--------------------+---------+--------------+--------+----------------------+------------------+---------------------------+
; Name                                                     ; Location           ; Fan-Out ; Usage        ; Global ; Global Resource Used ; Global Line Name ; Enable Signal Source Name ;
+----------------------------------------------------------+--------------------+---------+--------------+--------+----------------------+------------------+---------------------------+
; clk_50M                                                  ; PIN_M10            ; 191     ; Clock        ; yes    ; Global Clock         ; GCLK17           ; --                        ;
; date_core:date_inst|day_counter:inst_day|day[2]~14       ; LCCOMB_X43_Y31_N20 ; 3       ; Clock enable ; no     ; --                   ; --               ; --                        ;
; date_core:date_inst|day_counter:inst_day|day~20          ; LCCOMB_X43_Y31_N26 ; 2       ; Clock enable ; no     ; --                   ; --               ; --                        ;
; date_core:date_inst|month_counter:inst_month|month[1]~13 ; LCCOMB_X43_Y30_N4  ; 3       ; Sync. load   ; no     ; --                   ; --               ; --                        ;
; date_core:date_inst|month_counter:inst_month|month[1]~15 ; LCCOMB_X43_Y30_N0  ; 3       ; Clock enable ; no     ; --                   ; --               ; --                        ;
; date_core:date_inst|year_counter:inst_year|century[0]~27 ; LCCOMB_X43_Y29_N10 ; 7       ; Sync. load   ; no     ; --                   ; --               ; --                        ;
; date_core:date_inst|year_counter:inst_year|century[0]~30 ; LCCOMB_X43_Y29_N14 ; 7       ; Clock enable ; no     ; --                   ; --               ; --                        ;
; date_core:date_inst|year_counter:inst_year|year[6]~6     ; LCCOMB_X42_Y29_N8  ; 7       ; Clock enable ; no     ; --                   ; --               ; --                        ;
; debounce:debounce_dec|counter[2]~34                      ; LCCOMB_X46_Y23_N30 ; 20      ; Sync. clear  ; no     ; --                   ; --               ; --                        ;
; debounce:debounce_inc|counter[4]~34                      ; LCCOMB_X47_Y27_N26 ; 20      ; Sync. clear  ; no     ; --                   ; --               ; --                        ;
; debounce:debounce_mode|counter[19]~34                    ; LCCOMB_X49_Y23_N30 ; 20      ; Sync. clear  ; no     ; --                   ; --               ; --                        ;
; debounce:debounce_rst_num|counter[14]~34                 ; LCCOMB_X42_Y27_N16 ; 20      ; Sync. clear  ; no     ; --                   ; --               ; --                        ;
; key_rst_n                                                ; PIN_M9             ; 191     ; Async. clear ; yes    ; Global Clock         ; GCLK19           ; --                        ;
; time_core:time_inst|counter_24:inst_hour|hour[2]~11      ; LCCOMB_X43_Y27_N30 ; 7       ; Sync. load   ; no     ; --                   ; --               ; --                        ;
; time_core:time_inst|counter_24:inst_hour|hour[2]~12      ; LCCOMB_X42_Y28_N20 ; 5       ; Clock enable ; no     ; --                   ; --               ; --                        ;
; time_core:time_inst|counter_60:inst_minute|val[4]~13     ; LCCOMB_X43_Y24_N6  ; 6       ; Clock enable ; no     ; --                   ; --               ; --                        ;
; time_core:time_inst|counter_60:inst_minute|val[4]~16     ; LCCOMB_X43_Y27_N22 ; 8       ; Sync. load   ; no     ; --                   ; --               ; --                        ;
; time_core:time_inst|counter_60:inst_minute|val[4]~17     ; LCCOMB_X43_Y24_N22 ; 3       ; Sync. clear  ; no     ; --                   ; --               ; --                        ;
; time_core:time_inst|counter_60:inst_second|val[5]~19     ; LCCOMB_X43_Y28_N8  ; 6       ; Sync. clear  ; no     ; --                   ; --               ; --                        ;
; time_core:time_inst|counter_60:inst_second|val~20        ; LCCOMB_X43_Y28_N6  ; 6       ; Clock enable ; no     ; --                   ; --               ; --                        ;
+----------------------------------------------------------+--------------------+---------+--------------+--------+----------------------+------------------+---------------------------+


+---------------------------------------------------------------------------------------------------------------------------------------------+
; Global & Other Fast Signals                                                                                                                 ;
+-----------+----------+---------+--------------------------------------+----------------------+------------------+---------------------------+
; Name      ; Location ; Fan-Out ; Fan-Out Using Intentional Clock Skew ; Global Resource Used ; Global Line Name ; Enable Signal Source Name ;
+-----------+----------+---------+--------------------------------------+----------------------+------------------+---------------------------+
; clk_50M   ; PIN_M10  ; 191     ; 21                                   ; Global Clock         ; GCLK17           ; --                        ;
; key_rst_n ; PIN_M9   ; 191     ; 0                                    ; Global Clock         ; GCLK19           ; --                        ;
+-----------+----------+---------+--------------------------------------+----------------------+------------------+---------------------------+


+------------------------------------------------------------+
; Routing Usage Summary                                      ;
+-----------------------------------+------------------------+
; Routing Resource Type             ; Usage                  ;
+-----------------------------------+------------------------+
; Block interconnects               ; 506 / 88,936 ( < 1 % ) ;
; C16 interconnects                 ; 12 / 2,912 ( < 1 % )   ;
; C4 interconnects                  ; 237 / 54,912 ( < 1 % ) ;
; Direct links                      ; 157 / 88,936 ( < 1 % ) ;
; GXB block output buffers          ; 0 / 1,600 ( 0 % )      ;
; Global clocks                     ; 2 / 20 ( 10 % )        ;
; Interquad Reference Clock Outputs ; 0 / 1 ( 0 % )          ;
; Interquad TXRX Clocks             ; 0 / 8 ( 0 % )          ;
; Interquad TXRX PCSRX outputs      ; 0 / 4 ( 0 % )          ;
; Interquad TXRX PCSTX outputs      ; 0 / 4 ( 0 % )          ;
; Local interconnects               ; 367 / 29,440 ( 1 % )   ;
; R24 interconnects                 ; 3 / 3,040 ( < 1 % )    ;
; R4 interconnects                  ; 216 / 76,160 ( < 1 % ) ;
+-----------------------------------+------------------------+


+----------------------------------------------------------------------------+
; LAB Logic Elements                                                         ;
+---------------------------------------------+------------------------------+
; Number of Logic Elements  (Average = 12.78) ; Number of LABs  (Total = 46) ;
+---------------------------------------------+------------------------------+
; 1                                           ; 4                            ;
; 2                                           ; 0                            ;
; 3                                           ; 1                            ;
; 4                                           ; 1                            ;
; 5                                           ; 0                            ;
; 6                                           ; 0                            ;
; 7                                           ; 0                            ;
; 8                                           ; 0                            ;
; 9                                           ; 1                            ;
; 10                                          ; 2                            ;
; 11                                          ; 4                            ;
; 12                                          ; 2                            ;
; 13                                          ; 1                            ;
; 14                                          ; 4                            ;
; 15                                          ; 5                            ;
; 16                                          ; 21                           ;
+---------------------------------------------+------------------------------+


+-------------------------------------------------------------------+
; LAB-wide Signals                                                  ;
+------------------------------------+------------------------------+
; LAB-wide Signals  (Average = 1.39) ; Number of LABs  (Total = 46) ;
+------------------------------------+------------------------------+
; 1 Async. clear                     ; 28                           ;
; 1 Clock                            ; 28                           ;
; 1 Clock enable                     ; 1                            ;
; 1 Sync. clear                      ; 5                            ;
; 1 Sync. load                       ; 2                            ;
+------------------------------------+------------------------------+


+-----------------------------------------------------------------------------+
; LAB Signals Sourced                                                         ;
+----------------------------------------------+------------------------------+
; Number of Signals Sourced  (Average = 16.87) ; Number of LABs  (Total = 46) ;
+----------------------------------------------+------------------------------+
; 0                                            ; 0                            ;
; 1                                            ; 2                            ;
; 2                                            ; 2                            ;
; 3                                            ; 0                            ;
; 4                                            ; 1                            ;
; 5                                            ; 0                            ;
; 6                                            ; 0                            ;
; 7                                            ; 1                            ;
; 8                                            ; 0                            ;
; 9                                            ; 1                            ;
; 10                                           ; 1                            ;
; 11                                           ; 1                            ;
; 12                                           ; 2                            ;
; 13                                           ; 1                            ;
; 14                                           ; 2                            ;
; 15                                           ; 3                            ;
; 16                                           ; 6                            ;
; 17                                           ; 0                            ;
; 18                                           ; 0                            ;
; 19                                           ; 2                            ;
; 20                                           ; 2                            ;
; 21                                           ; 5                            ;
; 22                                           ; 5                            ;
; 23                                           ; 3                            ;
; 24                                           ; 0                            ;
; 25                                           ; 1                            ;
; 26                                           ; 1                            ;
; 27                                           ; 2                            ;
; 28                                           ; 2                            ;
+----------------------------------------------+------------------------------+


+--------------------------------------------------------------------------------+
; LAB Signals Sourced Out                                                        ;
+-------------------------------------------------+------------------------------+
; Number of Signals Sourced Out  (Average = 7.07) ; Number of LABs  (Total = 46) ;
+-------------------------------------------------+------------------------------+
; 0                                               ; 0                            ;
; 1                                               ; 7                            ;
; 2                                               ; 0                            ;
; 3                                               ; 3                            ;
; 4                                               ; 3                            ;
; 5                                               ; 1                            ;
; 6                                               ; 4                            ;
; 7                                               ; 10                           ;
; 8                                               ; 1                            ;
; 9                                               ; 7                            ;
; 10                                              ; 2                            ;
; 11                                              ; 0                            ;
; 12                                              ; 2                            ;
; 13                                              ; 3                            ;
; 14                                              ; 1                            ;
; 15                                              ; 2                            ;
+-------------------------------------------------+------------------------------+


+-----------------------------------------------------------------------------+
; LAB Distinct Inputs                                                         ;
+----------------------------------------------+------------------------------+
; Number of Distinct Inputs  (Average = 10.02) ; Number of LABs  (Total = 46) ;
+----------------------------------------------+------------------------------+
; 0                                            ; 0                            ;
; 1                                            ; 0                            ;
; 2                                            ; 1                            ;
; 3                                            ; 6                            ;
; 4                                            ; 1                            ;
; 5                                            ; 2                            ;
; 6                                            ; 6                            ;
; 7                                            ; 1                            ;
; 8                                            ; 7                            ;
; 9                                            ; 3                            ;
; 10                                           ; 2                            ;
; 11                                           ; 3                            ;
; 12                                           ; 1                            ;
; 13                                           ; 1                            ;
; 14                                           ; 2                            ;
; 15                                           ; 1                            ;
; 16                                           ; 2                            ;
; 17                                           ; 0                            ;
; 18                                           ; 0                            ;
; 19                                           ; 0                            ;
; 20                                           ; 1                            ;
; 21                                           ; 2                            ;
; 22                                           ; 0                            ;
; 23                                           ; 0                            ;
; 24                                           ; 0                            ;
; 25                                           ; 1                            ;
; 26                                           ; 1                            ;
; 27                                           ; 0                            ;
; 28                                           ; 0                            ;
; 29                                           ; 0                            ;
; 30                                           ; 0                            ;
; 31                                           ; 0                            ;
; 32                                           ; 0                            ;
; 33                                           ; 0                            ;
; 34                                           ; 0                            ;
; 35                                           ; 1                            ;
+----------------------------------------------+------------------------------+


+------------------------------------------+
; I/O Rules Summary                        ;
+----------------------------------+-------+
; I/O Rules Statistic              ; Total ;
+----------------------------------+-------+
; Total I/O Rules                  ; 30    ;
; Number of I/O Rules Passed       ; 9     ;
; Number of I/O Rules Failed       ; 0     ;
; Number of I/O Rules Unchecked    ; 0     ;
; Number of I/O Rules Inapplicable ; 21    ;
+----------------------------------+-------+


+-----------------------------------------------------------------------------------------------------------------------------------------------------------------------------------------------------------------------------------------------------------------------------------------------------+
; I/O Rules Details                                                                                                                                                                                                                                                                                   ;
+--------------+-----------+-----------------------------------+------------------------------------------------------------------------------------------------------+----------+--------------------------------------------------------------------------+---------------------+-------------------+
; Status       ; ID        ; Category                          ; Rule Description                                                                                     ; Severity ; Information                                                              ; Area                ; Extra Information ;
+--------------+-----------+-----------------------------------+------------------------------------------------------------------------------------------------------+----------+--------------------------------------------------------------------------+---------------------+-------------------+
; Inapplicable ; IO_000002 ; Capacity Checks                   ; Number of clocks in an I/O bank should not exceed the number of clocks available.                    ; Critical ; No Global Signal assignments found.                                      ; I/O                 ;                   ;
; Inapplicable ; IO_000001 ; Capacity Checks                   ; Number of pins in an I/O bank should not exceed the number of locations available.                   ; Critical ; No Location assignments found.                                           ; I/O                 ;                   ;
; Inapplicable ; IO_000003 ; Capacity Checks                   ; Number of pins in a Vrefgroup should not exceed the number of locations available.                   ; Critical ; No Location assignments found.                                           ; I/O                 ;                   ;
; Inapplicable ; IO_000004 ; Voltage Compatibility Checks      ; The I/O bank should support the requested VCCIO.                                                     ; Critical ; No IOBANK_VCCIO assignments found.                                       ; I/O                 ;                   ;
; Inapplicable ; IO_000005 ; Voltage Compatibility Checks      ; The I/O bank should not have competing VREF values.                                                  ; Critical ; No VREF I/O Standard assignments found.                                  ; I/O                 ;                   ;
; Pass         ; IO_000006 ; Voltage Compatibility Checks      ; The I/O bank should not have competing VCCIO values.                                                 ; Critical ; 0 such failures found.                                                   ; I/O                 ;                   ;
; Inapplicable ; IO_000007 ; Valid Location Checks             ; Checks for unavailable locations.                                                                    ; Critical ; No Location assignments found.                                           ; I/O                 ;                   ;
; Inapplicable ; IO_000008 ; Valid Location Checks             ; Checks for reserved locations.                                                                       ; Critical ; No reserved LogicLock region found.                                      ; I/O                 ;                   ;
; Inapplicable ; IO_000047 ; I/O Properties Checks for One I/O ; On Chip Termination and Slew Rate should not be used at the same time.                               ; Critical ; No Slew Rate assignments found.                                          ; I/O                 ;                   ;
; Inapplicable ; IO_000046 ; I/O Properties Checks for One I/O ; The location should support the requested Slew Rate value.                                           ; Critical ; No Slew Rate assignments found.                                          ; I/O                 ;                   ;
; Inapplicable ; IO_000045 ; I/O Properties Checks for One I/O ; The I/O standard should support the requested Slew Rate value.                                       ; Critical ; No Slew Rate assignments found.                                          ; I/O                 ;                   ;
; Inapplicable ; IO_000027 ; I/O Properties Checks for One I/O ; Weak Pull Up and Bus Hold should not be used at the same time.                                       ; Critical ; No Enable Bus-Hold Circuitry or Weak Pull-Up Resistor assignments found. ; I/O                 ;                   ;
; Inapplicable ; IO_000026 ; I/O Properties Checks for One I/O ; On Chip Termination and Current Strength should not be used at the same time.                        ; Critical ; No Current Strength assignments found.                                   ; I/O                 ;                   ;
; Pass         ; IO_000024 ; I/O Properties Checks for One I/O ; The I/O direction should support the On Chip Termination value.                                      ; Critical ; 0 such failures found.                                                   ; I/O                 ;                   ;
; Inapplicable ; IO_000023 ; I/O Properties Checks for One I/O ; The I/O standard should support the Open Drain value.                                                ; Critical ; No open drain assignments found.                                         ; I/O                 ;                   ;
; Inapplicable ; IO_000022 ; I/O Properties Checks for One I/O ; The I/O standard should support the requested Bus Hold value.                                        ; Critical ; No Enable Bus-Hold Circuitry assignments found.                          ; I/O                 ;                   ;
; Inapplicable ; IO_000021 ; I/O Properties Checks for One I/O ; The I/O standard should support the requested Weak Pull Up value.                                    ; Critical ; No Weak Pull-Up Resistor assignments found.                              ; I/O                 ;                   ;
; Pass         ; IO_000020 ; I/O Properties Checks for One I/O ; The I/O standard should support the requested PCI Clamp Diode.                                       ; Critical ; 0 such failures found.                                                   ; I/O                 ;                   ;
; Pass         ; IO_000019 ; I/O Properties Checks for One I/O ; The I/O standard should support the requested On Chip Termination value.                             ; Critical ; 0 such failures found.                                                   ; I/O                 ;                   ;
; Inapplicable ; IO_000018 ; I/O Properties Checks for One I/O ; The I/O standard should support the requested Current Strength.                                      ; Critical ; No Current Strength assignments found.                                   ; I/O                 ;                   ;
; Pass         ; IO_000015 ; I/O Properties Checks for One I/O ; The location should support the requested PCI Clamp Diode.                                           ; Critical ; 0 such failures found.                                                   ; I/O                 ;                   ;
; Inapplicable ; IO_000014 ; I/O Properties Checks for One I/O ; The location should support the requested Weak Pull Up value.                                        ; Critical ; No Weak Pull-Up Resistor assignments found.                              ; I/O                 ;                   ;
; Inapplicable ; IO_000013 ; I/O Properties Checks for One I/O ; The location should support the requested Bus Hold value.                                            ; Critical ; No Enable Bus-Hold Circuitry assignments found.                          ; I/O                 ;                   ;
; Pass         ; IO_000012 ; I/O Properties Checks for One I/O ; The location should support the requested On Chip Termination value.                                 ; Critical ; 0 such failures found.                                                   ; I/O                 ;                   ;
; Inapplicable ; IO_000011 ; I/O Properties Checks for One I/O ; The location should support the requested Current Strength.                                          ; Critical ; No Current Strength assignments found.                                   ; I/O                 ;                   ;
; Pass         ; IO_000010 ; I/O Properties Checks for One I/O ; The location should support the requested I/O direction.                                             ; Critical ; 0 such failures found.                                                   ; I/O                 ;                   ;
; Pass         ; IO_000009 ; I/O Properties Checks for One I/O ; The location should support the requested I/O standard.                                              ; Critical ; 0 such failures found.                                                   ; I/O                 ;                   ;
; Pass         ; IO_000033 ; Electromigration Checks           ; Current density for consecutive I/Os should not exceed 240mA for row I/Os and 240mA for column I/Os. ; Critical ; 0 such failures found.                                                   ; I/O                 ;                   ;
; Inapplicable ; IO_000034 ; SI Related Distance Checks        ; Single-ended outputs should be 5 LAB row(s) away from a differential I/O.                            ; High     ; No Differential I/O Standard assignments found.                          ; I/O                 ;                   ;
; Inapplicable ; IO_000042 ; SI Related SSO Limit Checks       ; No more than 20 outputs are allowed in a VREF group when VREF is being read from.                    ; High     ; No VREF I/O Standard assignments found.                                  ; I/O                 ;                   ;
; ----         ; ----      ; Disclaimer                        ; OCT rules are checked but not reported.                                                              ; None     ; ----                                                                     ; On Chip Termination ;                   ;
+--------------+-----------+-----------------------------------+------------------------------------------------------------------------------------------------------+----------+--------------------------------------------------------------------------+---------------------+-------------------+


+--------------------------------------------------------------------------------------------------------------------------------------------------------------------------------------------------------------------------------------------------------------------------------------------------------------------------------------------------------------------------------------------------------------------------------------------------------------------------+
; I/O Rules Matrix                                                                                                                                                                                                                                                                                                                                                                                                                                                         ;
+--------------------+--------------+--------------+--------------+--------------+--------------+-----------+--------------+--------------+--------------+--------------+--------------+--------------+--------------+--------------+--------------+--------------+--------------+--------------+--------------+--------------+--------------+--------------+--------------+--------------+--------------+-----------+-----------+-----------+--------------+--------------+
; Pin/Rules          ; IO_000002    ; IO_000001    ; IO_000003    ; IO_000004    ; IO_000005    ; IO_000006 ; IO_000007    ; IO_000008    ; IO_000047    ; IO_000046    ; IO_000045    ; IO_000027    ; IO_000026    ; IO_000024    ; IO_000023    ; IO_000022    ; IO_000021    ; IO_000020    ; IO_000019    ; IO_000018    ; IO_000015    ; IO_000014    ; IO_000013    ; IO_000012    ; IO_000011    ; IO_000010 ; IO_000009 ; IO_000033 ; IO_000034    ; IO_000042    ;
+--------------------+--------------+--------------+--------------+--------------+--------------+-----------+--------------+--------------+--------------+--------------+--------------+--------------+--------------+--------------+--------------+--------------+--------------+--------------+--------------+--------------+--------------+--------------+--------------+--------------+--------------+-----------+-----------+-----------+--------------+--------------+
; Total Pass         ; 0            ; 0            ; 0            ; 0            ; 0            ; 62        ; 0            ; 0            ; 0            ; 0            ; 0            ; 0            ; 0            ; 56           ; 0            ; 0            ; 0            ; 6            ; 56           ; 0            ; 6            ; 0            ; 0            ; 56           ; 0            ; 62        ; 62        ; 62        ; 0            ; 0            ;
; Total Unchecked    ; 0            ; 0            ; 0            ; 0            ; 0            ; 0         ; 0            ; 0            ; 0            ; 0            ; 0            ; 0            ; 0            ; 0            ; 0            ; 0            ; 0            ; 0            ; 0            ; 0            ; 0            ; 0            ; 0            ; 0            ; 0            ; 0         ; 0         ; 0         ; 0            ; 0            ;
; Total Inapplicable ; 62           ; 62           ; 62           ; 62           ; 62           ; 0         ; 62           ; 62           ; 62           ; 62           ; 62           ; 62           ; 62           ; 6            ; 62           ; 62           ; 62           ; 56           ; 6            ; 62           ; 56           ; 62           ; 62           ; 6            ; 62           ; 0         ; 0         ; 0         ; 62           ; 62           ;
; Total Fail         ; 0            ; 0            ; 0            ; 0            ; 0            ; 0         ; 0            ; 0            ; 0            ; 0            ; 0            ; 0            ; 0            ; 0            ; 0            ; 0            ; 0            ; 0            ; 0            ; 0            ; 0            ; 0            ; 0            ; 0            ; 0            ; 0         ; 0         ; 0         ; 0            ; 0            ;
; HEX7[0]            ; Inapplicable ; Inapplicable ; Inapplicable ; Inapplicable ; Inapplicable ; Pass      ; Inapplicable ; Inapplicable ; Inapplicable ; Inapplicable ; Inapplicable ; Inapplicable ; Inapplicable ; Pass         ; Inapplicable ; Inapplicable ; Inapplicable ; Inapplicable ; Pass         ; Inapplicable ; Inapplicable ; Inapplicable ; Inapplicable ; Pass         ; Inapplicable ; Pass      ; Pass      ; Pass      ; Inapplicable ; Inapplicable ;
; HEX7[1]            ; Inapplicable ; Inapplicable ; Inapplicable ; Inapplicable ; Inapplicable ; Pass      ; Inapplicable ; Inapplicable ; Inapplicable ; Inapplicable ; Inapplicable ; Inapplicable ; Inapplicable ; Pass         ; Inapplicable ; Inapplicable ; Inapplicable ; Inapplicable ; Pass         ; Inapplicable ; Inapplicable ; Inapplicable ; Inapplicable ; Pass         ; Inapplicable ; Pass      ; Pass      ; Pass      ; Inapplicable ; Inapplicable ;
; HEX7[2]            ; Inapplicable ; Inapplicable ; Inapplicable ; Inapplicable ; Inapplicable ; Pass      ; Inapplicable ; Inapplicable ; Inapplicable ; Inapplicable ; Inapplicable ; Inapplicable ; Inapplicable ; Pass         ; Inapplicable ; Inapplicable ; Inapplicable ; Inapplicable ; Pass         ; Inapplicable ; Inapplicable ; Inapplicable ; Inapplicable ; Pass         ; Inapplicable ; Pass      ; Pass      ; Pass      ; Inapplicable ; Inapplicable ;
; HEX7[3]            ; Inapplicable ; Inapplicable ; Inapplicable ; Inapplicable ; Inapplicable ; Pass      ; Inapplicable ; Inapplicable ; Inapplicable ; Inapplicable ; Inapplicable ; Inapplicable ; Inapplicable ; Pass         ; Inapplicable ; Inapplicable ; Inapplicable ; Inapplicable ; Pass         ; Inapplicable ; Inapplicable ; Inapplicable ; Inapplicable ; Pass         ; Inapplicable ; Pass      ; Pass      ; Pass      ; Inapplicable ; Inapplicable ;
; HEX7[4]            ; Inapplicable ; Inapplicable ; Inapplicable ; Inapplicable ; Inapplicable ; Pass      ; Inapplicable ; Inapplicable ; Inapplicable ; Inapplicable ; Inapplicable ; Inapplicable ; Inapplicable ; Pass         ; Inapplicable ; Inapplicable ; Inapplicable ; Inapplicable ; Pass         ; Inapplicable ; Inapplicable ; Inapplicable ; Inapplicable ; Pass         ; Inapplicable ; Pass      ; Pass      ; Pass      ; Inapplicable ; Inapplicable ;
; HEX7[5]            ; Inapplicable ; Inapplicable ; Inapplicable ; Inapplicable ; Inapplicable ; Pass      ; Inapplicable ; Inapplicable ; Inapplicable ; Inapplicable ; Inapplicable ; Inapplicable ; Inapplicable ; Pass         ; Inapplicable ; Inapplicable ; Inapplicable ; Inapplicable ; Pass         ; Inapplicable ; Inapplicable ; Inapplicable ; Inapplicable ; Pass         ; Inapplicable ; Pass      ; Pass      ; Pass      ; Inapplicable ; Inapplicable ;
; HEX7[6]            ; Inapplicable ; Inapplicable ; Inapplicable ; Inapplicable ; Inapplicable ; Pass      ; Inapplicable ; Inapplicable ; Inapplicable ; Inapplicable ; Inapplicable ; Inapplicable ; Inapplicable ; Pass         ; Inapplicable ; Inapplicable ; Inapplicable ; Inapplicable ; Pass         ; Inapplicable ; Inapplicable ; Inapplicable ; Inapplicable ; Pass         ; Inapplicable ; Pass      ; Pass      ; Pass      ; Inapplicable ; Inapplicable ;
; HEX6[0]            ; Inapplicable ; Inapplicable ; Inapplicable ; Inapplicable ; Inapplicable ; Pass      ; Inapplicable ; Inapplicable ; Inapplicable ; Inapplicable ; Inapplicable ; Inapplicable ; Inapplicable ; Pass         ; Inapplicable ; Inapplicable ; Inapplicable ; Inapplicable ; Pass         ; Inapplicable ; Inapplicable ; Inapplicable ; Inapplicable ; Pass         ; Inapplicable ; Pass      ; Pass      ; Pass      ; Inapplicable ; Inapplicable ;
; HEX6[1]            ; Inapplicable ; Inapplicable ; Inapplicable ; Inapplicable ; Inapplicable ; Pass      ; Inapplicable ; Inapplicable ; Inapplicable ; Inapplicable ; Inapplicable ; Inapplicable ; Inapplicable ; Pass         ; Inapplicable ; Inapplicable ; Inapplicable ; Inapplicable ; Pass         ; Inapplicable ; Inapplicable ; Inapplicable ; Inapplicable ; Pass         ; Inapplicable ; Pass      ; Pass      ; Pass      ; Inapplicable ; Inapplicable ;
; HEX6[2]            ; Inapplicable ; Inapplicable ; Inapplicable ; Inapplicable ; Inapplicable ; Pass      ; Inapplicable ; Inapplicable ; Inapplicable ; Inapplicable ; Inapplicable ; Inapplicable ; Inapplicable ; Pass         ; Inapplicable ; Inapplicable ; Inapplicable ; Inapplicable ; Pass         ; Inapplicable ; Inapplicable ; Inapplicable ; Inapplicable ; Pass         ; Inapplicable ; Pass      ; Pass      ; Pass      ; Inapplicable ; Inapplicable ;
; HEX6[3]            ; Inapplicable ; Inapplicable ; Inapplicable ; Inapplicable ; Inapplicable ; Pass      ; Inapplicable ; Inapplicable ; Inapplicable ; Inapplicable ; Inapplicable ; Inapplicable ; Inapplicable ; Pass         ; Inapplicable ; Inapplicable ; Inapplicable ; Inapplicable ; Pass         ; Inapplicable ; Inapplicable ; Inapplicable ; Inapplicable ; Pass         ; Inapplicable ; Pass      ; Pass      ; Pass      ; Inapplicable ; Inapplicable ;
; HEX6[4]            ; Inapplicable ; Inapplicable ; Inapplicable ; Inapplicable ; Inapplicable ; Pass      ; Inapplicable ; Inapplicable ; Inapplicable ; Inapplicable ; Inapplicable ; Inapplicable ; Inapplicable ; Pass         ; Inapplicable ; Inapplicable ; Inapplicable ; Inapplicable ; Pass         ; Inapplicable ; Inapplicable ; Inapplicable ; Inapplicable ; Pass         ; Inapplicable ; Pass      ; Pass      ; Pass      ; Inapplicable ; Inapplicable ;
; HEX6[5]            ; Inapplicable ; Inapplicable ; Inapplicable ; Inapplicable ; Inapplicable ; Pass      ; Inapplicable ; Inapplicable ; Inapplicable ; Inapplicable ; Inapplicable ; Inapplicable ; Inapplicable ; Pass         ; Inapplicable ; Inapplicable ; Inapplicable ; Inapplicable ; Pass         ; Inapplicable ; Inapplicable ; Inapplicable ; Inapplicable ; Pass         ; Inapplicable ; Pass      ; Pass      ; Pass      ; Inapplicable ; Inapplicable ;
; HEX6[6]            ; Inapplicable ; Inapplicable ; Inapplicable ; Inapplicable ; Inapplicable ; Pass      ; Inapplicable ; Inapplicable ; Inapplicable ; Inapplicable ; Inapplicable ; Inapplicable ; Inapplicable ; Pass         ; Inapplicable ; Inapplicable ; Inapplicable ; Inapplicable ; Pass         ; Inapplicable ; Inapplicable ; Inapplicable ; Inapplicable ; Pass         ; Inapplicable ; Pass      ; Pass      ; Pass      ; Inapplicable ; Inapplicable ;
; HEX5[0]            ; Inapplicable ; Inapplicable ; Inapplicable ; Inapplicable ; Inapplicable ; Pass      ; Inapplicable ; Inapplicable ; Inapplicable ; Inapplicable ; Inapplicable ; Inapplicable ; Inapplicable ; Pass         ; Inapplicable ; Inapplicable ; Inapplicable ; Inapplicable ; Pass         ; Inapplicable ; Inapplicable ; Inapplicable ; Inapplicable ; Pass         ; Inapplicable ; Pass      ; Pass      ; Pass      ; Inapplicable ; Inapplicable ;
; HEX5[1]            ; Inapplicable ; Inapplicable ; Inapplicable ; Inapplicable ; Inapplicable ; Pass      ; Inapplicable ; Inapplicable ; Inapplicable ; Inapplicable ; Inapplicable ; Inapplicable ; Inapplicable ; Pass         ; Inapplicable ; Inapplicable ; Inapplicable ; Inapplicable ; Pass         ; Inapplicable ; Inapplicable ; Inapplicable ; Inapplicable ; Pass         ; Inapplicable ; Pass      ; Pass      ; Pass      ; Inapplicable ; Inapplicable ;
; HEX5[2]            ; Inapplicable ; Inapplicable ; Inapplicable ; Inapplicable ; Inapplicable ; Pass      ; Inapplicable ; Inapplicable ; Inapplicable ; Inapplicable ; Inapplicable ; Inapplicable ; Inapplicable ; Pass         ; Inapplicable ; Inapplicable ; Inapplicable ; Inapplicable ; Pass         ; Inapplicable ; Inapplicable ; Inapplicable ; Inapplicable ; Pass         ; Inapplicable ; Pass      ; Pass      ; Pass      ; Inapplicable ; Inapplicable ;
; HEX5[3]            ; Inapplicable ; Inapplicable ; Inapplicable ; Inapplicable ; Inapplicable ; Pass      ; Inapplicable ; Inapplicable ; Inapplicable ; Inapplicable ; Inapplicable ; Inapplicable ; Inapplicable ; Pass         ; Inapplicable ; Inapplicable ; Inapplicable ; Inapplicable ; Pass         ; Inapplicable ; Inapplicable ; Inapplicable ; Inapplicable ; Pass         ; Inapplicable ; Pass      ; Pass      ; Pass      ; Inapplicable ; Inapplicable ;
; HEX5[4]            ; Inapplicable ; Inapplicable ; Inapplicable ; Inapplicable ; Inapplicable ; Pass      ; Inapplicable ; Inapplicable ; Inapplicable ; Inapplicable ; Inapplicable ; Inapplicable ; Inapplicable ; Pass         ; Inapplicable ; Inapplicable ; Inapplicable ; Inapplicable ; Pass         ; Inapplicable ; Inapplicable ; Inapplicable ; Inapplicable ; Pass         ; Inapplicable ; Pass      ; Pass      ; Pass      ; Inapplicable ; Inapplicable ;
; HEX5[5]            ; Inapplicable ; Inapplicable ; Inapplicable ; Inapplicable ; Inapplicable ; Pass      ; Inapplicable ; Inapplicable ; Inapplicable ; Inapplicable ; Inapplicable ; Inapplicable ; Inapplicable ; Pass         ; Inapplicable ; Inapplicable ; Inapplicable ; Inapplicable ; Pass         ; Inapplicable ; Inapplicable ; Inapplicable ; Inapplicable ; Pass         ; Inapplicable ; Pass      ; Pass      ; Pass      ; Inapplicable ; Inapplicable ;
; HEX5[6]            ; Inapplicable ; Inapplicable ; Inapplicable ; Inapplicable ; Inapplicable ; Pass      ; Inapplicable ; Inapplicable ; Inapplicable ; Inapplicable ; Inapplicable ; Inapplicable ; Inapplicable ; Pass         ; Inapplicable ; Inapplicable ; Inapplicable ; Inapplicable ; Pass         ; Inapplicable ; Inapplicable ; Inapplicable ; Inapplicable ; Pass         ; Inapplicable ; Pass      ; Pass      ; Pass      ; Inapplicable ; Inapplicable ;
; HEX4[0]            ; Inapplicable ; Inapplicable ; Inapplicable ; Inapplicable ; Inapplicable ; Pass      ; Inapplicable ; Inapplicable ; Inapplicable ; Inapplicable ; Inapplicable ; Inapplicable ; Inapplicable ; Pass         ; Inapplicable ; Inapplicable ; Inapplicable ; Inapplicable ; Pass         ; Inapplicable ; Inapplicable ; Inapplicable ; Inapplicable ; Pass         ; Inapplicable ; Pass      ; Pass      ; Pass      ; Inapplicable ; Inapplicable ;
; HEX4[1]            ; Inapplicable ; Inapplicable ; Inapplicable ; Inapplicable ; Inapplicable ; Pass      ; Inapplicable ; Inapplicable ; Inapplicable ; Inapplicable ; Inapplicable ; Inapplicable ; Inapplicable ; Pass         ; Inapplicable ; Inapplicable ; Inapplicable ; Inapplicable ; Pass         ; Inapplicable ; Inapplicable ; Inapplicable ; Inapplicable ; Pass         ; Inapplicable ; Pass      ; Pass      ; Pass      ; Inapplicable ; Inapplicable ;
; HEX4[2]            ; Inapplicable ; Inapplicable ; Inapplicable ; Inapplicable ; Inapplicable ; Pass      ; Inapplicable ; Inapplicable ; Inapplicable ; Inapplicable ; Inapplicable ; Inapplicable ; Inapplicable ; Pass         ; Inapplicable ; Inapplicable ; Inapplicable ; Inapplicable ; Pass         ; Inapplicable ; Inapplicable ; Inapplicable ; Inapplicable ; Pass         ; Inapplicable ; Pass      ; Pass      ; Pass      ; Inapplicable ; Inapplicable ;
; HEX4[3]            ; Inapplicable ; Inapplicable ; Inapplicable ; Inapplicable ; Inapplicable ; Pass      ; Inapplicable ; Inapplicable ; Inapplicable ; Inapplicable ; Inapplicable ; Inapplicable ; Inapplicable ; Pass         ; Inapplicable ; Inapplicable ; Inapplicable ; Inapplicable ; Pass         ; Inapplicable ; Inapplicable ; Inapplicable ; Inapplicable ; Pass         ; Inapplicable ; Pass      ; Pass      ; Pass      ; Inapplicable ; Inapplicable ;
; HEX4[4]            ; Inapplicable ; Inapplicable ; Inapplicable ; Inapplicable ; Inapplicable ; Pass      ; Inapplicable ; Inapplicable ; Inapplicable ; Inapplicable ; Inapplicable ; Inapplicable ; Inapplicable ; Pass         ; Inapplicable ; Inapplicable ; Inapplicable ; Inapplicable ; Pass         ; Inapplicable ; Inapplicable ; Inapplicable ; Inapplicable ; Pass         ; Inapplicable ; Pass      ; Pass      ; Pass      ; Inapplicable ; Inapplicable ;
; HEX4[5]            ; Inapplicable ; Inapplicable ; Inapplicable ; Inapplicable ; Inapplicable ; Pass      ; Inapplicable ; Inapplicable ; Inapplicable ; Inapplicable ; Inapplicable ; Inapplicable ; Inapplicable ; Pass         ; Inapplicable ; Inapplicable ; Inapplicable ; Inapplicable ; Pass         ; Inapplicable ; Inapplicable ; Inapplicable ; Inapplicable ; Pass         ; Inapplicable ; Pass      ; Pass      ; Pass      ; Inapplicable ; Inapplicable ;
; HEX4[6]            ; Inapplicable ; Inapplicable ; Inapplicable ; Inapplicable ; Inapplicable ; Pass      ; Inapplicable ; Inapplicable ; Inapplicable ; Inapplicable ; Inapplicable ; Inapplicable ; Inapplicable ; Pass         ; Inapplicable ; Inapplicable ; Inapplicable ; Inapplicable ; Pass         ; Inapplicable ; Inapplicable ; Inapplicable ; Inapplicable ; Pass         ; Inapplicable ; Pass      ; Pass      ; Pass      ; Inapplicable ; Inapplicable ;
; HEX3[0]            ; Inapplicable ; Inapplicable ; Inapplicable ; Inapplicable ; Inapplicable ; Pass      ; Inapplicable ; Inapplicable ; Inapplicable ; Inapplicable ; Inapplicable ; Inapplicable ; Inapplicable ; Pass         ; Inapplicable ; Inapplicable ; Inapplicable ; Inapplicable ; Pass         ; Inapplicable ; Inapplicable ; Inapplicable ; Inapplicable ; Pass         ; Inapplicable ; Pass      ; Pass      ; Pass      ; Inapplicable ; Inapplicable ;
; HEX3[1]            ; Inapplicable ; Inapplicable ; Inapplicable ; Inapplicable ; Inapplicable ; Pass      ; Inapplicable ; Inapplicable ; Inapplicable ; Inapplicable ; Inapplicable ; Inapplicable ; Inapplicable ; Pass         ; Inapplicable ; Inapplicable ; Inapplicable ; Inapplicable ; Pass         ; Inapplicable ; Inapplicable ; Inapplicable ; Inapplicable ; Pass         ; Inapplicable ; Pass      ; Pass      ; Pass      ; Inapplicable ; Inapplicable ;
; HEX3[2]            ; Inapplicable ; Inapplicable ; Inapplicable ; Inapplicable ; Inapplicable ; Pass      ; Inapplicable ; Inapplicable ; Inapplicable ; Inapplicable ; Inapplicable ; Inapplicable ; Inapplicable ; Pass         ; Inapplicable ; Inapplicable ; Inapplicable ; Inapplicable ; Pass         ; Inapplicable ; Inapplicable ; Inapplicable ; Inapplicable ; Pass         ; Inapplicable ; Pass      ; Pass      ; Pass      ; Inapplicable ; Inapplicable ;
; HEX3[3]            ; Inapplicable ; Inapplicable ; Inapplicable ; Inapplicable ; Inapplicable ; Pass      ; Inapplicable ; Inapplicable ; Inapplicable ; Inapplicable ; Inapplicable ; Inapplicable ; Inapplicable ; Pass         ; Inapplicable ; Inapplicable ; Inapplicable ; Inapplicable ; Pass         ; Inapplicable ; Inapplicable ; Inapplicable ; Inapplicable ; Pass         ; Inapplicable ; Pass      ; Pass      ; Pass      ; Inapplicable ; Inapplicable ;
; HEX3[4]            ; Inapplicable ; Inapplicable ; Inapplicable ; Inapplicable ; Inapplicable ; Pass      ; Inapplicable ; Inapplicable ; Inapplicable ; Inapplicable ; Inapplicable ; Inapplicable ; Inapplicable ; Pass         ; Inapplicable ; Inapplicable ; Inapplicable ; Inapplicable ; Pass         ; Inapplicable ; Inapplicable ; Inapplicable ; Inapplicable ; Pass         ; Inapplicable ; Pass      ; Pass      ; Pass      ; Inapplicable ; Inapplicable ;
; HEX3[5]            ; Inapplicable ; Inapplicable ; Inapplicable ; Inapplicable ; Inapplicable ; Pass      ; Inapplicable ; Inapplicable ; Inapplicable ; Inapplicable ; Inapplicable ; Inapplicable ; Inapplicable ; Pass         ; Inapplicable ; Inapplicable ; Inapplicable ; Inapplicable ; Pass         ; Inapplicable ; Inapplicable ; Inapplicable ; Inapplicable ; Pass         ; Inapplicable ; Pass      ; Pass      ; Pass      ; Inapplicable ; Inapplicable ;
; HEX3[6]            ; Inapplicable ; Inapplicable ; Inapplicable ; Inapplicable ; Inapplicable ; Pass      ; Inapplicable ; Inapplicable ; Inapplicable ; Inapplicable ; Inapplicable ; Inapplicable ; Inapplicable ; Pass         ; Inapplicable ; Inapplicable ; Inapplicable ; Inapplicable ; Pass         ; Inapplicable ; Inapplicable ; Inapplicable ; Inapplicable ; Pass         ; Inapplicable ; Pass      ; Pass      ; Pass      ; Inapplicable ; Inapplicable ;
; HEX2[0]            ; Inapplicable ; Inapplicable ; Inapplicable ; Inapplicable ; Inapplicable ; Pass      ; Inapplicable ; Inapplicable ; Inapplicable ; Inapplicable ; Inapplicable ; Inapplicable ; Inapplicable ; Pass         ; Inapplicable ; Inapplicable ; Inapplicable ; Inapplicable ; Pass         ; Inapplicable ; Inapplicable ; Inapplicable ; Inapplicable ; Pass         ; Inapplicable ; Pass      ; Pass      ; Pass      ; Inapplicable ; Inapplicable ;
; HEX2[1]            ; Inapplicable ; Inapplicable ; Inapplicable ; Inapplicable ; Inapplicable ; Pass      ; Inapplicable ; Inapplicable ; Inapplicable ; Inapplicable ; Inapplicable ; Inapplicable ; Inapplicable ; Pass         ; Inapplicable ; Inapplicable ; Inapplicable ; Inapplicable ; Pass         ; Inapplicable ; Inapplicable ; Inapplicable ; Inapplicable ; Pass         ; Inapplicable ; Pass      ; Pass      ; Pass      ; Inapplicable ; Inapplicable ;
; HEX2[2]            ; Inapplicable ; Inapplicable ; Inapplicable ; Inapplicable ; Inapplicable ; Pass      ; Inapplicable ; Inapplicable ; Inapplicable ; Inapplicable ; Inapplicable ; Inapplicable ; Inapplicable ; Pass         ; Inapplicable ; Inapplicable ; Inapplicable ; Inapplicable ; Pass         ; Inapplicable ; Inapplicable ; Inapplicable ; Inapplicable ; Pass         ; Inapplicable ; Pass      ; Pass      ; Pass      ; Inapplicable ; Inapplicable ;
; HEX2[3]            ; Inapplicable ; Inapplicable ; Inapplicable ; Inapplicable ; Inapplicable ; Pass      ; Inapplicable ; Inapplicable ; Inapplicable ; Inapplicable ; Inapplicable ; Inapplicable ; Inapplicable ; Pass         ; Inapplicable ; Inapplicable ; Inapplicable ; Inapplicable ; Pass         ; Inapplicable ; Inapplicable ; Inapplicable ; Inapplicable ; Pass         ; Inapplicable ; Pass      ; Pass      ; Pass      ; Inapplicable ; Inapplicable ;
; HEX2[4]            ; Inapplicable ; Inapplicable ; Inapplicable ; Inapplicable ; Inapplicable ; Pass      ; Inapplicable ; Inapplicable ; Inapplicable ; Inapplicable ; Inapplicable ; Inapplicable ; Inapplicable ; Pass         ; Inapplicable ; Inapplicable ; Inapplicable ; Inapplicable ; Pass         ; Inapplicable ; Inapplicable ; Inapplicable ; Inapplicable ; Pass         ; Inapplicable ; Pass      ; Pass      ; Pass      ; Inapplicable ; Inapplicable ;
; HEX2[5]            ; Inapplicable ; Inapplicable ; Inapplicable ; Inapplicable ; Inapplicable ; Pass      ; Inapplicable ; Inapplicable ; Inapplicable ; Inapplicable ; Inapplicable ; Inapplicable ; Inapplicable ; Pass         ; Inapplicable ; Inapplicable ; Inapplicable ; Inapplicable ; Pass         ; Inapplicable ; Inapplicable ; Inapplicable ; Inapplicable ; Pass         ; Inapplicable ; Pass      ; Pass      ; Pass      ; Inapplicable ; Inapplicable ;
; HEX2[6]            ; Inapplicable ; Inapplicable ; Inapplicable ; Inapplicable ; Inapplicable ; Pass      ; Inapplicable ; Inapplicable ; Inapplicable ; Inapplicable ; Inapplicable ; Inapplicable ; Inapplicable ; Pass         ; Inapplicable ; Inapplicable ; Inapplicable ; Inapplicable ; Pass         ; Inapplicable ; Inapplicable ; Inapplicable ; Inapplicable ; Pass         ; Inapplicable ; Pass      ; Pass      ; Pass      ; Inapplicable ; Inapplicable ;
; HEX1[0]            ; Inapplicable ; Inapplicable ; Inapplicable ; Inapplicable ; Inapplicable ; Pass      ; Inapplicable ; Inapplicable ; Inapplicable ; Inapplicable ; Inapplicable ; Inapplicable ; Inapplicable ; Pass         ; Inapplicable ; Inapplicable ; Inapplicable ; Inapplicable ; Pass         ; Inapplicable ; Inapplicable ; Inapplicable ; Inapplicable ; Pass         ; Inapplicable ; Pass      ; Pass      ; Pass      ; Inapplicable ; Inapplicable ;
; HEX1[1]            ; Inapplicable ; Inapplicable ; Inapplicable ; Inapplicable ; Inapplicable ; Pass      ; Inapplicable ; Inapplicable ; Inapplicable ; Inapplicable ; Inapplicable ; Inapplicable ; Inapplicable ; Pass         ; Inapplicable ; Inapplicable ; Inapplicable ; Inapplicable ; Pass         ; Inapplicable ; Inapplicable ; Inapplicable ; Inapplicable ; Pass         ; Inapplicable ; Pass      ; Pass      ; Pass      ; Inapplicable ; Inapplicable ;
; HEX1[2]            ; Inapplicable ; Inapplicable ; Inapplicable ; Inapplicable ; Inapplicable ; Pass      ; Inapplicable ; Inapplicable ; Inapplicable ; Inapplicable ; Inapplicable ; Inapplicable ; Inapplicable ; Pass         ; Inapplicable ; Inapplicable ; Inapplicable ; Inapplicable ; Pass         ; Inapplicable ; Inapplicable ; Inapplicable ; Inapplicable ; Pass         ; Inapplicable ; Pass      ; Pass      ; Pass      ; Inapplicable ; Inapplicable ;
; HEX1[3]            ; Inapplicable ; Inapplicable ; Inapplicable ; Inapplicable ; Inapplicable ; Pass      ; Inapplicable ; Inapplicable ; Inapplicable ; Inapplicable ; Inapplicable ; Inapplicable ; Inapplicable ; Pass         ; Inapplicable ; Inapplicable ; Inapplicable ; Inapplicable ; Pass         ; Inapplicable ; Inapplicable ; Inapplicable ; Inapplicable ; Pass         ; Inapplicable ; Pass      ; Pass      ; Pass      ; Inapplicable ; Inapplicable ;
; HEX1[4]            ; Inapplicable ; Inapplicable ; Inapplicable ; Inapplicable ; Inapplicable ; Pass      ; Inapplicable ; Inapplicable ; Inapplicable ; Inapplicable ; Inapplicable ; Inapplicable ; Inapplicable ; Pass         ; Inapplicable ; Inapplicable ; Inapplicable ; Inapplicable ; Pass         ; Inapplicable ; Inapplicable ; Inapplicable ; Inapplicable ; Pass         ; Inapplicable ; Pass      ; Pass      ; Pass      ; Inapplicable ; Inapplicable ;
; HEX1[5]            ; Inapplicable ; Inapplicable ; Inapplicable ; Inapplicable ; Inapplicable ; Pass      ; Inapplicable ; Inapplicable ; Inapplicable ; Inapplicable ; Inapplicable ; Inapplicable ; Inapplicable ; Pass         ; Inapplicable ; Inapplicable ; Inapplicable ; Inapplicable ; Pass         ; Inapplicable ; Inapplicable ; Inapplicable ; Inapplicable ; Pass         ; Inapplicable ; Pass      ; Pass      ; Pass      ; Inapplicable ; Inapplicable ;
; HEX1[6]            ; Inapplicable ; Inapplicable ; Inapplicable ; Inapplicable ; Inapplicable ; Pass      ; Inapplicable ; Inapplicable ; Inapplicable ; Inapplicable ; Inapplicable ; Inapplicable ; Inapplicable ; Pass         ; Inapplicable ; Inapplicable ; Inapplicable ; Inapplicable ; Pass         ; Inapplicable ; Inapplicable ; Inapplicable ; Inapplicable ; Pass         ; Inapplicable ; Pass      ; Pass      ; Pass      ; Inapplicable ; Inapplicable ;
; HEX0[0]            ; Inapplicable ; Inapplicable ; Inapplicable ; Inapplicable ; Inapplicable ; Pass      ; Inapplicable ; Inapplicable ; Inapplicable ; Inapplicable ; Inapplicable ; Inapplicable ; Inapplicable ; Pass         ; Inapplicable ; Inapplicable ; Inapplicable ; Inapplicable ; Pass         ; Inapplicable ; Inapplicable ; Inapplicable ; Inapplicable ; Pass         ; Inapplicable ; Pass      ; Pass      ; Pass      ; Inapplicable ; Inapplicable ;
; HEX0[1]            ; Inapplicable ; Inapplicable ; Inapplicable ; Inapplicable ; Inapplicable ; Pass      ; Inapplicable ; Inapplicable ; Inapplicable ; Inapplicable ; Inapplicable ; Inapplicable ; Inapplicable ; Pass         ; Inapplicable ; Inapplicable ; Inapplicable ; Inapplicable ; Pass         ; Inapplicable ; Inapplicable ; Inapplicable ; Inapplicable ; Pass         ; Inapplicable ; Pass      ; Pass      ; Pass      ; Inapplicable ; Inapplicable ;
; HEX0[2]            ; Inapplicable ; Inapplicable ; Inapplicable ; Inapplicable ; Inapplicable ; Pass      ; Inapplicable ; Inapplicable ; Inapplicable ; Inapplicable ; Inapplicable ; Inapplicable ; Inapplicable ; Pass         ; Inapplicable ; Inapplicable ; Inapplicable ; Inapplicable ; Pass         ; Inapplicable ; Inapplicable ; Inapplicable ; Inapplicable ; Pass         ; Inapplicable ; Pass      ; Pass      ; Pass      ; Inapplicable ; Inapplicable ;
; HEX0[3]            ; Inapplicable ; Inapplicable ; Inapplicable ; Inapplicable ; Inapplicable ; Pass      ; Inapplicable ; Inapplicable ; Inapplicable ; Inapplicable ; Inapplicable ; Inapplicable ; Inapplicable ; Pass         ; Inapplicable ; Inapplicable ; Inapplicable ; Inapplicable ; Pass         ; Inapplicable ; Inapplicable ; Inapplicable ; Inapplicable ; Pass         ; Inapplicable ; Pass      ; Pass      ; Pass      ; Inapplicable ; Inapplicable ;
; HEX0[4]            ; Inapplicable ; Inapplicable ; Inapplicable ; Inapplicable ; Inapplicable ; Pass      ; Inapplicable ; Inapplicable ; Inapplicable ; Inapplicable ; Inapplicable ; Inapplicable ; Inapplicable ; Pass         ; Inapplicable ; Inapplicable ; Inapplicable ; Inapplicable ; Pass         ; Inapplicable ; Inapplicable ; Inapplicable ; Inapplicable ; Pass         ; Inapplicable ; Pass      ; Pass      ; Pass      ; Inapplicable ; Inapplicable ;
; HEX0[5]            ; Inapplicable ; Inapplicable ; Inapplicable ; Inapplicable ; Inapplicable ; Pass      ; Inapplicable ; Inapplicable ; Inapplicable ; Inapplicable ; Inapplicable ; Inapplicable ; Inapplicable ; Pass         ; Inapplicable ; Inapplicable ; Inapplicable ; Inapplicable ; Pass         ; Inapplicable ; Inapplicable ; Inapplicable ; Inapplicable ; Pass         ; Inapplicable ; Pass      ; Pass      ; Pass      ; Inapplicable ; Inapplicable ;
; HEX0[6]            ; Inapplicable ; Inapplicable ; Inapplicable ; Inapplicable ; Inapplicable ; Pass      ; Inapplicable ; Inapplicable ; Inapplicable ; Inapplicable ; Inapplicable ; Inapplicable ; Inapplicable ; Pass         ; Inapplicable ; Inapplicable ; Inapplicable ; Inapplicable ; Pass         ; Inapplicable ; Inapplicable ; Inapplicable ; Inapplicable ; Pass         ; Inapplicable ; Pass      ; Pass      ; Pass      ; Inapplicable ; Inapplicable ;
; clk_50M            ; Inapplicable ; Inapplicable ; Inapplicable ; Inapplicable ; Inapplicable ; Pass      ; Inapplicable ; Inapplicable ; Inapplicable ; Inapplicable ; Inapplicable ; Inapplicable ; Inapplicable ; Inapplicable ; Inapplicable ; Inapplicable ; Inapplicable ; Pass         ; Inapplicable ; Inapplicable ; Pass         ; Inapplicable ; Inapplicable ; Inapplicable ; Inapplicable ; Pass      ; Pass      ; Pass      ; Inapplicable ; Inapplicable ;
; key_rst_n          ; Inapplicable ; Inapplicable ; Inapplicable ; Inapplicable ; Inapplicable ; Pass      ; Inapplicable ; Inapplicable ; Inapplicable ; Inapplicable ; Inapplicable ; Inapplicable ; Inapplicable ; Inapplicable ; Inapplicable ; Inapplicable ; Inapplicable ; Pass         ; Inapplicable ; Inapplicable ; Pass         ; Inapplicable ; Inapplicable ; Inapplicable ; Inapplicable ; Pass      ; Pass      ; Pass      ; Inapplicable ; Inapplicable ;
; key_inc            ; Inapplicable ; Inapplicable ; Inapplicable ; Inapplicable ; Inapplicable ; Pass      ; Inapplicable ; Inapplicable ; Inapplicable ; Inapplicable ; Inapplicable ; Inapplicable ; Inapplicable ; Inapplicable ; Inapplicable ; Inapplicable ; Inapplicable ; Pass         ; Inapplicable ; Inapplicable ; Pass         ; Inapplicable ; Inapplicable ; Inapplicable ; Inapplicable ; Pass      ; Pass      ; Pass      ; Inapplicable ; Inapplicable ;
; key_rst_num        ; Inapplicable ; Inapplicable ; Inapplicable ; Inapplicable ; Inapplicable ; Pass      ; Inapplicable ; Inapplicable ; Inapplicable ; Inapplicable ; Inapplicable ; Inapplicable ; Inapplicable ; Inapplicable ; Inapplicable ; Inapplicable ; Inapplicable ; Pass         ; Inapplicable ; Inapplicable ; Pass         ; Inapplicable ; Inapplicable ; Inapplicable ; Inapplicable ; Pass      ; Pass      ; Pass      ; Inapplicable ; Inapplicable ;
; key_dec            ; Inapplicable ; Inapplicable ; Inapplicable ; Inapplicable ; Inapplicable ; Pass      ; Inapplicable ; Inapplicable ; Inapplicable ; Inapplicable ; Inapplicable ; Inapplicable ; Inapplicable ; Inapplicable ; Inapplicable ; Inapplicable ; Inapplicable ; Pass         ; Inapplicable ; Inapplicable ; Pass         ; Inapplicable ; Inapplicable ; Inapplicable ; Inapplicable ; Pass      ; Pass      ; Pass      ; Inapplicable ; Inapplicable ;
; key_mode           ; Inapplicable ; Inapplicable ; Inapplicable ; Inapplicable ; Inapplicable ; Pass      ; Inapplicable ; Inapplicable ; Inapplicable ; Inapplicable ; Inapplicable ; Inapplicable ; Inapplicable ; Inapplicable ; Inapplicable ; Inapplicable ; Inapplicable ; Pass         ; Inapplicable ; Inapplicable ; Pass         ; Inapplicable ; Inapplicable ; Inapplicable ; Inapplicable ; Pass      ; Pass      ; Pass      ; Inapplicable ; Inapplicable ;
+--------------------+--------------+--------------+--------------+--------------+--------------+-----------+--------------+--------------+--------------+--------------+--------------+--------------+--------------+--------------+--------------+--------------+--------------+--------------+--------------+--------------+--------------+--------------+--------------+--------------+--------------+-----------+-----------+-----------+--------------+--------------+


+-----------------------------------------------------------------------------------------------+
; Fitter Device Options                                                                         ;
+------------------------------------------------------------------+----------------------------+
; Option                                                           ; Setting                    ;
+------------------------------------------------------------------+----------------------------+
; Enable user-supplied start-up clock (CLKUSR)                     ; Off                        ;
; Enable device-wide reset (DEV_CLRn)                              ; Off                        ;
; Enable device-wide output enable (DEV_OE)                        ; Off                        ;
; Enable INIT_DONE output                                          ; Off                        ;
; Configuration scheme                                             ; Active Serial              ;
; Error detection CRC                                              ; Off                        ;
; Enable input tri-state on active configuration pins in user mode ; Off                        ;
; Active Serial clock source                                       ; 40 MHz Internal Oscillator ;
; Configuration Voltage Level                                      ; Auto                       ;
; Force Configuration Voltage Level                                ; Off                        ;
; nCEO                                                             ; As output driving ground   ;
; Data[0]                                                          ; As input tri-stated        ;
; Data[1]/ASDO                                                     ; As input tri-stated        ;
; Data[7..2]                                                       ; Unreserved                 ;
; FLASH_nCE/nCSO                                                   ; As input tri-stated        ;
; DCLK                                                             ; As output driving ground   ;
; Base pin-out file on sameframe device                            ; Off                        ;
+------------------------------------------------------------------+----------------------------+


+------------------------------------+
; Operating Settings and Conditions  ;
+---------------------------+--------+
; Setting                   ; Value  ;
+---------------------------+--------+
; Nominal Core Voltage      ; 1.20 V ;
; Low Junction Temperature  ; 0 °C   ;
; High Junction Temperature ; 85 °C  ;
+---------------------------+--------+


+-----------------+
; Fitter Messages ;
+-----------------+
Warning (18236): Number of processors has not been specified which may cause overloading on shared machines.  Set the global assignment NUM_PARALLEL_PROCESSORS in your QSF to an appropriate value for best performance.
Info (20030): Parallel compilation is enabled and will use 16 of the 16 processors detected
Info (119004): Automatically selected device EP4CGX22CF19C6 for design century_clock_top
Info (119005): Fitting design with smaller device may be possible, but smaller device must be specified
Info (21076): High junction temperature operating condition is not set. Assuming a default value of '85'.
Info (21076): Low junction temperature operating condition is not set. Assuming a default value of '0'.
Info (171003): Fitter is performing an Auto Fit compilation, which may decrease Fitter effort to reduce compilation time
Warning (292013): Feature LogicLock is only available with a valid subscription license. You can purchase a software subscription to gain full access to this feature.
Info (176444): Device migration not selected. If you intend to use device migration later, you may need to change the pin assignments as they may be incompatible with other devices
    Info (176445): Device EP4CGX30CF19C6 is compatible
Info (169124): Fitter converted 5 user pins into dedicated programming pins
    Info (169125): Pin ~ALTERA_NCEO~ is reserved at location R6
    Info (169125): Pin ~ALTERA_DATA0~ is reserved at location A4
    Info (169125): Pin ~ALTERA_ASDO~ is reserved at location B4
    Info (169125): Pin ~ALTERA_NCSO~ is reserved at location C5
    Info (169125): Pin ~ALTERA_DCLK~ is reserved at location D5
Warning (15714): Some pins have incomplete I/O assignments. Refer to the I/O Assignment Warnings report for details
Critical Warning (169085): No exact pin location assignment(s) for 62 pins of 62 total pins. For the list of pins please refer to the I/O Assignment Warnings table in the fitter report.
Critical Warning (332012): Synopsys Design Constraints File file not found: 'century_clock_top.sdc'. A Synopsys Design Constraints File is required by the Timing Analyzer to get proper timing constraints. Without it, the Compiler will not properly optimize the design.
Info (332144): No user constrained base clocks found in the design
Info (332143): No user constrained clock uncertainty found in the design. Calling "derive_clock_uncertainty"
Info (332154): The derive_clock_uncertainty command did not apply clock uncertainty to any clock-to-clock transfers.
Info (332130): Timing requirements not specified -- quality metrics such as performance may be sacrificed to reduce compilation time.
Info (176353): Automatically promoted node clk_50M~input (placed in PIN M10 (CLK13, DIFFCLK_7n, REFCLK0n)) File: /home/numb/EDABK_Verilog/century_clock/century_clock_top.v Line: 3
    Info (176355): Automatically promoted destinations to use location or clock signal Global Clock CLKCTRL_G17
Info (176353): Automatically promoted node key_rst_n~input (placed in PIN M9 (CLK12, DIFFCLK_7p, REFCLK0p)) File: /home/numb/EDABK_Verilog/century_clock/century_clock_top.v Line: 6
    Info (176355): Automatically promoted destinations to use location or clock signal Global Clock CLKCTRL_G19
Info (176233): Starting register packing
Info (176235): Finished register packing
    Extra Info (176219): No registers were packed into other blocks
Info (176214): Statistics of I/O pins that need to be placed that use the same VCCIO and VREF, before I/O pin placement
    Info (176211): Number of I/O pins in group: 60 (unused VREF, 2.5V VCCIO, 4 input, 56 output, 0 bidirectional)
        Info (176212): I/O standards used: 2.5 V.
Info (176215): I/O bank details before I/O pin placement
    Info (176214): Statistics of I/O banks
        Info (176213): I/O bank number QL0 does not use VREF pins and has undetermined VCCIO pins. 0 total pin(s) used --  0 pins available
        Info (176213): I/O bank number 3 does not use VREF pins and has undetermined VCCIO pins. 1 total pin(s) used --  25 pins available
        Info (176213): I/O bank number 3A does not use VREF pins and has undetermined VCCIO pins. 2 total pin(s) used --  0 pins available
        Info (176213): I/O bank number 4 does not use VREF pins and has undetermined VCCIO pins. 0 total pin(s) used --  28 pins available
        Info (176213): I/O bank number 5 does not use VREF pins and has undetermined VCCIO pins. 0 total pin(s) used --  20 pins available
        Info (176213): I/O bank number 6 does not use VREF pins and has undetermined VCCIO pins. 0 total pin(s) used --  18 pins available
        Info (176213): I/O bank number 7 does not use VREF pins and has undetermined VCCIO pins. 0 total pin(s) used --  28 pins available
        Info (176213): I/O bank number 8A does not use VREF pins and has undetermined VCCIO pins. 0 total pin(s) used --  2 pins available
        Info (176213): I/O bank number 8 does not use VREF pins and has undetermined VCCIO pins. 0 total pin(s) used --  23 pins available
        Info (176213): I/O bank number 9 does not use VREF pins and has undetermined VCCIO pins. 4 total pin(s) used --  0 pins available
Info (171121): Fitter preparation operations ending: elapsed time is 00:00:01
Info (14896): Fitter has disabled Advanced Physical Optimization because it is not supported for the current family.
Info (170189): Fitter placement preparation operations beginning
Info (170190): Fitter placement preparation operations ending: elapsed time is 00:00:00
Info (170191): Fitter placement operations beginning
Info (170137): Fitter placement was successful
Info (170192): Fitter placement operations ending: elapsed time is 00:00:02
Info (170193): Fitter routing operations beginning
Info (170195): Router estimated average interconnect usage is 0% of the available device resources
    Info (170196): Router estimated peak interconnect usage is 2% of the available device resources in the region that extends from location X39_Y21 to location X52_Y30
Info (170199): The Fitter performed an Auto Fit compilation.  Optimizations were skipped to reduce compilation time.
    Info (170201): Optimizations that may affect the design's routability were skipped
Info (170194): Fitter routing operations ending: elapsed time is 00:00:00
Info (11888): Total time spent on timing analysis during the Fitter is 0.14 seconds.
Info (334003): Started post-fitting delay annotation
Info (334004): Delay annotation completed successfully
Info (334003): Started post-fitting delay annotation
Info (334004): Delay annotation completed successfully
Info (11218): Fitter post-fit operations ending: elapsed time is 00:00:01
Warning (169177): 2 pins must meet Intel FPGA requirements for 3.3-, 3.0-, and 2.5-V interfaces. For more information, refer to AN 447: Interfacing Cyclone IV GX Devices with 3.3/3.0/2.5-V LVTTL/LVCMOS I/O Systems.
    Info (169178): Pin clk_50M uses I/O standard 2.5 V at M10 File: /home/numb/EDABK_Verilog/century_clock/century_clock_top.v Line: 3
    Info (169178): Pin key_rst_n uses I/O standard 2.5 V at M9 File: /home/numb/EDABK_Verilog/century_clock/century_clock_top.v Line: 6
Info (144001): Generated suppressed messages file /home/numb/EDABK_Verilog/century_clock/output_files/century_clock_top.fit.smsg
Info: Quartus Prime Fitter was successful. 0 errors, 6 warnings
    Info: Peak virtual memory: 2040 megabytes
    Info: Processing ended: Thu Aug 27 17:00:28 2026
    Info: Elapsed time: 00:00:06
    Info: Total CPU time (on all processors): 00:00:09


+----------------------------+
; Fitter Suppressed Messages ;
+----------------------------+
The suppressed messages can be found in /home/numb/EDABK_Verilog/century_clock/output_files/century_clock_top.fit.smsg.


